player_name,team,league,season,position_group,age,minutes_played,matches_played,contract_years_left,age_squared,assists_p90,crosses_p90,foot,fouls_committed_p90,fouls_drawn_p90,goals_p90,height_cm,interceptions_p90,penalties_scored,starts_ratio,tackles_p90,team_points,team_position,xa_p90,xg_p90,yellow_cards_p90,market_value_eur,pred_general_eur,residuo_general,pred_scouting_eur,residuo_scouting
Ibrahim Diabaté,Alavés,ESP,2025-2026,Delantero,25.0,578,10.0,3.0006844626967832,625.0,0.0,0.0,,0.9342560553633218,0.7785467128027682,0.31141868512110726,,0.31141868512110726,0.0,0.6,0.15570934256055363,43,14,0.02304463002792073,0.4246241232270704,0.15570934256055363,50000.0,4055868.3020491,0.012327816456648525,5144215.886396767,0.009719654288269418
Al-Musrati,Hellas Verona,ITA,2025-2026,Centrocampista,29.0,844,18.0,,841.0,0.1066350710900474,0.2132701421800948,,1.599526066350711,0.31990521327014215,0.0,,1.1729857819905212,0.0,0.4444444444444444,0.7464454976303319,21,19,,,0.6398104265402843,75000.0,1556197.9474109334,0.04819438306340043,2772757.7786898986,0.02704888273199139
Víctor García,Levante,ESP,2025-2026,Centrocampista,27.0,1040,21.0,2.001368925393566,729.0,0.08653846153846154,5.625,right,1.125,0.951923076923077,0.17307692307692307,178.0,0.6057692307692308,0.0,0.5714285714285714,1.2980769230769231,42,18,0.15282089736026067,0.16509927796701399,0.08653846153846154,200000.0,2517509.8240359616,0.07944358273818719,4919332.485225194,0.04065592244490149
Pablo,West Ham,ENG,2025-2026,Centrocampista,21.0,823,14.0,,441.0,0.10935601458080194,0.5467800729040098,right,2.5151883353584448,0.8748481166464155,0.0,188.0,0.5467800729040098,0.0,0.7142857142857143,1.5309842041312272,39,18,0.14137233152560083,0.15566407172133825,0.0,350000.0,12270065.8475328,0.028524704296544273,7356895.841515545,0.04757441284201991
Josan,Elche,ESP,2025-2026,Centrocampista,35.0,565,19.0,0.999315537303217,1225.0,0.47787610619469023,11.469026548672566,right,0.7964601769911505,0.9557522123893805,0.0,176.0,0.9557522123893805,0.0,0.21052631578947367,1.2743362831858407,43,13,0.46472620443168994,0.04440594154649077,0.3185840707964602,100000.0,482016.66271396895,0.2074617077280179,1837989.104392311,0.054407286616131874
Joshua King,Fulham,ENG,2025-2026,Centrocampista,18.0,1308,32.0,0.999315537303217,324.0,0.13761467889908258,0.8256880733944955,right,0.8944954128440367,2.064220183486239,0.06880733944954129,187.0,0.20642201834862386,0.0,0.46875,0.8256880733944955,52,11,0.07152965785764637,0.26144085588668464,0.27522935779816515,1200000.0,36688691.31467668,0.03270762616490386,13152319.950263262,0.09123865633879902
Stefan Schimmer,Heidenheim,GER,2025-2026,Delantero,31.0,820,27.0,0.999315537303217,961.0,0.10975609756097561,1.0975609756097562,right,1.4268292682926829,0.5487804878048781,0.5487804878048781,185.0,0.43902439024390244,0.0,0.1111111111111111,0.43902439024390244,26,17,0.18122157393159663,0.6492295735856382,0.10975609756097561,300000.0,872943.3942574991,0.34366489508196746,2857422.8316866583,0.10498971194365317
Joel Mvuka,Lorient,FRA,2025-2026,Centrocampista,22.0,560,15.0,4.0,484.0,0.0,1.9285714285714286,right,0.6428571428571428,1.7678571428571428,0.0,176.0,0.9642857142857143,0.0,0.3333333333333333,2.0892857142857144,45,9,0.16227907058782876,0.1120978394589786,0.0,1500000.0,5907484.327143522,0.2539151890945944,13386849.503166448,0.11205026243442855
Julian Niehues,Heidenheim,GER,2025-2026,Centrocampista,24.0,1383,24.0,0.999315537303217,576.0,0.0,0.19522776572668113,right,0.6507592190889371,0.5856832971800434,0.19522776572668113,195.0,1.4967462039045554,0.0,0.7083333333333334,0.6507592190889371,26,17,0.04741270547639781,0.13654203600615844,0.0650759219088937,1500000.0,4698887.844114643,0.31922447391008707,13346357.39553951,0.11239021671196334
Ibou Sané,Metz,FRA,2025-2026,Delantero,20.0,541,16.0,2.001368925393566,400.0,0.16635859519408502,2.3290203327171906,right,1.497227356746765,2.4953789279112755,0.16635859519408502,179.0,0.16635859519408502,0.0,0.3125,0.49907578558225507,17,18,0.15696788396059697,0.055170149616415094,0.33271719038817005,900000.0,2182396.6059569414,0.4123906706706805,7800502.644381162,0.11537718029597563
Adam Dźwigała,St Pauli,GER,2025-2026,Defensa,29.0,1288,19.0,0.999315537303217,841.0,0.06987577639751552,0.13975155279503104,right,1.3975155279503106,0.4192546583850932,0.06987577639751552,185.0,1.746894409937888,0.0,0.7368421052631579,1.8866459627329193,26,18,,,0.34937888198757766,800000.0,1900861.960461702,0.42086170202789863,6499302.391715329,0.12309013364569114
Kareem Tunde,Levante,ESP,2025-2026,Centrocampista,19.0,1133,21.0,4.0,361.0,0.0794351279788173,0.8737864077669902,left,1.2709620476610768,1.9064430714916154,0.0,177.0,1.1120917917034423,0.0,0.8095238095238095,0.8737864077669902,42,18,0.05020043787210259,0.10282565749990973,0.23830538393645193,2000000.0,7624225.403258874,0.2623217303026123,15633679.32734381,0.1279289384234673
Alan Matturro,Levante,ESP,2025-2026,Defensa,20.0,947,19.0,5.084188911704312,400.0,0.09503695881731784,0.0,left,0.6652587117212249,0.9503695881731785,0.09503695881731784,189.0,0.5702217529039071,0.0,0.5263157894736842,1.2354804646251318,42,18,0.11392931512890359,0.08904640447769271,0.0,4000000.0,6937102.398122113,0.5766096232171529,29958720.077949557,0.1335170524505855
Patrick Mainka,Heidenheim,GER,2025-2026,Defensa,30.0,3060,34.0,3.0006844626967832,900.0,0.058823529411764705,0.0,right,0.29411764705882354,0.5882352941176471,0.058823529411764705,194.0,1.0588235294117647,0.0,1.0,0.8823529411764706,26,17,0.05207000289331464,0.08906485923730276,0.029411764705882353,2500000.0,2722835.260204842,0.9181605793557713,18205629.30136766,0.1373201639238141
Lucas Ahijado,Oviedo,ESP,2025-2026,Defensa,30.0,1098,20.0,,900.0,0.08196721311475409,1.3114754098360655,right,1.1475409836065575,0.2459016393442623,0.0,174.0,1.3934426229508197,0.0,0.55,2.377049180327869,29,20,0.11136388742044324,0.09194357626017977,0.2459016393442623,600000.0,1159368.3902575034,0.5175231660979959,4367400.36947114,0.137381496826831
Timothée Kolodziejczak,Paris FC,FRA,2025-2026,Defensa,33.0,662,11.0,,1089.0,0.0,0.0,left,1.0876132930513596,0.13595166163141995,0.0,183.0,0.9516616314199396,0.0,0.6363636363636364,0.8157099697885197,76,1,0.004994855360817333,0.005825311283150468,0.2719033232628399,150000.0,1673940.7676943478,0.08960890546121711,1087802.7618191198,0.13789264493974696
Sambou Soumano,Lorient,FRA,2025-2026,Delantero,24.0,941,31.0,4.0,576.0,0.19128586609989373,0.0,right,1.5302869287991498,1.7215727948990438,0.38257173219978746,182.0,0.38257173219978746,0.0,0.25806451612903225,0.38257173219978746,45,9,0.17280296437386877,0.6510714391260294,0.19128586609989373,3500000.0,4566580.608420331,0.7664378010860774,25279288.710463427,0.1384532626723514
Kervin Arriaga,Levante,ESP,2025-2026,Centrocampista,27.0,1532,27.0,4.0,729.0,0.1762402088772846,0.29373368146214096,right,1.2924281984334205,1.2924281984334205,0.1762402088772846,191.0,0.8224543080939948,0.0,0.5925925925925926,1.5274151436031334,42,18,0.06827777136097767,0.06408340196117915,0.4699738903394256,2000000.0,3677151.9740296984,0.5438991953895912,14304411.199698642,0.13981700973767694
Terry Yegbe,Metz,FRA,2025-2026,Defensa,24.0,1963,24.0,4.0,576.0,0.04584819154355578,0.22924095771777891,left,0.87111563932756,0.36678553234844624,0.0,195.0,1.0086602139582272,0.0,0.9166666666666666,0.32093734080489045,17,18,0.02017007412894672,0.058835747429244196,0.13754457463066735,3000000.0,3449832.5658649434,0.8696074208598117,20847448.204451174,0.14390250406567576
Francesco Folino,Cremonese,ITA,2025-2026,Defensa,23.0,722,18.0,0.0,529.0,0.0,0.12465373961218837,right,1.371191135734072,1.1218836565096955,0.12465373961218837,192.0,0.24930747922437674,0.0,0.3888888888888889,0.4986149584487535,34,18,0.0020034747698713207,0.04587001943769878,0.12465373961218837,800000.0,2778502.7955514425,0.2879248497719168,5546649.050875793,0.14423122729816182
Corrie Ndaba,Lecce,ITA,2025-2026,Defensa,25.0,543,14.0,2.001368925393566,625.0,0.0,0.6629834254143646,left,0.3314917127071823,0.0,0.0,188.0,0.49723756906077343,0.0,0.42857142857142855,0.6629834254143646,38,17,0.008489843869571528,0.021444308000374893,0.0,900000.0,2255085.3190286895,0.39909798197242846,6097507.4063761765,0.14760129672968794
Domingos Duarte,Getafe,ESP,2025-2026,Defensa,30.0,2923,34.0,,900.0,0.030790283954840916,0.0,,0.9852890865549093,0.738966814916182,0.030790283954840916,,1.0160793705097504,0.0,1.0,0.5542251111871366,51,7,0.027963263984722427,0.025568239963089323,0.3386931235032501,800000.0,3954369.146259231,0.20230787020902866,5238783.045009787,0.1527072209569819
Lamine Sy,Auxerre,FRA,2025-2026,Defensa,22.0,1536,24.0,4.0,484.0,0.0,2.75390625,right,1.40625,0.8203125,0.0,171.0,1.5234375,0.0,0.7083333333333334,1.69921875,34,15,0.08601240388088627,0.06241678089281777,0.05859375,2500000.0,6470658.301535908,0.3863594527015261,15846297.431516422,0.15776556074403816
Domagoj Bradarić,Hellas Verona,ITA,2025-2026,Centrocampista,25.0,1966,29.0,2.001368925393566,625.0,0.04577822990844354,4.944048830111902,left,0.3662258392675483,0.4577822990844354,0.0,178.0,0.41200406917599186,0.0,0.7931034482758621,0.9155645981688708,21,19,0.13708615666094293,0.02759776984380287,0.09155645981688708,1500000.0,3482333.4763761354,0.43074565091938405,9281190.69765749,0.1616171942656657
Aaron Zehnter,Wolfsburg,GER,2025-2026,Defensa,20.0,1456,20.0,4.0,400.0,0.0,2.2252747252747254,left,0.12362637362637363,0.0,0.12362637362637363,180.0,0.989010989010989,0.0,0.85,0.6181318681318682,29,16,0.06514423503796314,0.11185832578141325,0.0,5000000.0,10966538.357544996,0.4559323860441332,28416839.658772137,0.17595200803607045
David López,Mallorca,ESP,2025-2026,Defensa,22.0,837,14.0,0.999315537303217,484.0,0.0,0.0,right,1.3978494623655913,0.4301075268817204,0.0,185.0,0.967741935483871,0.0,0.6428571428571429,0.7526881720430108,42,17,0.0,0.07037057030585504,0.2150537634408602,600000.0,2432686.702596575,0.24664088448363633,3401515.218692949,0.17639197869899675
Pontus Almqvist,Parma,ITA,2025-2026,Centrocampista,26.0,457,13.0,0.999315537303217,676.0,0.19693654266958424,1.3785557986870898,left,1.1816192560175054,2.7571115973741795,0.0,183.0,1.1816192560175054,0.0,0.3076923076923077,1.1816192560175054,45,12,0.3583362310537885,0.06646690894268796,0.0,1800000.0,5899941.133841344,0.30508778971970063,10057831.799693525,0.1789650131209043
Warren Kamanzi,Toulouse,FRA,2025-2026,Centrocampista,24.0,870,24.0,3.5044490075290895,576.0,0.10344827586206896,1.2413793103448276,right,0.8275862068965517,0.8275862068965517,0.10344827586206896,177.0,0.7241379310344828,0.0,0.2916666666666667,1.1379310344827587,44,10,0.05756824380107995,0.15565065647764453,0.10344827586206896,1200000.0,3709716.010813517,0.3234748957877365,6664642.089808726,0.1800546801807987
Kevin Diks,Gladbach,GER,2025-2026,Defensa,28.0,2464,30.0,4.0,784.0,0.0,0.18262987012987011,right,0.5478896103896104,0.8035714285714285,0.18262987012987011,186.0,0.8766233766233766,4.0,0.9333333333333333,1.0957792207792207,38,12,0.025719352612308188,0.15284127715291673,0.21915584415584416,5000000.0,8062235.443859811,0.6201753886768457,27612117.26551836,0.1810799205261935
Budu Zivzivadze,Heidenheim,GER,2025-2026,Delantero,31.0,1142,20.0,3.0006844626967832,961.0,0.0,0.47285464098073554,both,1.182136602451839,1.0245183887915936,0.47285464098073554,189.0,0.0788091068301226,0.0,0.7,0.7880910683012259,26,17,0.07160881537480863,0.4586671275166622,0.1576182136602452,1200000.0,1579640.9892894286,0.759666283754638,6490342.049614717,0.18489010145023635
Maxime Colin,Metz,FRA,2025-2026,Defensa,33.0,1692,22.0,0.999315537303217,1089.0,0.0,0.6382978723404256,right,0.5319148936170213,0.3723404255319149,0.0,180.0,1.2765957446808511,0.0,0.8181818181818182,1.595744680851064,17,18,0.01151473637908063,0.012345176507183845,0.05319148936170213,250000.0,595720.9080048751,0.4196596034160918,1332525.1929636705,0.18761371366193444
Bakery Jatta,Hamburger SV,GER,2025-2026,Centrocampista,27.0,911,15.0,3.0006844626967832,729.0,0.09879253567508232,1.8770581778265643,right,1.2843029637760703,0.4939626783754117,0.09879253567508232,184.0,0.7903402854006586,0.0,0.8,1.0867178924259056,38,13,0.029298228740234144,0.15287366670144376,0.09879253567508232,1000000.0,2795417.734596873,0.3577282878418205,5294776.760980854,0.188865375282555
Raúl Moro,Osasuna,ESP,2025-2026,Centrocampista,22.0,625,14.0,4.999315537303217,484.0,0.28800000000000003,4.032,right,0.28800000000000003,0.8639999999999999,0.0,169.0,0.14400000000000002,0.0,0.5,0.0,42,16,0.24549386483430863,0.0333067282140255,0.0,3500000.0,9381462.61645047,0.3730761548697878,18320764.048236977,0.1910400674767059
Giorgi Abuashvili,Metz,FRA,2025-2026,Centrocampista,22.0,698,23.0,0.999315537303217,484.0,0.0,4.899713467048711,right,1.0315186246418337,1.4183381088825215,0.25787965616045844,175.0,0.6446991404011462,0.0,0.2608695652173913,1.0315186246418337,17,18,0.07416182269681149,0.15257708142567586,0.12893982808022922,1000000.0,1537010.8250637725,0.650613504923434,5225758.578141807,0.19135977773308913
Dermane Karim,Lorient,FRA,2025-2026,Centrocampista,21.0,1365,30.0,3.0006844626967832,441.0,0.13186813186813187,1.120879120879121,right,1.3846153846153846,2.571428571428571,0.06593406593406594,178.0,0.6593406593406593,0.0,0.5,1.120879120879121,45,9,0.16331418603658676,0.08963615627406718,0.1978021978021978,2500000.0,9122096.947219897,0.2740597928814947,13057976.4694,0.19145386008762447
Fodé Doucouré,Le Havre,FRA,2025-2026,Centrocampista,24.0,1239,26.0,3.0006844626967832,576.0,0.07263922518159806,5.665859564164649,right,1.0169491525423728,0.29055690072639223,0.2179176755447942,172.0,0.6537530266343826,0.0,0.5769230769230769,1.8886198547215496,35,14,0.1823027823887062,0.18775212749856868,0.14527845036319612,2000000.0,4434629.365450212,0.4509959762549302,10317682.263893936,0.1938419839694881
Lars Ritzka,St Pauli,GER,2025-2026,Centrocampista,27.0,966,21.0,,729.0,0.0,1.6770186335403727,left,0.9316770186335404,0.2795031055900621,0.0,185.0,1.2111801242236024,0.0,0.5714285714285714,2.422360248447205,26,18,0.08157521584620757,0.021031512907758263,0.09316770186335405,1000000.0,1489076.2263082725,0.671557293261747,5057021.285275664,0.19774486670872077
Mohamed Bamba,Lorient,FRA,2025-2026,Delantero,23.0,682,18.0,2.001368925393566,529.0,0.26392961876832843,0.3958944281524927,right,2.2434017595307916,1.0557184750733137,0.13196480938416422,185.0,0.26392961876832843,0.0,0.3888888888888889,0.26392961876832843,45,9,0.21549140755906482,0.3796024895286805,0.3958944281524927,2000000.0,4572424.5595374955,0.43740470158840666,10049983.552314641,0.1990053008135893
Fodé Ballo-Touré,Metz,FRA,2025-2026,Defensa,28.0,836,13.0,,784.0,0.0,1.7224880382775118,left,1.3995215311004785,1.937799043062201,0.0,182.0,0.5382775119617225,0.0,0.8461538461538461,1.7224880382775118,17,18,,,0.21531100478468898,900000.0,1493193.1581696249,0.6027351485478486,4430877.034130736,0.20312005796309915
Victor Parada,Alavés,ESP,2025-2026,Defensa,23.0,2146,30.0,4.0,529.0,0.12581547064305684,1.3000931966449207,left,1.2162162162162162,0.6290773532152842,0.0,185.0,0.3774464119291705,0.0,0.8333333333333334,0.587138863000932,43,14,0.09967521375057331,0.07821768255364445,0.3774464119291705,4000000.0,6748002.202151298,0.5927680341782905,19636528.860231366,0.20370198971881176
Zaid Romero,Getafe,ESP,2025-2026,Defensa,25.0,1349,15.0,4.0,625.0,0.0,0.26686434395848774,left,0.7338769458858414,0.8005930318754633,0.06671608598962193,192.0,1.8680504077094142,0.0,1.0,1.5344699777613044,51,7,0.006022931658576558,0.06706681924066427,0.3335804299481097,2500000.0,10857252.59352189,0.2302608305798886,12167291.316538623,0.2054689030583025
William Mikelbrencis,Hamburger SV,GER,2025-2026,Centrocampista,21.0,1372,26.0,,441.0,0.26239067055393583,3.542274052478134,right,1.1807580174927115,0.3279883381924198,0.0,179.0,0.3935860058309038,0.0,0.5769230769230769,1.4431486880466473,38,13,0.18476849873943946,0.09632153902881652,0.1967930029154519,3000000.0,6061414.466675778,0.4949339822401669,14549493.502004482,0.20619274475683227
Kwon Hyeokkyu,Nantes,FRA,2025-2026,Centrocampista,24.0,753,12.0,,576.0,0.0,0.1195219123505976,right,1.3147410358565736,1.1952191235059761,0.0,192.0,0.7171314741035857,0.0,0.75,0.7171314741035857,23,17,,,0.2390438247011952,1000000.0,2283490.9188618474,0.43792598067279664,4793521.427863902,0.20861490139319597
Paco Cortés,Levante,ESP,2025-2026,Centrocampista,17.0,472,12.0,2.001368925393566,289.0,0.0,3.813559322033898,right,1.1440677966101696,1.1440677966101696,0.0,178.0,0.3813559322033898,0.0,0.3333333333333333,0.1906779661016949,42,18,0.19417523919462654,0.10246743333636452,0.3813559322033898,1500000.0,4873529.717833562,0.3077851345629626,7140391.666226723,0.21007251004098795
Sergio Camello,Rayo Vallecano,ESP,2025-2026,Delantero,24.0,823,22.0,0.999315537303217,576.0,0.10935601458080194,0.32806804374240583,right,0.8748481166464155,1.5309842041312272,0.5467800729040098,182.0,0.43742405832320774,0.0,0.36363636363636365,0.8748481166464155,50,8,0.1740559058112261,0.42501556688188635,0.32806804374240583,3000000.0,4845347.616080847,0.6191506240013686,14115756.694041964,0.2125284577387376
Ángel Pérez,Alavés,ESP,2025-2026,Centrocampista,22.0,1288,16.0,4.0,484.0,0.2096273291925466,5.9394409937888195,right,1.1180124223602483,1.187888198757764,0.06987577639751552,183.0,0.6288819875776398,0.0,0.875,0.9083850931677019,43,14,0.14452593091597654,0.08441217657271194,0.2795031055900621,3000000.0,7172925.182265419,0.4182394105290964,14110167.341199357,0.2126126450138189
Heorhii Tsitaishvili,Metz,FRA,2025-2026,Centrocampista,24.0,2449,33.0,3.0006844626967832,576.0,0.07349938750510412,5.87995100040833,left,0.8452429563086974,1.3229889750918744,0.11024908125765619,171.0,0.5144957125357289,0.0,0.8484848484848485,0.44099632503062475,17,18,,,0.11024908125765619,3000000.0,4072287.627631868,0.7366866671312634,13868964.106549155,0.2163103153885408
Iker Losada,Levante,ESP,2025-2026,Centrocampista,23.0,902,23.0,3.0006844626967832,529.0,0.09977827050997783,2.1951219512195124,right,0.5986696230598669,0.6984478935698448,0.29933481152993346,175.0,0.9977827050997784,0.0,0.43478260869565216,1.1973392461197339,42,18,0.052899490946907955,0.21355759457761458,0.09977827050997783,1800000.0,3453570.8237070222,0.5211996776333375,8261045.849731184,0.2178900871320757
Walid Cheddira,Lecce,ITA,2025-2026,Delantero,27.0,1000,17.0,4.0,729.0,0.09,0.36,right,1.8,2.25,0.27,187.0,0.09,0.0,0.6470588235294118,0.27,38,17,0.05463692368939519,0.4099952947720885,0.18,2000000.0,5160396.449265743,0.3875671219571849,9159943.635703854,0.2183419548788871
Michel Mboula,Metz,FRA,2025-2026,Defensa,22.0,746,14.0,2.001368925393566,484.0,0.0,0.9651474530831099,left,1.0857908847184985,1.3270777479892761,0.0,185.0,1.809651474530831,0.0,0.7142857142857143,1.2064343163538873,17,18,0.0,0.0132736191652895,0.24128686327077747,900000.0,1335917.7751657024,0.6736941574778936,4105149.6724729016,0.21923682978843714
Issa Soumaré,Le Havre,FRA,2025-2026,Delantero,24.0,2948,34.0,4.0,576.0,0.15264586160108548,1.862279511533243,right,1.7096336499321574,2.259158751696065,0.24423337856173674,184.0,0.36635006784260515,1.0,0.9705882352941176,0.6105834464043419,35,14,0.13373042094133278,0.434897642142267,0.09158751696065129,8000000.0,11205723.112559663,0.7139209062763111,35892045.54964597,0.2228906120420019
Jan Schöppner,Heidenheim,GER,2025-2026,Centrocampista,26.0,2252,31.0,2.001368925393566,676.0,0.11989342806394317,0.5595026642984015,right,0.839253996447602,0.6793960923623446,0.11989342806394317,190.0,1.2788632326820604,0.0,0.9354838709677419,0.6793960923623446,26,17,0.1189906650833243,0.11066627576219357,0.1998223801065719,3000000.0,4835185.150383953,0.6204519385905575,13305905.895450383,0.22546379206137132
Mathias Honsak,Heidenheim,GER,2025-2026,Centrocampista,28.0,1249,27.0,0.999315537303217,784.0,0.07205764611689351,1.8014411529223378,left,0.7926341072858287,1.0808646917534028,0.14411529223378702,188.0,1.2249799839871898,0.0,0.5555555555555556,0.8646917534027221,26,17,0.10417822529200174,0.23912380430832494,0.07205764611689351,1700000.0,2387953.2655324233,0.7119067297244464,7513251.154573251,0.22626689365564798
Michael Gregoritsch,Augsburg,GER,2025-2026,Delantero,31.0,913,17.0,0.999315537303217,961.0,0.19715224534501644,0.5914567360350492,left,0.4928806133625411,1.774370208105148,0.5914567360350492,193.0,0.4928806133625411,1.0,0.6470588235294118,0.39430449069003287,43,9,0.1496851769850262,0.6126951355474868,0.19715224534501644,1500000.0,2874420.311435077,0.5218443503313241,6556541.194054172,0.2287791620008857
Tosin Aiyegun,Lorient,FRA,2025-2026,Delantero,27.0,1073,27.0,0.999315537303217,729.0,0.0,0.5032618825722274,right,0.9226467847157503,1.0904007455731595,0.4193849021435228,179.0,0.08387698042870456,0.0,0.4074074074074074,0.4193849021435228,45,9,,,0.08387698042870456,1800000.0,3240338.1531163896,0.5554975792476637,7864868.48439496,0.2288658740538969
Manu Morlanes,Mallorca,ESP,2025-2026,Centrocampista,26.0,1765,32.0,2.001368925393566,676.0,0.0,0.5609065155807366,right,1.4277620396600568,0.6118980169971672,0.1529745042492918,178.0,0.9688385269121813,0.0,0.6875,1.529745042492918,42,17,,,0.254957507082153,2400000.0,3912906.3822661527,0.6133548226139887,10473421.058818817,0.22915148608287403
Malthe Hojholt,Pisa,ITA,2025-2026,Centrocampista,24.0,850,17.0,3.0006844626967832,576.0,0.0,0.4235294117647058,right,1.3764705882352941,0.5294117647058824,0.0,182.0,0.9529411764705882,0.0,0.5294117647058824,0.8470588235294116,18,20,,,0.2117647058823529,1200000.0,2617869.831472618,0.4583879555711025,5208460.189352548,0.23039438843232654
Adam Smith,Bournemouth,ENG,2025-2026,Defensa,34.0,1077,22.0,0.999315537303217,1156.0,0.1671309192200557,1.0863509749303621,right,1.5877437325905293,0.9192200557103064,0.0,174.0,0.8356545961002785,0.0,0.6363636363636364,1.0027855153203342,57,6,0.041654358506410236,0.0,0.25069637883008355,300000.0,1257390.7759946906,0.23858931187297558,1299102.642940993,0.23092863495438706
Ramón Terrats,Espanyol,ESP,2025-2026,Centrocampista,24.0,1030,29.0,3.0006844626967832,576.0,0.17475728155339806,2.621359223300971,left,1.3106796116504855,1.9223300970873787,0.08737864077669903,181.0,0.9611650485436893,0.0,0.41379310344827586,1.1359223300970873,46,11,0.20667587904241477,0.10389741910711944,0.0,3000000.0,5169193.906186692,0.5803612815548442,12720250.12817311,0.23584441892031113
Ignatius Ganago,Nantes,FRA,2025-2026,Delantero,26.0,839,13.0,0.999315537303217,676.0,0.10727056019070322,0.965435041716329,right,1.1799761620977354,1.3945172824791419,0.3218116805721096,176.0,0.21454112038140644,1.0,0.7692307692307693,0.3218116805721096,23,17,0.08773827217119669,0.375795057609553,0.10727056019070322,2000000.0,3194237.4862498436,0.6261275213910523,8466205.345998408,0.23623334401466053
Marcus Pedersen,Torino,ITA,2025-2026,Centrocampista,25.0,2134,29.0,4.0,625.0,0.08434864104967198,4.639175257731958,right,1.3074039362699157,0.2530459231490159,0.04217432052483599,184.0,0.42174320524835984,0.0,0.7931034482758621,0.5904404873477038,45,13,0.12179399447754766,0.06852533224002993,0.12652296157450796,3500000.0,9409135.544986358,0.37197891169343067,14767454.29598104,0.2370076744339425
Manu Fernández,Celta Vigo,ESP,2025-2026,Defensa,24.0,758,14.0,3.0006844626967832,576.0,0.0,0.0,right,0.9498680738786279,0.8311345646437995,0.0,185.0,0.8311345646437995,0.0,0.6428571428571429,1.0686015831134563,54,6,,,0.23746701846965698,1500000.0,5988279.480378804,0.25048931081371534,6264928.697279296,0.23942810405031634
James Sands,St Pauli,GER,2025-2026,Centrocampista,25.0,1934,24.0,4.0,625.0,0.0,0.4188210961737332,right,1.2099276111685626,1.7683557394002067,0.04653567735263703,186.0,1.907962771458118,0.0,0.9583333333333334,1.0703205791106516,26,18,0.04496202400607185,0.04043398755328054,0.1861427094105481,5000000.0,6404776.23373061,0.7806673984436197,20740348.85508103,0.24107598357850601
Eray Cömert,Valencia,ESP,2025-2026,Defensa,27.0,1337,17.0,2.001368925393566,729.0,0.06731488406881077,0.06731488406881077,right,0.605833956619297,0.87509349289454,0.13462976813762154,183.0,1.413612565445026,0.0,0.8823529411764706,0.9424083769633509,49,9,0.03525163506756055,0.1023374005341338,0.20194465220643232,2500000.0,4866217.263077604,0.5137460710948392,10362935.835067162,0.2412443770557996
Tanguy Nianzou,Sevilla,ESP,2025-2026,Defensa,23.0,655,12.0,2.001368925393566,529.0,0.0,0.0,right,2.0610687022900764,0.8244274809160306,0.0,191.0,0.549618320610687,0.0,0.6666666666666666,1.3740458015267174,43,15,,,0.6870229007633587,1200000.0,4112579.6416484728,0.2917876623828727,4970808.773470775,0.2414094073391848
Sirlord Conteh,Heidenheim,GER,2025-2026,Centrocampista,29.0,625,15.0,0.999315537303217,841.0,0.14400000000000002,2.448,right,1.008,1.44,0.28800000000000003,178.0,0.5760000000000001,0.0,0.2,1.008,26,17,0.0889873496890068,0.4582324569225311,0.14400000000000002,1200000.0,1316188.7304699628,0.9117233510816674,4963771.171133971,0.24175167601971884
Ivan Smolčić,Como,ITA,2025-2026,Defensa,24.0,1662,28.0,4.999315537303217,576.0,0.05415162454873646,1.5703971119133573,right,1.407942238267148,0.92057761732852,0.0,181.0,1.2454873646209386,0.0,0.6785714285714286,1.2996389891696751,71,4,0.07899381253962483,0.06122006775831488,0.4332129963898917,3500000.0,15346914.711929746,0.22805886822836877,14421433.804592742,0.24269431510238376
Nobel Mendy,Rayo Vallecano,ESP,2025-2026,Defensa,20.0,1797,24.0,4.999315537303217,400.0,0.0,0.3005008347245409,left,1.6026711185308848,0.6010016694490818,0.1001669449081803,187.0,1.1519198664440735,0.0,0.9166666666666666,0.7512520868113522,50,8,0.01801922550434262,0.10941354349529206,0.4507512520868113,7500000.0,12933691.40446213,0.579880852686225,30883259.054325752,0.24285001744171464
Karol Mets,St Pauli,GER,2025-2026,Defensa,32.0,1932,23.0,2.001368925393566,1024.0,0.0,0.2795031055900621,left,0.6055900621118012,0.5124223602484472,0.04658385093167702,191.0,1.0248447204968945,0.0,0.9565217391304348,1.0248447204968945,26,18,0.007868322879307388,0.035944639434690895,0.13975155279503104,600000.0,1036255.0751191309,0.5790080207144195,2459993.528627563,0.2439030806453957
Marc Aguado,Elche,ESP,2025-2026,Centrocampista,25.0,2500,35.0,0.999315537303217,625.0,0.07200000000000001,0.07200000000000001,,0.9,0.828,0.036000000000000004,,1.512,0.0,0.8571428571428571,0.9359999999999999,43,13,0.020688138741999866,0.007787393689155579,0.10799999999999998,3500000.0,6082206.265535139,0.5754490800209741,14221472.784453826,0.24610671855491772
Adrian Beck,Heidenheim,GER,2025-2026,Centrocampista,28.0,868,24.0,0.999315537303217,784.0,0.10368663594470046,1.5552995391705071,right,1.3479262672811059,1.4516129032258065,0.10368663594470046,186.0,0.3110599078341014,0.0,0.375,1.7626728110599077,26,17,0.2625731577504478,0.10422633239819157,0.10368663594470046,1500000.0,1752329.7390361705,0.8560032775709446,6064991.476915686,0.2473210400557423
Fredrik Oppegard,Auxerre,FRA,2025-2026,Centrocampista,22.0,1246,23.0,2.001368925393566,484.0,0.0,3.467094703049759,left,0.5778491171749599,0.5778491171749599,0.0,175.0,1.0112359550561798,0.0,0.6521739130434783,1.4446227929373996,34,15,0.04519145690610282,0.04046179434915415,0.07223113964686999,1500000.0,4860428.065727724,0.3086147927127924,6063154.763324574,0.2473959611048282
Nicolas Cozza,Nantes,FRA,2025-2026,Defensa,26.0,2301,29.0,3.0006844626967832,676.0,0.03911342894393742,0.8604954367666231,left,0.8996088657105605,1.21251629726206,0.0,181.0,0.8213820078226858,0.0,0.8620689655172413,1.0560625814863103,23,17,0.01736414090595469,0.07591779816123467,0.07822685788787484,2500000.0,3567865.729824636,0.7006990142879836,10019410.7399633,0.2495156716181452
Iker Muñoz,Osasuna,ESP,2025-2026,Centrocampista,22.0,952,19.0,4.0,484.0,0.0,0.5672268907563025,right,1.7016806722689075,1.9852941176470589,0.0,180.0,1.134453781512605,0.0,0.42105263157894735,0.6617647058823529,42,16,0.02384966548469638,0.030392714778055288,0.47268907563025214,2000000.0,4712313.810013292,0.4244199517761654,8008585.938440579,0.2497319770772713
Alberto Reina,Oviedo,ESP,2025-2026,Centrocampista,27.0,2462,37.0,0.999315537303217,729.0,0.036555645816409424,1.90089358245329,,1.3525588952071486,1.6815597075548334,0.1462225832656377,,0.6945572705117791,0.0,0.8378378378378378,0.6580016246953696,29,20,0.15390227173147142,0.1425352242527867,0.21933387489845654,2000000.0,3708565.726785661,0.539292046398074,7987354.063248204,0.250395811198917
Noah Cadiou,Lorient,FRA,2025-2026,Centrocampista,26.0,1879,28.0,3.0006844626967832,676.0,0.04789781798829164,0.14369345396487493,right,1.2932410856838743,0.6226716338477913,0.14369345396487493,191.0,1.1495476317189994,0.0,0.7142857142857143,0.7663650878126662,45,9,0.033194849881214177,0.11111362808011771,0.09579563597658328,3000000.0,7319879.964494287,0.40984278629591747,11979479.076499395,0.25042825158276
Vedat Muriqi,Mallorca,ESP,2025-2026,Delantero,31.0,3128,37.0,3.0006844626967832,961.0,0.028772378516624043,0.17263427109974425,,1.2084398976982098,1.8414322250639388,0.6617647058823529,,0.08631713554987212,5.0,0.972972972972973,0.08631713554987212,42,17,0.07150828944045165,0.6223691408546246,0.11508951406649617,4500000.0,5998759.625733227,0.7501550788426476,17875233.95713107,0.25174495678165876
Luis Vázquez,Getafe,ESP,2025-2026,Delantero,24.0,1194,17.0,3.0006844626967832,576.0,0.07537688442211056,0.15075376884422112,right,1.5829145728643217,2.412060301507538,0.22613065326633167,190.0,0.30150753768844224,0.0,0.8235294117647058,0.22613065326633167,51,7,0.012440930200207173,0.20128949079662561,0.15075376884422112,2500000.0,9621036.544723097,0.25984726161041233,9787236.730569744,0.2554347124547857
Manolis Saliakas,St Pauli,GER,2025-2026,Centrocampista,28.0,1106,17.0,3.0006844626967832,784.0,0.244122965641953,3.580470162748644,right,0.325497287522604,0.569620253164557,0.081374321880651,177.0,1.057866184448463,0.0,0.7058823529411765,1.62748643761302,26,18,0.07332374598194338,0.04447956257929207,0.244122965641953,2000000.0,2471857.551859811,0.809108113246741,7808548.093195717,0.2561295616201401
Alessandro Deiola,Cagliari,ITA,2025-2026,Centrocampista,29.0,1430,20.0,3.0006844626967832,841.0,0.1258741258741259,0.1258741258741259,right,1.3846153846153846,0.6923076923076923,0.0,190.0,0.8181818181818181,0.0,0.85,1.2587412587412588,43,14,0.037478843306588544,0.1402638076732938,0.1888111888111888,1500000.0,3499076.4078960116,0.42868455133334665,5851884.584342516,0.25632768014828017
Niklas Dorsch,Heidenheim,GER,2025-2026,Centrocampista,27.0,2258,32.0,4.999315537303217,729.0,0.03985828166519043,1.3153232949512843,right,1.195748449955713,1.0761736049601418,0.0,178.0,0.7573073516386182,0.0,0.84375,1.2356067316209034,26,17,0.08256528319492343,0.02255384924931269,0.07971656333038087,2500000.0,3746011.5752268094,0.6673764748974735,9741515.92962297,0.2566335689497516
Benedikt Gimber,Heidenheim,GER,2025-2026,Defensa,28.0,1436,21.0,2.001368925393566,784.0,0.0,0.31337047353760444,left,1.692200557103064,1.9428969359331476,0.0,187.0,0.9401114206128134,0.0,0.8571428571428571,1.3161559888579386,26,17,0.01331534848903879,0.031118019585157836,0.3760445682451254,1500000.0,2497737.1215102286,0.6005435828623318,5828812.7228889745,0.25734228758280375
Daniel Oyegoke,Hellas Verona,ITA,2025-2026,Centrocampista,22.0,594,15.0,4.0,484.0,0.0,4.848484848484849,right,1.9696969696969697,0.7575757575757576,0.0,188.0,1.0606060606060606,0.0,0.5333333333333333,1.3636363636363638,21,19,0.016118997820850575,0.011626577964334778,0.30303030303030304,1000000.0,2730909.4777355725,0.36617837689339466,3870988.634149416,0.25833193907574803
Connor Metcalfe,St Pauli,GER,2025-2026,Centrocampista,25.0,592,25.0,0.999315537303217,625.0,0.30405405405405406,3.6486486486486487,left,1.3682432432432434,0.30405405405405406,0.0,183.0,0.9121621621621622,0.0,0.12,1.3682432432432434,26,18,0.17646463817564417,0.11223892201480733,0.30405405405405406,1500000.0,1681848.0029051376,0.891876077629475,5804941.539356053,0.2584005351010643
Tim Skarke,Union Berlin,GER,2025-2026,Centrocampista,28.0,623,22.0,,784.0,0.14446227929373998,1.8780096308186196,right,1.1556982343499198,1.3001605136436598,0.14446227929373998,181.0,0.14446227929373998,0.0,0.18181818181818182,0.5778491171749599,39,11,0.20919625282610496,0.13095887358424466,0.0,1500000.0,2908774.176392317,0.5156811457465612,5790224.720241239,0.2590573030363328
Daouda Guindo,Brest,FRA,2025-2026,Defensa,22.0,1686,25.0,4.999315537303217,484.0,0.05338078291814947,2.0284697508896796,left,1.387900355871886,0.8007117437722421,0.05338078291814947,183.0,1.6014234875444842,0.0,0.76,1.6014234875444842,39,12,0.04329570864072049,0.055496012709133354,0.21352313167259787,4500000.0,9336259.635449046,0.4819917371314153,17347753.587085556,0.25939958032087806
Alimami Gory,Paris FC,FRA,2025-2026,Centrocampista,28.0,982,24.0,,784.0,0.09164969450101833,0.9164969450101833,right,1.0997963340122199,1.374745417515275,0.45824847250509165,182.0,0.7331975560081466,0.0,0.375,1.0081466395112015,76,1,0.06153674113380205,0.35662743211733344,0.27494908350305497,1500000.0,10031442.751717675,0.149529837045938,5763009.286339595,0.26028068418274797
Mehdi Léris,Pisa,ITA,2025-2026,Centrocampista,27.0,1900,34.0,2.001368925393566,729.0,0.14210526315789473,4.689473684210526,right,1.2789473684210526,1.0421052631578949,0.09473684210526316,186.0,1.0894736842105264,0.0,0.6176470588235294,1.7526315789473685,18,20,0.11583462574176098,0.0934627345469045,0.09473684210526316,1800000.0,2681712.829609314,0.671212808517694,6915503.943811015,0.26028471889035626
Rosen Bozhinov,Pisa,ITA,2025-2026,Defensa,20.0,610,9.0,4.0,400.0,0.0,0.4426229508196722,left,1.7704918032786887,0.14754098360655737,0.0,193.0,1.7704918032786887,0.0,0.8888888888888888,0.7377049180327869,18,20,0.048850289286404364,0.016472803840993856,0.4426229508196722,4000000.0,4780400.508597199,0.8367499737325971,15251157.289470045,0.26227517847198034
Jonas Föhrenbach,Heidenheim,GER,2025-2026,Defensa,29.0,2325,27.0,0.999315537303217,841.0,0.03870967741935484,3.019354838709677,left,0.6193548387096774,0.6967741935483871,0.03870967741935484,184.0,1.2774193548387098,0.0,0.9259259259259259,1.0451612903225806,26,17,0.08753169128491033,0.024627658075863316,0.11612903225806452,1000000.0,1872016.3497264478,0.534183368722248,3796061.2508856007,0.26343094431542835
Jordan Lefort,Angers,FRA,2025-2026,Defensa,31.0,3060,34.0,3.0006844626967832,961.0,0.058823529411764705,0.6764705882352942,left,0.6470588235294117,0.5588235294117647,0.0,184.0,1.3823529411764706,0.0,1.0,0.9705882352941176,36,13,0.02637859170927721,0.01876374240964651,0.058823529411764705,1000000.0,2159385.0867452268,0.46309479774506945,3790486.6336029326,0.26381836863238856
Filippo Terracciano,Cremonese,ITA,2025-2026,Defensa,22.0,3011,36.0,2.001368925393566,484.0,0.0,0.8070408502158751,right,0.53802723347725,0.777150448356028,0.05978080371969446,186.0,1.6738625041514448,0.0,0.9166666666666666,0.6874792427764862,34,18,0.019150402057298548,0.06973865517758127,0.17934241115908334,4500000.0,5700654.406785566,0.7893830565563822,17049130.22381123,0.2639430833671028
Mikkel Kaufmann,Heidenheim,GER,2025-2026,Delantero,24.0,537,16.0,2.001368925393566,576.0,0.16759776536312848,0.16759776536312848,right,2.346368715083799,2.17877094972067,0.16759776536312848,189.0,0.16759776536312848,0.0,0.375,0.33519553072625696,26,17,0.213530469873098,0.23054278044644017,0.33519553072625696,1500000.0,2578083.9170692847,0.5818274533534853,5672628.864824686,0.26442766409438945
Pedro Bigas,Elche,ESP,2025-2026,Defensa,34.0,2063,28.0,0.999315537303217,1156.0,0.13087736306349976,1.1342704798836645,left,1.047018904507998,0.8288899660688318,0.043625787687833255,181.0,1.3087736306349977,0.0,0.8928571428571429,0.9597673291323315,43,13,0.08591793364675022,0.03909504260475983,0.21812893843916625,300000.0,887627.6876101984,0.3379795427604383,1126076.2544709174,0.26641179832084627
Adam Obert,Cagliari,ITA,2025-2026,Defensa,22.0,2771,35.0,4.0,484.0,0.09743774810537711,2.241068206423674,left,1.2991699747383616,0.4222302417899675,0.0,188.0,1.429086972212198,0.0,0.9428571428571428,1.0393359797906891,43,14,0.12047373458813003,0.044048659823423514,0.3247924936845904,7000000.0,12222233.572149146,0.572726740875819,26187205.75369574,0.26730610611298633
Felix Mambimbi,Le Havre,FRA,2025-2026,Delantero,24.0,530,17.0,0.999315537303217,576.0,0.0,0.8490566037735848,right,2.7169811320754715,0.6792452830188679,0.16981132075471697,171.0,0.6792452830188679,0.0,0.4117647058823529,1.6981132075471697,35,14,0.11639674608859252,0.08576276754292678,0.16981132075471697,500000.0,1743390.6965099433,0.2867974464937431,1870120.0201600238,0.26736251930890276
Robin Fellhauer,Augsburg,GER,2025-2026,Centrocampista,27.0,2799,34.0,3.0006844626967832,729.0,0.06430868167202572,2.9581993569131835,right,0.8038585209003215,1.0610932475884245,0.09646302250803858,182.0,0.707395498392283,0.0,0.9117647058823529,1.382636655948553,43,9,0.06888324089372273,0.08333668295425808,0.06430868167202572,3500000.0,6175895.153327061,0.5667194654550587,13082168.593281649,0.2675397412167143
Federico Bonazzoli,Cremonese,ITA,2025-2026,Delantero,28.0,2510,35.0,2.001368925393566,784.0,0.035856573705179286,0.9322709163346614,left,0.9322709163346614,2.8685258964143427,0.35856573705179284,185.0,0.43027888446215135,3.0,0.8857142857142857,0.5737051792828686,34,18,0.05496037505804542,0.32354678060540343,0.14342629482071714,2500000.0,6020581.057529568,0.41524231234681325,9340286.586359838,0.2676577401437441
Pere Milla,Espanyol,ESP,2025-2026,Centrocampista,32.0,1973,33.0,0.999315537303217,1024.0,0.0456158134820071,1.6421692853522556,left,1.0947795235681703,1.7334009123162697,0.3193106943740497,180.0,0.8210846426761278,0.0,0.7272727272727273,1.0947795235681703,46,11,0.18702524513557545,0.34916817507523906,0.2736948808920426,1000000.0,2347339.786442585,0.4260141653865584,3733321.5074545,0.26785799133646876
Enrico Delprato,Parma,ITA,2025-2026,Defensa,25.0,2951,35.0,0.999315537303217,625.0,0.0,0.579464588275161,right,0.48797017960013556,0.3049813622500847,0.060996272450016945,183.0,0.7319552694002033,0.0,0.9714285714285714,0.6404608607251778,45,12,,,0.15249068112504235,6000000.0,10484327.263789916,0.572282784487509,22384440.39555192,0.26804333251021445
Jakub Kamiński,Köln,GER,2025-2026,Centrocampista,23.0,3016,34.0,4.999315537303217,529.0,0.08952254641909814,3.431697612732096,right,0.4177718832891247,0.8355437665782494,0.20888594164456234,179.0,0.7460212201591513,0.0,1.0,0.8057029177718833,32,14,0.16678960711648316,0.2377262931386261,0.11936339522546419,17000000.0,15639029.960170008,1.0870239422327443,63299238.21501903,0.26856563332173566
Victor Nelsson,Hellas Verona,ITA,2025-2026,Defensa,26.0,3315,38.0,4.0,676.0,0.0,0.13574660633484165,right,1.1945701357466063,0.5429864253393666,0.0,185.0,2.0361990950226243,0.0,0.9736842105263158,1.2217194570135748,21,19,0.001488197173468128,0.012697670878463201,0.1085972850678733,6000000.0,6850018.097311736,0.8759100946543014,22290733.641260702,0.2691701447140282
Mateo Joseph,Mallorca,ESP,2025-2026,Centrocampista,21.0,1699,29.0,2.001368925393566,441.0,0.15891701000588582,0.7416127133608005,right,1.0064743967039433,1.6421424367274868,0.10594467333725721,185.0,0.6886403766921718,0.0,0.6551724137931034,1.0064743967039433,42,17,0.08424332251924672,0.2858829142535659,0.10594467333725721,3500000.0,6555193.597251002,0.5339277853620932,12996719.58460147,0.26929872397545646
Marcus Edwards,Burnley,ENG,2025-2026,Centrocampista,26.0,1067,23.0,3.0006844626967832,676.0,0.2530459231490159,1.6026241799437677,left,0.5904404873477038,1.5182755388940956,0.08434864104967198,168.0,0.2530459231490159,0.0,0.4782608695652174,0.5060918462980318,22,19,0.21475238765693763,0.19261086881579703,0.0,6000000.0,9402192.909403842,0.6381489996869717,22139579.94973339,0.2710078517127536
Gauthier Hein,Metz,FRA,2025-2026,Centrocampista,28.0,2351,29.0,3.0006844626967832,784.0,0.2679710761378137,5.627392598894088,left,0.5742237345810294,0.6507868991918332,0.30625265844321564,170.0,0.3445342407486176,5.0,0.896551724137931,0.38281582305401957,17,18,0.1706574995487434,0.27777865468847246,0.11484474691620587,5000000.0,3773356.2809210946,1.325080280725433,18197036.060303994,0.27477002207558804
Cenk Özkacar,Köln,GER,2025-2026,Defensa,24.0,1791,25.0,3.0006844626967832,576.0,0.0,0.15075376884422112,left,0.5527638190954774,0.25125628140703515,0.0,190.0,1.206030150753769,0.0,0.8,1.306532663316583,32,14,0.010319762680698279,0.05524400069411077,0.10050251256281408,4000000.0,6575197.242339828,0.6083467693170788,14507246.969825415,0.27572426445347387
Oliver Burke,Union Berlin,GER,2025-2026,Delantero,28.0,1664,29.0,3.0006844626967832,784.0,0.10817307692307693,2.109375,right,0.5408653846153847,0.4326923076923077,0.3245192307692308,188.0,0.21634615384615385,0.0,0.7241379310344828,0.3786057692307692,39,11,0.12386894075182052,0.3265388290814231,0.21634615384615385,3000000.0,7687227.569527182,0.39025773243558615,10819784.819229681,0.277269839476677
Marnon Busch,Heidenheim,GER,2025-2026,Defensa,30.0,1915,29.0,0.999315537303217,900.0,0.2349869451697128,2.866840731070496,right,0.8459530026109662,0.37597911227154046,0.04699738903394256,182.0,1.597911227154047,0.0,0.6896551724137931,1.1279373368146215,26,17,0.15267034348917458,0.037454984756308186,0.18798955613577023,1000000.0,1514507.6888500822,0.6602805699581944,3604527.468771022,0.2774288748424919
Rodrigo Ribeiro,Augsburg,GER,2025-2026,Delantero,20.0,636,14.0,4.999315537303217,400.0,0.0,0.4245283018867924,right,1.4150943396226414,0.4245283018867924,0.2830188679245283,186.0,0.5660377358490566,0.0,0.42857142857142855,0.4245283018867924,43,9,0.0037757764166256166,0.6551100679163663,0.14150943396226415,4000000.0,9018786.442081474,0.4435186513937265,14268976.893273812,0.280328437695175
Frederic Guilbert,Nantes,FRA,2025-2026,Defensa,30.0,607,8.0,2.001368925393566,900.0,0.0,2.5205930807248764,right,1.0378912685337727,1.927512355848435,0.0,178.0,2.817133443163097,0.0,0.875,1.7792421746293243,23,17,0.22818843786538728,0.05054480078610204,0.14827018121911037,800000.0,1438842.891522161,0.5560023298677697,2846016.5420994586,0.2810946416389602
Denis Huseinbasic,Köln,GER,2025-2026,Centrocampista,24.0,726,15.0,4.999315537303217,576.0,0.0,0.12396694214876033,right,0.9917355371900827,0.9917355371900827,0.0,184.0,0.6198347107438017,0.0,0.6,1.115702479338843,32,14,0.03559759456264086,0.02545481620833647,0.12396694214876033,2000000.0,3017459.841757652,0.6628091523614155,7068974.611312344,0.28292646528952564
Andrea Pinamonti,Sassuolo,ITA,2025-2026,Delantero,26.0,2552,36.0,4.999315537303217,676.0,0.10579937304075236,0.31739811912225707,right,0.493730407523511,1.1637931034482758,0.31739811912225707,185.0,0.07053291536050156,0.0,0.8888888888888888,0.1763322884012539,49,11,0.062874136054684,0.40678720552690306,0.07053291536050156,15000000.0,17143012.528797146,0.8749920689145345,52425964.0865315,0.28611777124864696
Danny da Costa,Mainz 05,GER,2025-2026,Defensa,32.0,2695,34.0,0.999315537303217,1024.0,0.10018552875695734,1.6029684601113174,right,0.7346938775510204,0.8014842300556587,0.06679035250463822,187.0,0.9684601113172542,0.0,0.8823529411764706,0.901669758812616,40,10,0.09447930097676717,0.08104417545648364,0.10018552875695734,1200000.0,2387560.3152756505,0.502605103763193,4177284.9875171795,0.28726792727475237
Germán Valera,Elche,ESP,2025-2026,Centrocampista,23.0,2857,36.0,0.999315537303217,529.0,0.15750787539376968,3.2761638081904096,,1.2600630031501574,2.2051102555127757,0.12600630031501575,,0.7245362268113406,0.0,0.9166666666666666,1.2600630031501574,43,13,0.23289205043553513,0.09130726798868155,0.15750787539376968,6000000.0,10586861.23250923,0.5667402139527165,20877579.61768966,0.28738963567003595
Jon Pacheco,Alavés,ESP,2025-2026,Defensa,24.0,1735,22.0,4.0,576.0,0.0,0.207492795389049,left,0.7262247838616714,0.3631123919308357,0.0,184.0,0.5706051873198847,0.0,0.9090909090909091,0.829971181556196,43,14,,,0.25936599423631124,5000000.0,5984526.378316479,0.8354880042163941,17351322.882090624,0.28816246657255223
Bouna Sarr,Metz,FRA,2025-2026,Centrocampista,33.0,895,12.0,2.001368925393566,1089.0,0.0,3.1173184357541897,right,1.1061452513966479,2.011173184357542,0.0,178.0,1.1061452513966479,0.0,0.8333333333333334,1.3072625698324023,17,18,0.0712272707560209,0.18204228461371452,0.10055865921787709,350000.0,684923.5331453779,0.5110059489308145,1214276.4520101135,0.2882374927230203
Jean-Luc Dompé,Hamburger SV,GER,2025-2026,Delantero,29.0,1138,20.0,2.001368925393566,841.0,0.0,6.48506151142355,right,0.15817223198594024,0.7117750439367311,0.23725834797891038,170.0,0.0,1.0,0.6,0.39543057996485065,38,13,0.3199222408929064,0.17239721458379068,0.0,2500000.0,3829873.0035908585,0.6527631588974412,8629046.73464706,0.2897191401180021
Alessio Zerbin,Cremonese,ITA,2025-2026,Centrocampista,26.0,1646,32.0,3.0006844626967832,676.0,0.16403402187120292,3.1713244228432567,right,2.023086269744836,1.0935601458080195,0.0,182.0,0.16403402187120292,0.0,0.53125,1.0935601458080195,34,18,0.13596748033558828,0.09959379619582673,0.05467800729040097,2000000.0,3171400.689567113,0.6306361749177125,6870654.876733073,0.2910930669466227
Thiago Fernández,Oviedo,ESP,2025-2026,Centrocampista,21.0,817,16.0,0.999315537303217,441.0,0.4406364749082007,2.974296205630355,right,0.7711138310893512,1.211750305997552,0.0,175.0,0.550795593635251,0.0,0.5625,0.7711138310893512,29,20,0.31605280092216326,0.09575487609218573,0.4406364749082007,4500000.0,3486537.720606324,1.2906787078206143,15427972.13279688,0.2916779963864384
Isaac Schmidt,Werder Bremen,GER,2025-2026,Centrocampista,25.0,682,19.0,4.0,625.0,0.0,1.0557184750733137,right,1.0557184750733137,0.3958944281524927,0.13196480938416422,172.0,1.4516129032258065,0.0,0.3157894736842105,1.3196480938416424,32,15,0.06803977219906808,0.06871278777368957,0.26392961876832843,2200000.0,3379153.599775141,0.651050606325322,7537838.435748504,0.2918608588858062
Ilyas Chaira,Oviedo,ESP,2025-2026,Centrocampista,24.0,2447,36.0,2.001368925393566,576.0,0.07355946056395586,2.721700040866367,,1.9493257049448303,1.507968941561095,0.2206783816918676,,0.14711892112791172,0.0,0.8333333333333334,1.2505108295872498,29,20,0.07644094745992006,0.2655814693647718,0.07355946056395586,4000000.0,5542166.706946947,0.7217393866889849,13684813.548902057,0.292294811741949
Kelvin Amian,Nantes,FRA,2025-2026,Defensa,27.0,1961,23.0,2.001368925393566,729.0,0.04589495155532892,1.3309535951045386,right,1.055583885772565,0.8261091279959204,0.0,180.0,0.36715961244263134,0.0,0.9565217391304348,0.8261091279959204,23,17,,,0.13768485466598673,2000000.0,2580971.648898347,0.7749019640931248,6779413.426304667,0.2950107736813689
Martim Neto,Elche,ESP,2025-2026,Centrocampista,22.0,1347,25.0,2.001368925393566,484.0,0.33407572383073497,2.2048997772828507,right,1.2694877505567927,0.734966592427617,0.13363028953229397,185.0,0.13363028953229397,0.0,0.6,0.8017817371937639,43,13,0.18821218886925012,0.0695406179667714,0.20044543429844097,4000000.0,6269294.627154497,0.6380303108861095,13519495.363712143,0.2958690315273492
Simone Canestrelli,Pisa,ITA,2025-2026,Defensa,24.0,3201,37.0,2.001368925393566,576.0,0.0,0.3373945641986879,right,1.1808809746954076,0.6185567010309279,0.028116213683223992,192.0,0.9278350515463918,0.0,0.972972972972973,0.7029053420805998,18,20,0.013266658452326377,0.03792414910420985,0.11246485473289597,4500000.0,5915416.36984149,0.7607241348119308,15196968.222310495,0.29611169373859725
Idrissa Gueye,Everton,ENG,2025-2026,Centrocampista,35.0,2093,25.0,0.999315537303217,1225.0,0.12900143334925945,0.8170090778786431,right,0.9030100334448161,1.3330148112756808,0.08600095556617296,174.0,1.2470138557095078,0.0,1.0,0.9030100334448161,49,13,0.07282950925630528,0.08231197209291008,0.04300047778308648,500000.0,1736880.3310589453,0.2878724521540058,1687974.654645993,0.29621297844952627
Pablo Pagis,Lorient,FRA,2025-2026,Centrocampista,22.0,1756,28.0,4.999315537303217,484.0,0.25626423690205014,5.074031890660592,both,1.1788154897494305,1.4863325740318907,0.5125284738041003,180.0,0.9225512528473804,2.0,0.7857142857142857,0.8712984054669705,45,9,0.24351009799926998,0.3990810977269583,0.05125284738041002,15000000.0,20992615.419743396,0.714536978841265,50627242.09267372,0.296283174432894
Amine Sbai,Angers,FRA,2025-2026,Centrocampista,24.0,1818,25.0,0.999315537303217,576.0,0.0495049504950495,2.920792079207921,right,0.7425742574257425,1.188118811881188,0.1485148514851485,175.0,0.198019801980198,0.0,0.92,0.4950495049504951,36,13,0.13667320675852865,0.21520269693493255,0.1485148514851485,4000000.0,5934205.238286568,0.6740582503268716,13495990.485214574,0.2963843227647625
Luca Waldschmidt,Köln,GER,2025-2026,Delantero,29.0,677,24.0,0.999315537303217,841.0,0.5317577548005908,2.9246676514032495,left,1.1964549483013294,0.7976366322008863,0.6646971935007385,181.0,0.5317577548005908,2.0,0.2916666666666667,0.39881831610044316,32,14,,,0.1329394387001477,2000000.0,1899448.2479754717,1.0529373475332646,6737916.244445057,0.2968276730434073
Omar Traoré,Heidenheim,GER,2025-2026,Defensa,27.0,1501,26.0,3.0006844626967832,729.0,0.11992005329780146,2.218520986009327,right,1.319120586275816,1.139240506329114,0.0,187.0,1.0193204530313125,0.0,0.6153846153846154,0.659560293137908,26,17,0.08736995692246362,0.030102666813649395,0.11992005329780146,2000000.0,2237960.3265219517,0.8936708914354307,6734035.490596362,0.2969987317104088
Albert Grønbaek,Hamburger SV,GER,2025-2026,Centrocampista,24.0,492,7.0,4.0,576.0,0.3658536585365854,1.0975609756097562,right,0.3658536585365854,1.0975609756097562,0.1829268292682927,181.0,2.0121951219512195,0.0,0.8571428571428571,1.8292682926829267,38,13,,,0.0,5000000.0,4955299.119968372,1.0090208237584481,16821808.857843466,0.2972331954460808
Joel Roca,Girona,ESP,2025-2026,Centrocampista,20.0,1473,32.0,3.0006844626967832,400.0,0.06109979633401222,2.016293279022403,right,0.7942973523421589,2.74949083503055,0.18329938900203666,176.0,0.12219959266802444,0.0,0.5,0.6720977596741344,41,19,0.11920820853375126,0.2760529412855745,0.24439918533604887,6000000.0,12613366.184883246,0.4756858646655978,20156257.302232713,0.29767431076281103
Andrej Ilic,Union Berlin,GER,2025-2026,Delantero,25.0,2257,32.0,,625.0,0.39875941515285773,0.717766947275144,right,1.5152857775808595,1.2760301284891449,0.19937970757642887,189.0,0.07975188303057155,0.0,0.75,0.11962782454585734,39,11,0.18955023769465865,0.4431782137498583,0.19937970757642887,9000000.0,10408088.482068608,0.8647120953579028,29959440.774764832,0.30040614134496124
Silvan Widmer,Mainz 05,GER,2025-2026,Centrocampista,32.0,1810,27.0,,1024.0,0.04972375690607735,1.839779005524862,right,0.7458563535911602,0.5469613259668509,0.0994475138121547,183.0,0.8950276243093922,0.0,0.8148148148148148,1.3425414364640884,40,10,0.08994753736982028,0.13617439483657726,0.24861878453038672,800000.0,1769240.1712873958,0.4521715101109627,2652786.511191948,0.30156968780746124
Medon Berisha,Lecce,ITA,2025-2026,Centrocampista,21.0,871,13.0,2.001368925393566,441.0,0.3099885189437428,5.993111366245694,right,1.1366245694603903,1.0332950631458095,0.2066590126291619,186.0,0.5166475315729048,0.0,0.9230769230769231,1.2399540757749712,38,17,0.29853850393529324,0.13582143795716092,0.0,5000000.0,5779963.071685724,0.8650574299502838,16506784.945961656,0.3029057455081971
Omri Gandelman,Lecce,ITA,2025-2026,Centrocampista,25.0,975,19.0,3.0006844626967832,625.0,0.09230769230769231,0.36923076923076925,left,1.2000000000000002,0.27692307692307694,0.18461538461538463,188.0,0.36923076923076925,0.0,0.5263157894736842,0.5538461538461539,38,17,0.10347419335291935,0.16005683403748733,0.0,3000000.0,2820531.918431751,1.063629161717849,9874857.542467756,0.30380185102399876
Abdel Abqar,Getafe,ESP,2025-2026,Defensa,26.0,1437,23.0,2.001368925393566,676.0,0.12526096033402923,0.12526096033402923,right,1.8789144050104385,2.2546972860125263,0.0,188.0,1.2526096033402923,0.0,0.7391304347826086,1.0647181628392484,51,7,,,0.6263048016701461,3500000.0,7183435.16308087,0.48723207219690434,11514728.332129681,0.30395853892913033
Ylber Ramadani,Lecce,ITA,2025-2026,Centrocampista,29.0,3203,37.0,2.001368925393566,841.0,0.0,0.44957852013737126,right,1.2082422728691853,1.6578207930065565,0.028098657508585704,185.0,1.2363409303777708,0.0,1.0,1.4049328754292851,38,17,0.0390250282289412,0.03424063768927525,0.280986575085857,1800000.0,3600304.227729606,0.49995774971914003,5920959.970752011,0.3040047574872196
Álvaro Núñez,Elche,ESP,2025-2026,Defensa,25.0,1647,19.0,4.0,625.0,0.10928961748633881,3.278688524590164,right,0.6557377049180327,0.9289617486338798,0.0,177.0,0.819672131147541,0.0,1.0,0.819672131147541,43,13,0.13861553824908748,0.012261550262814662,0.10928961748633881,4000000.0,5589783.176036493,0.715591262492627,13152581.059886258,0.3041228167906529
Stefan Bell,Mainz 05,GER,2025-2026,Defensa,33.0,1039,18.0,0.999315537303217,1089.0,0.08662175168431184,0.08662175168431184,right,1.2993262752646775,0.6929740134744947,0.17324350336862368,192.0,1.645813282001925,0.0,0.7222222222222222,0.519730510105871,40,10,0.10415842532537899,0.15940756760214933,0.34648700673724736,600000.0,1138600.7674560554,0.5269625817489686,1968622.3788502119,0.30478166175802307
Linton Maina,Köln,GER,2025-2026,Centrocampista,26.0,1023,24.0,,676.0,0.0,2.19941348973607,right,0.7038123167155426,0.5278592375366569,0.17595307917888564,180.0,0.3519061583577713,0.0,0.375,0.5278592375366569,32,14,0.2801516760807058,0.11338891488803098,0.0,3000000.0,3706348.2988852323,0.8094220397209614,9830805.382827029,0.30516319702967154
Mateu Morey,Mallorca,ESP,2025-2026,Defensa,25.0,704,18.0,3.0006844626967832,625.0,0.0,1.7897727272727273,right,1.9176136363636362,1.2784090909090908,0.1278409090909091,173.0,0.7670454545454545,0.0,0.5,1.0227272727272727,42,17,0.0659943786079318,0.023486049824648282,0.2556818181818182,1400000.0,2700098.7673965073,0.5184995515367424,4560123.619343728,0.3070092209915751
Romano Schmid,Werder Bremen,GER,2025-2026,Centrocampista,25.0,2982,34.0,4.0,625.0,0.2414486921529175,4.647887323943662,right,0.5734406438631791,0.9356136820925554,0.12072434607645875,168.0,0.39235412474849096,3.0,1.0,0.8450704225352113,32,15,0.3101673603181538,0.2395101888592484,0.12072434607645875,15000000.0,15234357.304089047,0.9846165283240309,48478071.38449162,0.3094182497697005
John Donald,Elche,ESP,2025-2026,Defensa,24.0,665,21.0,0.999315537303217,576.0,0.0,0.0,right,2.300751879699248,0.81203007518797,0.13533834586466167,182.0,1.0827067669172934,0.0,0.2857142857142857,1.62406015037594,43,13,0.00456850678849041,0.13994491758539265,0.406015037593985,1000000.0,2151325.320875715,0.46482974485371725,3226704.8562154924,0.30991368735623087
Joseph Aidoo,Celta Vigo,ESP,2025-2026,Defensa,29.0,639,8.0,,841.0,0.0,0.0,right,0.7042253521126761,0.14084507042253522,0.0,181.0,1.4084507042253522,0.0,0.875,0.4225352112676056,54,6,0.0,0.04975134637993826,0.0,1000000.0,2263989.2365112687,0.44169821299193385,3222217.874322934,0.3103452463499614
David Costas,Oviedo,ESP,2025-2026,Defensa,30.0,2066,25.0,2.001368925393566,900.0,0.0,0.04356243949661181,right,0.6969990319457889,0.4356243949661181,0.04356243949661181,184.0,1.176185866408519,0.0,0.88,0.9583736689254598,29,20,0.008198044299790843,0.059585052358468005,0.13068731848983545,1200000.0,1661427.99402421,0.7222702424156421,3859500.5466217236,0.3109210597341092
Gianluca Gaetano,Cagliari,ITA,2025-2026,Centrocampista,25.0,1912,33.0,4.999315537303217,625.0,0.18828451882845187,1.788702928870293,right,1.2238493723849373,1.365062761506276,0.09414225941422594,183.0,1.0826359832635983,0.0,0.6363636363636364,0.7060669456066946,43,14,0.10425567540737593,0.09396516387233955,0.18828451882845187,6500000.0,8474386.86865809,0.7670171424483561,20792096.1891531,0.31261879229814954
Dani Calvo,Oviedo,ESP,2025-2026,Defensa,31.0,1611,20.0,0.999315537303217,961.0,0.0,0.055865921787709494,right,0.6145251396648045,0.33519553072625696,0.0,193.0,0.558659217877095,0.0,0.85,0.8379888268156425,29,20,0.027665235726526995,0.05121718946448918,0.16759776536312848,900000.0,1148261.6511898818,0.7837934838870377,2878249.7636836846,0.31269002827890396
Nathaniel Adjei,Lorient,FRA,2025-2026,Defensa,22.0,835,15.0,2.001368925393566,484.0,0.0,0.10778443113772455,right,0.8622754491017964,0.6467065868263473,0.0,191.0,0.9700598802395209,0.0,0.6,0.7544910179640718,45,9,0.007672810625887204,0.05858092090326869,0.0,1500000.0,3322648.967918163,0.45144702750222787,4775894.771462399,0.31407727175293143
Santiago Pierotti,Lecce,ITA,2025-2026,Centrocampista,24.0,2597,37.0,0.999315537303217,576.0,0.0693107431651906,0.7277628032345014,right,2.321909896033885,0.797073546399692,0.0346553715825953,189.0,0.7277628032345014,0.0,0.8378378378378378,1.7674239507123604,38,17,0.0902205888751405,0.13062296392203157,0.1386214863303812,4000000.0,5535154.979899707,0.7226536591162398,12717951.319257844,0.3145160647016394
Koffi Kouao,Metz,FRA,2025-2026,Defensa,27.0,2265,27.0,1.5030800821355237,729.0,0.039735099337748346,2.3443708609271523,right,1.271523178807947,1.3112582781456954,0.07947019867549669,173.0,1.1125827814569536,0.0,1.0,1.827814569536424,17,18,0.049516522405755437,0.06547258398341421,0.3973509933774834,2500000.0,2347344.490184049,1.0650332792882826,7946014.875439213,0.3146231210474312
Warmed Omari,Hamburger SV,GER,2025-2026,Defensa,25.0,1605,20.0,4.0,625.0,0.056074766355140186,0.22429906542056074,right,0.897196261682243,0.616822429906542,0.0,188.0,1.5700934579439252,0.0,0.85,1.0654205607476637,38,13,0.02276939839542469,0.0038646873887454238,0.0,4000000.0,5623571.168378862,0.7112917895468018,12667142.760238994,0.31577760476148065
Georges Mikautadze,Villarreal,ESP,2025-2026,Delantero,24.0,2109,32.0,4.999315537303217,576.0,0.25604551920341395,0.8961593172119487,right,0.5547652916073968,1.9203413940256044,0.5547652916073968,176.0,0.21337126600284498,0.0,0.71875,0.17069701280227595,72,3,0.1770854247720703,0.6427636265669914,0.04267425320056899,30000000.0,43603727.04588134,0.688014581148831,94756327.45701593,0.31660154846766114
Vincent Marchetti,Paris FC,FRA,2025-2026,Centrocampista,28.0,825,23.0,0.999315537303217,784.0,0.10909090909090909,0.10909090909090909,left,1.309090909090909,0.43636363636363634,0.21818181818181817,178.0,0.5454545454545454,0.0,0.391304347826087,1.4181818181818182,76,1,0.06460898491469297,0.23239570561457762,0.10909090909090909,1500000.0,6296625.996129084,0.23822281979621157,4737126.076033795,0.31664768383278696
Nahuel Tenaglia,Alavés,ESP,2025-2026,Defensa,29.0,3239,36.0,3.0006844626967832,841.0,0.0,0.4723680148193887,,0.8613769682000617,1.167026860142019,0.05557270762581044,,1.3059586292065453,0.0,1.0,1.1948132139549243,43,14,0.012078464126680765,0.049832049873981,0.08335906143871565,3000000.0,3600993.568753976,0.8331034040247028,9452673.625256566,0.31737052594139187
Antonino Gallo,Lecce,ITA,2025-2026,Defensa,25.0,3056,37.0,0.999315537303217,625.0,0.11780104712041886,3.946335078534031,left,0.20615183246073296,0.3828534031413613,0.0,183.0,0.44175392670157065,0.0,0.918918918918919,1.0896596858638743,38,17,0.11618015487710043,0.024504701686774367,0.08835078534031413,3500000.0,5373996.943595493,0.6512843302174102,10999610.617969014,0.318193081697127
Kamory Doumbia,Brest,FRA,2025-2026,Centrocampista,22.0,1750,24.0,3.0006844626967832,484.0,0.20571428571428574,1.0285714285714285,right,1.4914285714285713,1.08,0.2571428571428571,170.0,1.0285714285714285,0.0,0.9166666666666666,1.542857142857143,39,12,0.22865889347025328,0.2570387199467846,0.30857142857142855,9000000.0,10806548.775423793,0.8328283328038792,28117410.11825333,0.32008637929840333
Fabio Chiarodia,Gladbach,GER,2025-2026,Defensa,20.0,674,15.0,2.001368925393566,400.0,0.0,0.0,left,1.0682492581602374,0.13353115727002968,0.0,186.0,1.7359050445103859,0.0,0.5333333333333333,1.201780415430267,38,12,0.0018294366734317926,0.12919556388205874,0.13353115727002968,3000000.0,3630548.9393420205,0.8263213222361085,9364685.11477598,0.32035246922146676
Álvaro García,Rayo Vallecano,ESP,2025-2026,Centrocampista,32.0,2101,32.0,2.001368925393566,1024.0,0.21418372203712516,3.8981437410756787,both,0.8138981437410756,0.5140409328891005,0.17134697762970014,167.0,0.5997144217039505,0.0,0.71875,0.6425511661113755,50,8,0.3141913090436686,0.2943238332825068,0.12851023322227512,1500000.0,3022102.725306888,0.49634315453247146,4678202.67684957,0.3206359586391715
Chidozie Awaziem,Nantes,FRA,2025-2026,Defensa,28.0,2231,26.0,2.001368925393566,784.0,0.08068130883012102,0.08068130883012102,right,0.9278350515463918,0.8471537427162708,0.04034065441506051,189.0,0.8068130883012102,0.0,0.9615384615384616,0.8068130883012102,23,17,0.06373583054038934,0.023552295745607986,0.28238458090542357,2500000.0,2630488.214285226,0.9503939179135675,7777688.787846646,0.321432249115763
Sebastiano Luperto,Cagliari,ITA,2025-2026,Defensa,28.0,1706,19.0,4.0,784.0,0.0,0.052754982415005855,left,1.2133645955451349,0.8968347010550997,0.052754982415005855,191.0,1.0023446658851114,0.0,1.0,0.6330597889800704,43,14,0.06704351055716434,0.050035639333561636,0.1582649472450176,4000000.0,5554782.916261533,0.720100147980593,12427191.800179686,0.3218748100389151
Alejandro Francés,Girona,ESP,2025-2026,Defensa,22.0,1116,24.0,3.0006844626967832,484.0,0.16129032258064516,1.935483870967742,right,1.2096774193548387,1.8548387096774195,0.0,182.0,1.2903225806451613,0.0,0.4583333333333333,1.2096774193548387,41,19,0.11609761525065668,0.05315076402058044,0.16129032258064516,3000000.0,3910197.5920196422,0.7672246553787274,9312232.776217554,0.3221568953539992
Junior Diaz,Brest,FRA,2025-2026,Defensa,22.0,1562,20.0,3.0006844626967832,484.0,0.0,0.057618437900128036,right,0.4609475032010243,0.6338028169014085,0.0,193.0,1.440460947503201,0.0,0.85,1.0371318822023048,39,12,,,0.23047375160051214,6000000.0,7435547.099563837,0.8069345697980926,18616568.144734222,0.3222935587995109
Panos Katseris,Lorient,FRA,2025-2026,Centrocampista,24.0,747,16.0,2.001368925393566,576.0,0.24096385542168675,5.1807228915662655,right,1.566265060240964,1.6867469879518073,0.12048192771084337,187.0,1.325301204819277,0.0,0.5,1.0843373493975905,45,9,0.28577649808791744,0.10560372552598815,0.36144578313253006,2000000.0,4291223.890425528,0.46606750220195925,6199996.070564423,0.3225808496065592
Pathé Mboup,Brest,FRA,2025-2026,Centrocampista,21.0,1054,28.0,4.0,441.0,0.0,0.9392789373814042,right,2.903225806451613,1.6223908918406074,0.08538899430740038,175.0,1.0246679316888045,0.0,0.32142857142857145,1.537001897533207,39,12,0.12429779900884719,0.3030546322691146,0.5123339658444023,2500000.0,3834270.020928222,0.6520145911358599,7723253.616799108,0.3236977735085853
Oussama El Azzouzi,Auxerre,FRA,2025-2026,Centrocampista,24.0,807,11.0,0.999315537303217,576.0,0.0,0.0,right,2.007434944237918,0.8921933085501859,0.11152416356877323,189.0,1.7843866171003717,0.0,0.9090909090909091,1.6728624535315986,34,15,0.05812543572435592,0.07753618051156014,0.11152416356877323,1800000.0,4227202.25066294,0.42581355072795757,5547102.9400873585,0.3244937076959406
Luke O'Nien,Sunderland,ENG,2025-2026,Defensa,30.0,569,12.0,0.999315537303217,900.0,0.15817223198594024,1.1072056239015817,right,1.1072056239015817,1.265377855887522,0.0,174.0,0.9490333919156415,0.0,0.4166666666666667,0.9490333919156415,54,7,0.01680497518742231,0.03319899494283438,0.15817223198594024,700000.0,4485044.850243949,0.15607424749875706,2156931.436334616,0.32453511883045566
Kristoffer Lund,Köln,GER,2025-2026,Defensa,23.0,2276,33.0,4.0,529.0,0.07908611599297012,3.2820738137082603,left,0.5140597539543058,1.5817223198594026,0.0,184.0,1.1072056239015817,0.0,0.7878787878787878,1.0281195079086116,32,14,0.06895986997795754,0.024989098330930215,0.07908611599297012,4000000.0,8136428.6606726665,0.49161618282649655,12311528.805040276,0.324898724061176
Hauke Wahl,St Pauli,GER,2025-2026,Defensa,31.0,2592,30.0,3.0006844626967832,961.0,0.034722222222222224,0.41666666666666663,right,0.3819444444444444,0.45138888888888884,0.06944444444444445,189.0,1.0763888888888888,0.0,0.9666666666666667,1.1111111111111112,26,18,0.022064168911634218,0.018164385659878865,0.034722222222222224,1500000.0,1446480.5979020149,1.0369997372765387,4601781.682402849,0.3259607046844442
Emersonn,Toulouse,FRA,2025-2026,Delantero,21.0,1499,27.0,4.999315537303217,441.0,0.1200800533689126,0.4803202134756504,right,2.401601067378252,0.600400266844563,0.3602401601067379,193.0,0.42028018679119417,0.0,0.6666666666666666,0.4803202134756504,44,10,0.11280422725822227,0.44519900036770715,0.3002001334222815,8000000.0,15014177.561041504,0.532829718276294,24527579.572271,0.3261634510828042
Marvin Senaya,Auxerre,FRA,2025-2026,Defensa,24.0,1780,25.0,3.0006844626967832,576.0,0.0,2.1235955056179776,right,1.3146067415730338,1.6179775280898878,0.050561797752808994,181.0,1.7191011235955056,0.0,0.8,1.5674157303370786,34,15,0.012016904027609342,0.07094703606340322,0.25280898876404495,3000000.0,6007048.497469286,0.499413314419531,9149998.869625945,0.32786889296333227
Allan Nyom,Getafe,ESP,2025-2026,Defensa,37.0,523,15.0,,1369.0,0.17208413001912046,1.3766730401529637,right,2.237093690248566,1.3766730401529637,0.0,189.0,0.17208413001912046,0.0,0.4666666666666667,1.0325047801147227,51,7,,,1.0325047801147227,100000.0,394819.54349329614,0.2532802685379174,304230.32705704076,0.3286983285570041
Kwasi Sibo,Oviedo,ESP,2025-2026,Centrocampista,27.0,1681,26.0,0.999315537303217,729.0,0.0,0.10707911957168352,right,1.6061867935752527,0.21415823914336704,0.0,183.0,0.7495538370017846,0.0,0.8076923076923077,1.0707911957168352,29,20,0.0026771466644976124,0.017315814701495676,0.16061867935752527,1400000.0,2127118.5372401243,0.6581673637316235,4259055.292284937,0.3287113934717
Danilo Veiga,Lecce,ITA,2025-2026,Defensa,22.0,3020,36.0,0.999315537303217,484.0,0.029801324503311258,2.652317880794702,right,1.370860927152318,1.400662251655629,0.0,183.0,0.9536423841059603,0.0,0.9166666666666666,1.5794701986754969,38,17,0.042679812648142405,0.0077106891637853045,0.26821192052980136,2500000.0,6271028.9694853695,0.39865865907571496,7599443.057286475,0.3289714760877059
Sebastian Otoa,Genoa,ITA,2025-2026,Defensa,21.0,829,13.0,2.001368925393566,441.0,0.0,0.10856453558504221,right,0.5428226779252111,1.4113389626055488,0.0,198.0,0.97708082026538,0.0,0.6923076923076923,1.0856453558504222,41,16,0.0,0.009076832507178636,0.10856453558504221,2500000.0,4687715.92025763,0.533308767537817,7584545.218266038,0.3296176538019961
Louis Oppie,St Pauli,GER,2025-2026,Centrocampista,23.0,1620,23.0,,529.0,0.0,3.2222222222222223,left,0.8333333333333333,0.8333333333333333,0.05555555555555555,184.0,0.6111111111111112,0.0,0.7391304347826086,1.0555555555555556,26,18,0.06253244934810533,0.06416107724524206,0.0,2500000.0,3142225.3052157015,0.7956144951955904,7584283.194775209,0.32962904150549693
Marvin Pieringer,Heidenheim,GER,2025-2026,Delantero,25.0,1650,27.0,,625.0,0.05454545454545454,1.0909090909090908,right,2.018181818181818,1.4727272727272729,0.21818181818181817,191.0,0.6000000000000001,1.0,0.7407407407407407,0.7636363636363637,26,17,0.12059600204229355,0.31690269498662516,0.10909090909090909,3000000.0,3972275.9203625373,0.7552345456722954,9073330.815910878,0.3306393275928216
Toni Lato,Mallorca,ESP,2025-2026,Defensa,27.0,583,12.0,0.999315537303217,729.0,0.15437392795883362,4.013722126929674,left,1.0806174957118353,0.4631217838765009,0.0,171.0,0.9262435677530018,0.0,0.5833333333333334,1.234991423670669,42,17,0.07579966469014487,0.0,0.4631217838765009,1400000.0,1485891.344693671,0.942195406817328,4217617.836831769,0.33194093304851574
Jean-Philippe Gbamin,Metz,FRA,2025-2026,Defensa,29.0,2485,31.0,2.001368925393566,841.0,0.03621730382293763,0.18108651911468815,right,0.9054325955734407,0.289738430583501,0.03621730382293763,186.0,0.977867203219316,0.0,0.967741935483871,0.977867203219316,17,18,0.05252103336994916,0.07061427313707004,0.07243460764587525,2000000.0,1670588.46528067,1.197182933777761,5984068.244444998,0.3342207873141482
Yanis Zouaoui,Le Havre,FRA,2025-2026,Defensa,27.0,2338,30.0,2.001368925393566,729.0,0.03849443969204448,7.005988023952096,left,0.8468776732249785,1.0008554319931564,0.03849443969204448,183.0,1.039349871685201,1.0,0.9333333333333333,1.1548331907613345,35,14,0.12225123158185221,0.049459163766351136,0.2694610778443114,2500000.0,3858092.682407915,0.647988580315727,7451734.789462398,0.33549234784030224
Manu Sánchez,Levante,ESP,2025-2026,Defensa,24.0,2814,33.0,0.999315537303217,576.0,0.06396588486140725,2.3987206823027716,,1.119402985074627,0.6396588486140725,0.031982942430703626,,1.119402985074627,0.0,0.9393939393939394,1.727078891257996,42,18,,,0.255863539445629,6000000.0,5886007.119516267,1.019366758851814,17684721.9645569,0.33927590221802695
Yassine Kechta,Le Havre,FRA,2025-2026,Centrocampista,23.0,1332,30.0,4.0,529.0,0.06756756756756757,1.7567567567567568,left,2.364864864864865,1.0810810810810811,0.13513513513513514,174.0,1.2162162162162162,0.0,0.4666666666666667,1.2162162162162162,35,14,0.12427802726223663,0.10409180314053554,0.20270270270270271,4000000.0,3548831.451839439,1.1271315795870525,11758408.445152625,0.3401820934064414
Arijon Ibrahimović,Heidenheim,GER,2025-2026,Centrocampista,19.0,2169,32.0,0.999315537303217,361.0,0.16597510373443983,5.269709543568465,right,0.5394190871369295,1.120331950207469,0.08298755186721991,178.0,0.9543568464730291,1.0,0.78125,0.7468879668049793,26,17,0.28082657319443355,0.23509234012224367,0.08298755186721991,10000000.0,10575355.914577719,0.9455946523951394,29314110.47332759,0.3411326435812825
Phillip Tietz,Mainz 05,GER,2025-2026,Delantero,28.0,1610,19.0,2.001368925393566,784.0,0.11180124223602485,0.2236024844720497,right,1.7888198757763976,1.1739130434782608,0.2795031055900621,190.0,0.391304347826087,0.0,1.0,0.2236024844720497,40,10,0.10739330676100824,0.648367773452253,0.11180124223602485,4000000.0,7586710.1175021045,0.5272377536571787,11708317.533566598,0.3416374716975682
Lanroy Machine,Angers,FRA,2025-2026,Delantero,19.0,519,22.0,0.999315537303217,361.0,0.0,0.8670520231213872,right,1.5606936416184969,0.8670520231213872,0.17341040462427745,183.0,0.0,0.0,0.13636363636363635,0.6936416184971098,36,13,0.03259907756539094,0.31121245903000666,0.17341040462427745,1500000.0,3415003.0977501865,0.4392382545679693,4384775.287315207,0.34209278736344284
Fernando Calero,Espanyol,ESP,2025-2026,Defensa,29.0,2148,28.0,0.999315537303217,841.0,0.0,0.08379888268156424,right,0.6284916201117318,0.3770949720670391,0.0,184.0,1.2988826815642458,0.0,0.8571428571428571,0.7541899441340782,46,11,0.023227934127246868,0.08392584318940284,0.20949720670391062,2000000.0,4119055.583595277,0.48554819409703615,5834419.740358983,0.34279330061997615
Jan Virgili,Mallorca,ESP,2025-2026,Centrocampista,19.0,1792,31.0,4.999315537303217,361.0,0.20089285714285712,2.3604910714285716,right,1.1049107142857142,1.2053571428571428,0.10044642857142856,168.0,0.3515625,0.0,0.6129032258064516,0.5022321428571429,42,17,0.18936520957400457,0.13024276718039932,0.0,15000000.0,15162600.824211609,0.9892761917235222,43710257.92554917,0.3431688741244494
Andreas Hountondji,St Pauli,GER,2025-2026,Delantero,23.0,1067,21.0,2.001368925393566,529.0,0.0,1.6869728209934394,right,0.7591377694470478,0.5060918462980318,0.3373945641986879,190.0,0.0,0.0,0.7142857142857143,0.0,26,18,0.05953449181576924,0.41823105847737085,0.16869728209934395,3000000.0,3511331.7978116646,0.854376678919851,8741194.67903261,0.34320251523468076
Jessy Deminguet,Metz,FRA,2025-2026,Centrocampista,27.0,1995,31.0,2.001368925393566,729.0,0.0,0.8571428571428572,left,1.263157894736842,1.443609022556391,0.09022556390977443,178.0,0.9924812030075189,0.0,0.8064516129032258,0.9473684210526315,17,18,0.02716478646585816,0.05048771139542411,0.18045112781954886,2000000.0,1891790.0439464853,1.0571997703443754,5806246.015484088,0.3444566411182721
Federico Viñas,Oviedo,ESP,2025-2026,Delantero,27.0,2439,33.0,1.5030800821355237,729.0,0.03690036900369004,0.11070110701107011,,1.6974169741697418,2.5461254612546123,0.33210332103321033,,0.4797047970479705,2.0,0.8484848484848485,1.1808118081180812,29,20,0.11172515467304145,0.36453648343187417,0.25830258302583026,4000000.0,5691655.579436071,0.7027832138072416,11599803.383245936,0.34483343103706066
Théo Le Bris,Lorient,FRA,2025-2026,Centrocampista,22.0,1893,28.0,0.999315537303217,484.0,0.09508716323296355,3.8510301109350236,right,0.3803486529318542,0.33280507131537246,0.09508716323296355,170.0,0.8082408874801902,0.0,0.7857142857142857,1.3312202852614898,45,9,0.06645772877708668,0.09201415599709031,0.0,5000000.0,9176932.306029841,0.544844380808462,14455069.16914923,0.3458994171173711
Nikolas Veratschnig,Mainz 05,GER,2025-2026,Centrocampista,22.0,660,21.0,4.0,484.0,0.13636363636363635,2.8636363636363633,right,1.6363636363636362,1.3636363636363638,0.0,180.0,1.3636363636363638,0.0,0.2857142857142857,1.7727272727272725,40,10,0.13970104757357726,0.02016270605169914,0.40909090909090906,2500000.0,3985917.284359406,0.6272081986773556,7221346.058247727,0.34619584490687455
Andrias Edmundsson,Hellas Verona,ITA,2025-2026,Defensa,24.0,1319,15.0,3.0006844626967832,576.0,0.0,0.27293404094010615,left,0.8870356330553449,0.4776345716451858,0.0,196.0,1.9105382865807432,0.0,1.0,1.3646702047005308,21,19,0.0025400910823068627,0.011038780791389842,0.2047005307050796,3000000.0,3237875.004533622,0.9265336048486884,8661631.272826398,0.34635508087393596
Junior Mwanga,Nantes,FRA,2025-2026,Centrocampista,22.0,1260,15.0,4.0,484.0,0.07142857142857142,0.3571428571428571,both,1.0714285714285714,1.0,0.07142857142857142,184.0,0.5714285714285714,0.0,1.0,1.0,23,17,0.07658087967761926,0.08188663023923125,0.14285714285714285,6000000.0,5860575.9861237975,1.0237901554738509,17298669.14206103,0.3468474916033418
Stefano Moreo,Pisa,ITA,2025-2026,Delantero,32.0,2307,37.0,2.001368925393566,1024.0,0.03901170351105331,1.092327698309493,right,0.8582574772431729,0.7802340702210663,0.27308192457737324,191.0,0.8192457737321196,2.0,0.7837837837837838,0.42912873862158646,18,20,0.13835631226164002,0.24273878198373766,0.07802340702210663,1200000.0,1730562.7614500104,0.6934160532811532,3420595.3623538283,0.3508161220139874
Youssef Maleh,Cremonese,ITA,2025-2026,Centrocampista,26.0,1100,14.0,0.999315537303217,676.0,0.0,3.3545454545454545,left,2.209090909090909,0.8181818181818181,0.08181818181818182,179.0,0.7363636363636364,0.0,1.0,0.9,34,18,0.05279572352089665,0.10542441902851515,0.16363636363636364,1500000.0,2790277.19460944,0.5375809983674248,4261112.761671329,0.35202072413865376
Haris Belkebla,Angers,FRA,2025-2026,Centrocampista,31.0,2875,33.0,2.001368925393566,961.0,0.0,0.1565217391304348,right,0.7513043478260869,1.6904347826086956,0.0,177.0,0.9391304347826088,0.0,1.0,1.377391304347826,36,13,0.01842052326578161,0.005161209326723347,0.21913043478260869,1800000.0,2265746.7461983026,0.7944400683881465,5110519.985431338,0.3522146484372033
Carles Aleñá,Alavés,ESP,2025-2026,Centrocampista,27.0,1989,34.0,3.0006844626967832,729.0,0.18099547511312214,5.475113122171946,left,1.7194570135746607,1.6289592760180998,0.0,180.0,0.5429864253393666,0.0,0.6764705882352942,1.0859728506787332,43,14,0.18407064844007137,0.10161084498013308,0.22624434389140274,3000000.0,3413143.4993644617,0.8789551334594076,8505383.554871121,0.3527177793506877
Marius Louer,Angers,FRA,2025-2026,Defensa,18.0,543,9.0,2.001368925393566,324.0,0.0,1.4917127071823204,right,1.160220994475138,0.49723756906077343,0.0,181.0,0.3314917127071823,0.0,0.6666666666666666,2.6519337016574585,36,13,,,0.16574585635359115,2000000.0,4476484.337185448,0.4467791796759604,5668653.04330283,0.3528175008634333
Youssef Maleh,Lecce,ITA,2025-2026,Centrocampista,26.0,460,9.0,0.999315537303217,676.0,0.0,2.3478260869565215,left,1.7608695652173914,1.565217391304348,0.0,179.0,1.3695652173913044,0.0,0.5555555555555556,0.782608695652174,38,17,0.12625064320214416,0.2521018715899276,0.391304347826087,1500000.0,2498395.8397852625,0.6003852456498348,4250377.711571267,0.35290981220713313
Adam Daghim,Wolfsburg,GER,2025-2026,Centrocampista,19.0,1364,27.0,,361.0,0.19794721407624635,1.3196480938416424,left,1.187683284457478,1.5175953079178885,0.13196480938416422,189.0,0.7258064516129032,0.0,0.4444444444444444,1.3196480938416424,29,16,0.20287520324543687,0.20512668702674924,0.19794721407624635,7500000.0,8809767.356869068,0.8513278156150368,21147354.599912327,0.3546542885336161
Lucas Gourna-Douath,Le Havre,FRA,2025-2026,Centrocampista,21.0,1272,15.0,4.999315537303217,441.0,0.0,0.35377358490566035,right,1.6981132075471697,2.4764150943396226,0.0,185.0,1.0613207547169812,0.0,0.9333333333333333,0.8490566037735848,35,14,,,0.35377358490566035,6000000.0,7039380.499240955,0.8523477315435598,16889955.14857514,0.355240730198515
Devyne Rensch,Roma,ITA,2025-2026,Centrocampista,22.0,1184,24.0,3.0006844626967832,484.0,0.30405405405405406,1.6722972972972974,right,0.4560810810810811,1.3682432432432434,0.07601351351351351,181.0,1.2162162162162162,0.0,0.5,1.1402027027027029,73,3,0.20648665790685225,0.04329334789528386,0.07601351351351351,8500000.0,29418119.854243703,0.2889375678022413,23878383.30655672,0.35597049812271003
Emanuele Valeri,Parma,ITA,2025-2026,Centrocampista,26.0,2643,34.0,2.001368925393566,676.0,0.0681044267877412,7.968217934165721,left,0.7832009080590238,0.8853575482406356,0.0,180.0,0.681044267877412,0.0,0.8529411764705882,1.0896708286038592,45,12,0.1286240629894103,0.022782189496681857,0.0681044267877412,3000000.0,9151676.727070287,0.327808781873394,8411267.27262661,0.3566644481460142
Unai Elgezabal,Levante,ESP,2025-2026,Defensa,32.0,958,12.0,0.999315537303217,1024.0,0.0,0.0,right,1.033402922755741,0.5636743215031316,0.0939457202505219,185.0,0.3757828810020876,0.0,0.9166666666666666,0.3757828810020876,42,18,0.012580232581975315,0.058176191173696074,0.1878914405010438,500000.0,836435.2474814394,0.5977749042804358,1399944.674050574,0.3571569714632431
Nacho Vidal,Oviedo,ESP,2025-2026,Defensa,30.0,2263,29.0,0.999315537303217,900.0,0.0,1.590808661069377,,0.9544851966416262,1.0737958462218293,0.0,,1.1533362792752984,0.0,0.9310344827586207,1.1931064958020328,29,20,0.0128782456769545,0.11373748549293534,0.1590808661069377,1200000.0,1721465.5615146675,0.6970804568080671,3350574.7582708937,0.3581475079873386
Haris Tabaković,Gladbach,GER,2025-2026,Delantero,31.0,2382,32.0,3.0006844626967832,961.0,0.11335012594458438,0.07556675062972291,right,1.81360201511335,0.7556675062972292,0.491183879093199,196.0,0.0,0.0,0.875,0.22670025188916876,38,12,0.07115531522752505,0.5417884095696268,0.1889168765743073,3500000.0,3865898.66958224,0.9053522347956989,9754278.312933931,0.35881690963841856
Laurent Abergel,Lorient,FRA,2025-2026,Centrocampista,32.0,2318,28.0,3.0006844626967832,1024.0,0.0,0.34943917169974115,right,0.9318377911993097,1.0483175150992234,0.03882657463330458,170.0,1.087144089732528,0.0,0.9642857142857143,0.8930112165660051,45,9,0.03346352602135811,0.030499730513104083,0.271786022433132,1800000.0,2516079.0663126516,0.7153988219606805,5002540.478175597,0.35981717846218236
Mattéo Tramoni,Pisa,ITA,2025-2026,Centrocampista,25.0,1600,27.0,4.0,625.0,0.1125,3.825,right,0.9,0.84375,0.1125,175.0,0.84375,1.0,0.7777777777777778,1.18125,18,20,0.16225307919667104,0.1807505573728122,0.16874999999999998,4500000.0,4891295.312346421,0.9200016994764703,12480774.326439366,0.3605545523299116
Oriol Rey,Levante,ESP,2025-2026,Centrocampista,27.0,1319,20.0,0.999315537303217,729.0,0.06823351023502654,0.5458680818802123,left,1.5693707354056103,0.9552691432903716,0.0,177.0,0.8188021228203184,0.0,0.7,0.8188021228203184,42,18,0.017575243836758805,0.023987082089491647,0.27293404094010615,1800000.0,2489811.8886678102,0.7229461824777058,4990682.129963109,0.360672139223843
Lameck Banda,Lecce,ITA,2025-2026,Centrocampista,24.0,1752,32.0,,576.0,0.2054794520547945,4.623287671232877,right,2.2602739726027394,2.517123287671233,0.2568493150684931,169.0,0.3595890410958904,0.0,0.65625,0.8732876712328766,38,17,0.17094813890066254,0.16674613832075097,0.3082191780821918,3500000.0,6121462.729012685,0.5717587699116002,9697613.749093633,0.36091352889025097
Jon Moncayola,Osasuna,ESP,2025-2026,Centrocampista,27.0,3016,36.0,4.999315537303217,729.0,0.11936339522546419,4.237400530503979,,1.223474801061008,0.3879310344827586,0.0,,0.8057029177718833,0.0,0.9722222222222222,0.7758620689655172,42,16,0.1449626485757846,0.06965411704685787,0.26856763925729443,7000000.0,8177394.179573172,0.856018414458452,19339421.30621719,0.3619549876474151
Derrick Köhn,Union Berlin,GER,2025-2026,Centrocampista,26.0,1899,29.0,3.0006844626967832,676.0,0.0947867298578199,5.402843601895735,left,1.5639810426540284,0.7582938388625592,0.04739336492890995,180.0,0.3791469194312796,1.0,0.7241379310344828,1.042654028436019,39,11,0.14641630847307177,0.11256751741207607,0.23696682464454977,4000000.0,5418861.988081146,0.73816236855599,11047807.675172072,0.3620627836407099
André Silva,Elche,ESP,2025-2026,Delantero,29.0,1849,31.0,0.999315537303217,841.0,0.0,0.1460248783126014,right,1.1681990265008113,1.6549486208761492,0.48674959437533805,186.0,0.19469983775013522,3.0,0.7096774193548387,0.38939967550027044,43,13,0.07578250212144567,0.5274715505413441,0.1460248783126014,3000000.0,3887786.24606466,0.7716473617953391,8283964.340853713,0.3621454507239986
Matteo Bianchetti,Cremonese,ITA,2025-2026,Defensa,32.0,2192,27.0,0.999315537303217,1024.0,0.08211678832116788,0.24635036496350365,right,1.1496350364963503,0.6158759124087592,0.0,189.0,0.7801094890510949,0.0,0.9259259259259259,1.2317518248175183,34,18,0.020026497236524374,0.030843152411377233,0.16423357664233576,800000.0,1189828.9990524156,0.6723655253293734,2208209.0188095854,0.3622845451610685
Jeremie Boga,Nice,FRA,2025-2026,Centrocampista,28.0,646,14.0,3.0006844626967832,784.0,0.2786377708978328,1.671826625386997,right,0.2786377708978328,1.5325077399380804,0.2786377708978328,172.0,0.4179566563467492,0.0,0.5,0.6965944272445821,32,16,0.23286435363854602,0.5752241202909788,0.0,8000000.0,5102299.838208189,1.5679203993643416,21891053.849622328,0.3654460883863761
Javi Rueda,Celta Vigo,ESP,2025-2026,Centrocampista,23.0,1404,26.0,3.0006844626967832,529.0,0.38461538461538464,1.7307692307692308,right,1.6025641025641026,1.3461538461538463,0.12820512820512822,177.0,1.2820512820512822,0.0,0.6153846153846154,0.7692307692307693,54,6,,,0.38461538461538464,6000000.0,12971718.870231941,0.4625447143916338,16414915.1029922,0.3655212325104434
Tim Siersleben,Heidenheim,GER,2025-2026,Defensa,25.0,1081,15.0,2.001368925393566,625.0,0.0,1.0823311748381128,left,1.0823311748381128,1.0823311748381128,0.0,187.0,1.7483811285846438,0.0,0.8,1.332099907493062,26,17,0.009621943482417513,0.05242569551257818,0.16651248843663274,1800000.0,2381820.540365629,0.7557244424987977,4917061.67300629,0.36607228456816987
Tom Louchet,Nice,FRA,2025-2026,Centrocampista,22.0,1367,27.0,4.0,484.0,0.13167520117044623,3.357717629846379,both,1.0534016093635699,0.8558888076079005,0.19751280175566935,178.0,0.592538405267008,0.0,0.5185185185185185,1.119239209948793,32,16,0.21891767168642398,0.205424064252561,0.06583760058522312,7000000.0,7555435.348713612,0.9264853283658657,19108715.206417862,0.36632499487191983
Deniz Undav,Stuttgart,GER,2025-2026,Delantero,29.0,2241,29.0,3.0006844626967832,841.0,0.28112449799196787,0.642570281124498,both,1.285140562248996,0.9236947791164658,0.7630522088353414,179.0,0.1606425702811245,0.0,0.8620689655172413,0.5622489959839357,62,4,0.2242887456972436,0.7653633426560695,0.20080321285140562,22000000.0,29700162.669267207,0.7407366836668846,59986087.32050165,0.3667517083162213
David Carmo,Oviedo,ESP,2025-2026,Defensa,26.0,1786,22.0,3.0006844626967832,676.0,0.0,0.10078387458006718,left,1.007838745800672,0.20156774916013437,0.05039193729003359,196.0,1.0582306830907053,0.0,0.9090909090909091,0.9070548712206047,29,20,0.025450255125260435,0.0484782865652679,0.40313549832026874,5000000.0,3677049.753513839,1.3597857889254643,13631261.080558173,0.366803920081271
Sebastiano Luperto,Cremonese,ITA,2025-2026,Defensa,28.0,1307,15.0,4.0,784.0,0.06885998469778118,0.6885998469778118,left,0.6197398622800305,0.8263198163733741,0.0,191.0,0.8263198163733741,0.0,1.0,0.6197398622800305,34,18,0.08751050421616095,0.06531048255780884,0.06885998469778118,4000000.0,3322878.182079208,1.203775697096756,10866807.808322182,0.3680933785298623
Julián Malatini,Werder Bremen,GER,2025-2026,Defensa,24.0,516,11.0,0.999315537303217,576.0,0.0,0.872093023255814,right,1.2209302325581395,0.1744186046511628,0.0,191.0,1.0465116279069768,0.0,0.45454545454545453,1.0465116279069768,32,15,0.027046335947721503,0.004961387210980404,0.5232558139534884,2000000.0,2919261.8760182844,0.6851046891099376,5425249.875552655,0.36864661460339937
Gerard Moreno,Villarreal,ESP,2025-2026,Delantero,33.0,1343,22.0,0.999315537303217,1089.0,0.0,0.7371556217423678,left,0.9381980640357409,1.0722263588979897,0.6701414743112435,180.0,0.20104244229337304,3.0,0.7272727272727273,0.5361131794489948,72,3,0.20136333624773387,0.47012006890303326,0.0,2500000.0,4198613.843418713,0.5954346108582304,6777950.474617651,0.3688430609462408
Luka Ilić,Oviedo,ESP,2025-2026,Centrocampista,26.0,742,19.0,,676.0,0.0,0.8490566037735848,left,1.940700808625337,0.8490566037735848,0.12129380053908356,185.0,0.8490566037735848,0.0,0.42105263157894735,0.6064690026954178,29,20,0.05091357584590861,0.21379115002234833,0.48517520215633425,1400000.0,1889667.6277965582,0.7408710290668769,3783096.0774537823,0.37006726007928187
Gennaro Borrelli,Cagliari,ITA,2025-2026,Delantero,25.0,1275,27.0,3.0006844626967832,625.0,0.07058823529411765,0.1411764705882353,right,3.0352941176470587,3.4588235294117644,0.3529411764705882,194.0,0.2117647058823529,0.0,0.48148148148148145,0.4235294117647058,43,14,0.06146761356469463,0.32329129607361906,0.2823529411764706,3000000.0,6499743.487280035,0.4615566761782191,8094484.613604586,0.37062273179911065
Gabriele Zappa,Cagliari,ITA,2025-2026,Defensa,25.0,1597,31.0,0.999315537303217,625.0,0.16906700062617408,2.0851596743894802,right,0.7326236693800876,0.28177833437695676,0.0,187.0,1.0144020037570445,0.0,0.5806451612903226,0.9580463368816531,43,14,0.11871707234380018,0.06363794643784136,0.11271133375078271,3000000.0,4539997.183405413,0.660793361494935,8044743.3170024315,0.372914322034309
Aïssa Mandi,Lille,FRA,2025-2026,Defensa,33.0,2424,29.0,2.001368925393566,1089.0,0.0,0.37128712871287123,right,0.6311881188118812,0.6311881188118812,0.03712871287128713,186.0,1.6336633663366338,0.0,0.9655172413793104,0.7797029702970297,61,3,0.03726630188100556,0.03193009566368148,0.297029702970297,1000000.0,3031320.6597395064,0.3298892173571416,2673395.7589014787,0.3740561032426073
Rémy Labeau Lascary,Brest,FRA,2025-2026,Centrocampista,22.0,1200,27.0,0.999315537303217,484.0,0.07500000000000001,0.9,right,2.175,1.3499999999999999,0.375,184.0,0.30000000000000004,0.0,0.4444444444444444,0.825,39,12,0.19928769450634717,0.40045840870589017,0.15000000000000002,4000000.0,5212409.351676764,0.7673994366373493,10692558.688132288,0.37409193782958755
Tomoya Ando,St Pauli,GER,2025-2026,Defensa,26.0,1260,15.0,,676.0,0.07142857142857142,0.4285714285714286,right,0.8571428571428572,0.8571428571428572,0.0,190.0,1.0,0.0,0.9333333333333333,1.642857142857143,26,18,0.092556984562959,0.03924060932227544,0.2142857142857143,3000000.0,3083729.829813316,0.9728478711060156,8012799.008850333,0.37440100477828364
Arouna Sangante,Le Havre,FRA,2025-2026,Defensa,23.0,2324,28.0,4.999315537303217,529.0,0.0387263339070568,0.3098106712564544,right,1.6265060240963856,1.5877796901893286,0.0387263339070568,189.0,1.3941480206540449,0.0,1.0,0.96815834767642,35,14,0.015610951518322534,0.017051906132567258,0.1549053356282272,8000000.0,9821606.484070271,0.8145306995322256,21367001.118013166,0.374409115992216
Rafik Messali,Toulouse,FRA,2025-2026,Centrocampista,22.0,502,12.0,2.001368925393566,484.0,0.0,1.6135458167330679,right,1.9721115537848606,1.6135458167330679,0.0,177.0,2.151394422310757,0.0,0.4166666666666667,1.0756972111553784,44,10,0.11469671272661582,0.0,0.35856573705179284,1500000.0,3381217.661865993,0.4436271633492518,3990749.7318607774,0.37586922277398516
Jorge Herrando,Osasuna,ESP,2025-2026,Defensa,24.0,1600,28.0,4.0,576.0,0.05625,0.1125,left,1.3499999999999999,0.50625,0.0,192.0,1.2375,0.0,0.6071428571428571,0.84375,42,16,0.03901043348014355,0.009600163029972464,0.16874999999999998,3500000.0,4964372.474217571,0.7050236496510328,9302435.78757632,0.3762455425571821
Martijn Kaars,St Pauli,GER,2025-2026,Delantero,26.0,1348,29.0,,676.0,0.06676557863501484,1.0014836795252227,right,0.5341246290801187,0.40059347181008903,0.20029673590504452,183.0,0.0,1.0,0.4827586206896552,0.3338278931750742,26,18,0.08945218021414887,0.25402853357984245,0.13353115727002968,3000000.0,3328720.2772834087,0.901247251225423,7964333.68086799,0.37667934571935796
Lautaro Valenti,Parma,ITA,2025-2026,Defensa,26.0,2252,27.0,0.999315537303217,676.0,0.0,0.7992895204262876,left,0.9991119005328597,0.6793960923623446,0.0,188.0,1.0390763765541742,0.0,0.9259259259259259,1.1989342806394316,45,12,0.04660045667708608,0.019460770187380048,0.2797513321492007,2000000.0,7885427.820560551,0.2536324021361502,5304451.632415809,0.37704180160261713
Nicolás Valentini,Hellas Verona,ITA,2025-2026,Defensa,24.0,1409,21.0,3.0006844626967832,576.0,0.0,0.9581263307310149,left,1.9162526614620299,0.44712562100780695,0.0,187.0,1.022001419446416,0.0,0.7142857142857143,1.1497515968772178,21,19,0.04005667480532373,0.05078972531436309,0.511000709723208,3000000.0,2719206.174563581,1.1032631611619097,7912321.97283429,0.37915545023319663
Mario Sauer,Toulouse,FRA,2025-2026,Centrocampista,21.0,651,25.0,0.999315537303217,441.0,0.0,0.967741935483871,right,1.6589861751152073,0.4147465437788018,0.1382488479262673,180.0,1.3824884792626728,0.0,0.24,0.8294930875576036,44,10,0.017733054604673167,0.17788422701682913,0.5529953917050692,1500000.0,4258356.347098166,0.352248585542205,3948873.669084948,0.3798551500249911
Cedric Zesiger,Augsburg,GER,2025-2026,Defensa,27.0,1816,27.0,4.999315537303217,729.0,0.0,1.685022026431718,left,0.8920704845814978,0.7929515418502203,0.0,194.0,0.842511013215859,0.0,0.7407407407407407,1.1894273127753305,43,9,0.02754872038115292,0.08673106042241538,0.34691629955947134,5000000.0,4870372.900780591,1.02661543620174,13130652.922549196,0.3807883758326693
Riyad Idrissi,Cagliari,ITA,2025-2026,Centrocampista,20.0,783,23.0,4.0,400.0,0.0,2.6436781609195403,left,1.0344827586206897,0.689655172413793,0.2298850574712644,182.0,1.0344827586206897,0.0,0.17391304347826086,1.7241379310344827,43,14,0.02855659847886398,0.09069091886624522,0.3448275862068965,4000000.0,4151304.0598300416,0.9635526433021059,10472564.558630683,0.3819503787831518
Samuele Angori,Pisa,ITA,2025-2026,Centrocampista,21.0,2599,35.0,0.999315537303217,441.0,0.06925740669488265,5.7137360523278184,left,0.5886879569065024,1.8699499807618314,0.0,186.0,0.7964601769911505,0.0,0.8571428571428571,0.8657175836860331,18,20,0.13351952815130955,0.045660052193373886,0.06925740669488265,4500000.0,7925802.307299572,0.5677658646438295,11756862.782865314,0.3827551688838616
Keinan Davis,Udinese,ITA,2025-2026,Delantero,27.0,2065,30.0,4.999315537303217,729.0,0.17433414043583534,0.2179176755447942,left,1.7869249394673123,2.0484261501210654,0.4358353510895884,189.0,0.043583535108958835,4.0,0.9,0.2179176755447942,50,10,0.1886166283188807,0.43104709753401343,0.2179176755447942,10000000.0,16431232.923609108,0.6085970569884361,26126183.575217918,0.38275777903840247
Héctor Bellerín,Real Betis,ESP,2025-2026,Defensa,30.0,1822,27.0,2.001368925393566,900.0,0.14818880351262348,1.4324917672886939,right,0.7409440175631175,0.19758507135016465,0.09879253567508232,178.0,0.6915477497255763,0.0,0.7407407407407407,0.7903402854006586,60,5,0.1902931094635789,0.02677902041573556,0.09879253567508232,2400000.0,4483596.670529853,0.5352845441640446,6258917.600804757,0.38345288324157095
Nikola Štulić,Lecce,ITA,2025-2026,Delantero,23.0,1709,34.0,3.0006844626967832,529.0,0.0,0.0526623756582797,right,1.9485078993563487,1.369221767115272,0.2106495026331188,188.0,0.1053247513165594,1.0,0.5882352941176471,0.3686366296079579,38,17,0.11061959744105741,0.28813262448540955,0.0526623756582797,3500000.0,5744330.33343614,0.6092964361097897,9103524.089568399,0.3844664951247398
Fabien Centonze,Nantes,FRA,2025-2026,Centrocampista,29.0,736,15.0,0.999315537303217,841.0,0.0,3.6684782608695654,right,1.589673913043478,0.9782608695652174,0.3668478260869565,182.0,2.4456521739130435,0.0,0.6,2.2010869565217392,23,17,0.017888803976466472,0.11774140721409704,0.4891304347826087,1000000.0,1241843.2499398252,0.8052546084608151,2596569.0225937134,0.3851235962913475
Jarrod Bowen,West Ham,ENG,2025-2026,Centrocampista,28.0,3403,38.0,4.0,784.0,0.2909197766676462,3.9141933588010582,left,0.5024977960622979,1.2959153687922422,0.23802527181898323,176.0,0.7140758154569496,1.0,1.0,0.7405230678812813,39,18,0.22300262617720704,0.21881382659519907,0.1057890096973259,30000000.0,33709699.09485241,0.8899515808665615,77759425.93530034,0.3858053173509984
Léo Pétrot,Elche,ESP,2025-2026,Defensa,28.0,1572,32.0,2.001368925393566,784.0,0.0,0.9160305343511451,left,1.0877862595419847,0.34351145038167935,0.0,188.0,0.9732824427480915,0.0,0.5625,1.2595419847328244,43,13,0.001441340658899027,0.02837945053083751,0.11450381679389314,1500000.0,2116603.164118836,0.7086826786562352,3882063.506038322,0.3863924424901442
Ali Yousuf,Nantes,FRA,2025-2026,Defensa,24.0,969,13.0,,576.0,0.0,0.09287925696594426,right,1.021671826625387,1.021671826625387,0.0,188.0,1.671826625386997,0.0,0.7692307692307693,0.6501547987616099,23,17,,,0.37151702786377705,2500000.0,2351161.975904259,1.0633040282299129,6469707.711455844,0.3864162202526207
Daniel Mosquera,Hellas Verona,ITA,2025-2026,Delantero,25.0,597,22.0,2.001368925393566,625.0,0.30150753768844224,0.30150753768844224,right,3.3165829145728645,0.9045226130653267,0.0,180.0,0.30150753768844224,0.0,0.22727272727272727,0.30150753768844224,21,19,0.1489904758768465,0.1651872297627243,0.15075376884422112,1800000.0,1313981.8541594548,1.3698819312474049,4641066.533569946,0.3878418865534827
Michel Ndary Adopo,Cagliari,ITA,2025-2026,Centrocampista,25.0,3050,38.0,3.0006844626967832,625.0,0.05901639344262295,0.7672131147540985,right,1.0327868852459017,0.7377049180327869,0.029508196721311476,187.0,0.9147540983606557,0.0,0.868421052631579,0.9442622950819672,43,14,,,0.1180327868852459,7000000.0,7704846.731068442,0.9085190457811093,17994312.058261834,0.3890118153634025
Martin Frese,Hellas Verona,ITA,2025-2026,Centrocampista,27.0,2408,31.0,0.999315537303217,729.0,0.0,2.76578073089701,left,1.7192691029900333,0.7475083056478405,0.07475083056478406,179.0,1.1212624584717608,0.0,0.8709677419354839,2.0182724252491697,21,19,0.10338572945764468,0.05094555479650729,0.29900332225913623,2500000.0,2956104.735473377,0.845707518410934,6415951.087200811,0.38965384336973097
Nathaniel Clyne,Crystal Palace,ENG,2025-2026,Centrocampista,34.0,594,10.0,,1156.0,0.15151515151515152,2.2727272727272725,right,0.6060606060606061,0.30303030303030304,0.0,175.0,1.0606060606060606,0.0,0.7,1.3636363636363638,45,15,0.10219691631694634,0.04093406270399238,0.15151515151515152,300000.0,1282105.7037059846,0.23399006738121234,768081.1971446733,0.3905837053624592
Arkadiusz Pyrka,St Pauli,GER,2025-2026,Centrocampista,22.0,2576,31.0,,484.0,0.03493788819875776,1.6420807453416149,right,0.593944099378882,1.1180124223602483,0.0,177.0,0.8035714285714285,0.0,0.967741935483871,0.8385093167701864,26,18,0.07766786804755352,0.03524913012935138,0.1048136645962733,3500000.0,6032654.899241967,0.580175736629621,8923415.27436393,0.39222650659945707
Giorgi Gocholeishvili,Hamburger SV,GER,2025-2026,Centrocampista,24.0,940,24.0,0.999315537303217,576.0,0.19148936170212766,1.9148936170212765,right,1.2446808510638296,1.819148936170213,0.0,178.0,0.6702127659574468,0.0,0.375,1.3404255319148937,38,13,0.06114673087413007,0.09409271812740158,0.28723404255319146,2000000.0,2838957.4779996416,0.7044839577552322,5094919.567025311,0.3925479045722615
Kojo Peprah Oppong,Nice,FRA,2025-2026,Defensa,21.0,2425,29.0,4.0,441.0,0.0,0.18556701030927836,right,1.1505154639175257,1.1134020618556701,0.03711340206185567,185.0,1.1134020618556701,0.0,0.9655172413793104,1.0391752577319588,32,16,0.021935025375989296,0.04862074113076495,0.14845360824742268,10000000.0,13659038.122100987,0.7321159740977305,25445110.766600072,0.39300280874101223
Mbwana Samatta,Le Havre,FRA,2025-2026,Delantero,32.0,1542,27.0,0.999315537303217,1024.0,0.058365758754863814,0.40856031128404674,right,2.0428015564202333,1.1673151750972763,0.11673151750972763,183.0,0.23346303501945526,0.0,0.6296296296296297,0.35019455252918286,35,14,0.11152553343094508,0.342153643768875,0.23346303501945526,700000.0,1158370.5447270619,0.6042971337508722,1778812.4592949057,0.39352096750967747
Lassine Sinayoko,Auxerre,FRA,2025-2026,Delantero,25.0,2770,32.0,3.0006844626967832,625.0,0.1299638989169675,1.03971119133574,right,0.9747292418772563,1.7220216606498195,0.3898916967509025,186.0,0.8447653429602888,3.0,1.0,0.8447653429602888,34,15,0.1607080873552481,0.4423003152873542,0.259927797833935,10000000.0,13340739.886732537,0.7495836126709189,25279004.84109763,0.39558519264739356
Kaïl Boudache,Nice,FRA,2025-2026,Centrocampista,19.0,531,13.0,4.999315537303217,361.0,0.0,1.3559322033898304,left,0.847457627118644,0.6779661016949152,0.1694915254237288,,1.0169491525423728,0.0,0.23076923076923078,1.5254237288135593,32,16,0.03377884010768543,0.4848490873256982,0.1694915254237288,5000000.0,4840997.295708376,1.0328450305957788,12637439.066011535,0.39564978108955073
Willem Geubbels,Paris FC,FRA,2025-2026,Delantero,23.0,1013,24.0,4.0,529.0,0.0,0.7996051332675221,right,1.688055281342547,0.2665350444225074,0.4442250740375123,186.0,0.5330700888450148,1.0,0.5,0.17769002961500494,76,1,0.04810537532457359,0.5208999374541219,0.0,5000000.0,28186673.180774312,0.17738879533361962,12634512.302277228,0.3957414327024563
Luis Rioja,Valencia,ESP,2025-2026,Centrocampista,31.0,2624,37.0,0.999315537303217,961.0,0.20579268292682926,5.213414634146342,,0.4458841463414634,0.9946646341463414,0.10289634146341463,,0.5830792682926829,0.0,0.8378378378378378,0.8574695121951219,49,9,0.149196215533288,0.09026272314680149,0.03429878048780488,1800000.0,2773808.4383355156,0.6489272925711227,4547315.744021158,0.3958379187472637
Caleb Ekuban,Genoa,ITA,2025-2026,Delantero,31.0,994,31.0,2.001368925393566,961.0,0.09054325955734407,0.45271629778672035,right,1.4486921529175052,2.625754527162978,0.3621730382293763,182.0,0.45271629778672035,0.0,0.1935483870967742,0.09054325955734407,41,16,0.11324959036929745,0.37321879421651244,0.0,1200000.0,2415211.9349274607,0.49685080743692217,3003103.2958048256,0.39958665480349465
Wesley Saïd,Lens,FRA,2025-2026,Centrocampista,30.0,1991,29.0,2.001368925393566,900.0,0.09040683073832247,0.9944751381215469,right,1.6725263686589653,0.5876443997990959,0.5424409844299347,171.0,0.40683073832245104,1.0,0.896551724137931,0.6780512305374184,70,2,0.2675555016431959,0.5449881399773522,0.09040683073832247,5000000.0,10599094.69844543,0.47173840240651405,12508779.213015566,0.3997192623559482
Francisco Sierralta,Auxerre,FRA,2025-2026,Defensa,28.0,861,10.0,3.0006844626967832,784.0,0.0,0.0,right,0.8362369337979094,0.5226480836236934,0.10452961672473868,192.0,0.9407665505226481,0.0,0.9,0.627177700348432,34,15,0.004047512203351131,0.07581098147956751,0.20905923344947736,1200000.0,2664461.4430334507,0.4503724394802341,2993900.1204649103,0.40081497435313806
Justin Njinmah,Werder Bremen,GER,2025-2026,Delantero,24.0,1947,33.0,2.001368925393566,576.0,0.0,1.571648690292758,right,0.3697996918335901,1.155624036979969,0.23112480739599384,185.0,0.27734976887519264,0.0,0.6666666666666666,0.6471494607087828,32,15,0.057309560638454916,0.3133464347749076,0.09244992295839753,5000000.0,8639114.298574338,0.5787630337088051,12455925.618754027,0.4014153707269932
Darlin Yongwa,Lorient,FRA,2025-2026,Defensa,24.0,1312,23.0,4.0,576.0,0.06859756097560976,2.606707317073171,left,0.9603658536585367,1.5091463414634148,0.0,177.0,0.7545731707317074,0.0,0.6086956521739131,1.646341463414634,45,9,,,0.27439024390243905,5000000.0,6299230.3966269735,0.7937477572938644,12428754.682165207,0.4022929189498615
Riccardo Sottil,Lecce,ITA,2025-2026,Delantero,26.0,1066,21.0,0.999315537303217,676.0,0.16885553470919323,8.442776735459661,right,0.8442776735459663,2.279549718574109,0.08442776735459662,180.0,0.16885553470919323,0.0,0.6190476190476191,0.16885553470919323,38,17,0.3290079386929298,0.06390743922113701,0.08442776735459662,3000000.0,4557823.7630485315,0.6582088636953856,7445919.736437733,0.4029052294666899
Carlos Martín,Rayo Vallecano,ESP,2025-2026,Centrocampista,23.0,450,11.0,3.0006844626967832,529.0,0.0,1.6,right,2.2,1.0,0.0,184.0,0.0,0.0,0.6363636363636364,1.4,50,8,0.11580955497920513,0.22990331314504148,0.2,1500000.0,4490911.562619817,0.3340079133344056,3707686.8367029694,0.40456491231979635
Iván Martín,Girona,ESP,2025-2026,Centrocampista,26.0,2532,35.0,2.001368925393566,676.0,0.035545023696682464,0.533175355450237,,1.066350710900474,1.1018957345971565,0.0,,0.6042654028436019,0.0,0.8285714285714286,1.386255924170616,41,19,0.07736836802832323,0.03943475543728796,0.1777251184834123,5000000.0,6765725.5310618365,0.7390190419408401,12343432.756858358,0.4050737018210643
Clemens Riedel,Espanyol,ESP,2025-2026,Defensa,22.0,1396,20.0,3.0006844626967832,484.0,0.06446991404011461,0.19340974212034384,right,1.482808022922636,0.5157593123209169,0.0,186.0,0.7091690544412608,0.0,0.8,0.9025787965616047,46,11,0.011487314177351472,0.007012103254610625,0.3223495702005731,4000000.0,5712105.460288507,0.7002671830568703,9866935.298252631,0.40539436806769913
Arturo Calabresi,Pisa,ITA,2025-2026,Defensa,29.0,1514,26.0,0.999315537303217,841.0,0.0,1.0105680317040953,right,1.961690885072655,1.4861294583883753,0.0,186.0,1.1294583883751652,0.0,0.6538461538461539,0.7727873183619551,18,20,0.0038722468247265607,0.014312793248513889,0.47556142668428003,800000.0,1468021.4952030831,0.5449511486133448,1970248.1666153264,0.4060402204938039
Hugo Rincón,Girona,ESP,2025-2026,Defensa,22.0,1750,33.0,2.001368925393566,484.0,0.051428571428571435,1.8,right,1.645714285714286,2.725714285714286,0.051428571428571435,183.0,0.2571428571428571,0.0,0.48484848484848486,1.697142857142857,41,19,0.06849061125091144,0.035533119046262336,0.20571428571428574,3500000.0,4827945.816479759,0.7249459983691334,8597276.00664293,0.4071056922327055
Thibault De Smet,Paris FC,FRA,2025-2026,Defensa,27.0,1144,17.0,0.999315537303217,729.0,0.07867132867132867,2.0454545454545454,left,0.8653846153846154,1.0227272727272727,0.0,183.0,0.7867132867132868,0.0,0.7647058823529411,0.8653846153846154,76,1,0.028204271257236287,0.014594528918525765,0.47202797202797203,1800000.0,8206873.266139182,0.21932835339697976,4420641.079377792,0.40718076126943814
Louis Leroux,Nantes,FRA,2025-2026,Centrocampista,19.0,1441,23.0,4.0,361.0,0.062456627342123525,1.873698820263706,left,0.7494795281054822,0.8743927827897293,0.062456627342123525,184.0,0.31228313671061764,0.0,0.6956521739130435,1.436502428868841,23,17,0.0466252844018046,0.10111056233314819,0.12491325468424705,10000000.0,5705778.8092418555,1.7526091238942947,24528319.88396145,0.4076920085561502
Mathias Pereira Lage,St Pauli,GER,2025-2026,Centrocampista,28.0,2018,28.0,2.001368925393566,784.0,0.08919722497522299,2.5867195242814667,right,1.4271555996035679,1.4271555996035679,0.08919722497522299,180.0,0.7135777998017839,0.0,0.8928571428571429,1.0257680872150643,26,18,,,0.1337958374628345,2500000.0,2422632.665009975,1.0319352314973045,6126399.926406517,0.40806999706700386
Ilyas Ansah,Union Berlin,GER,2025-2026,Centrocampista,20.0,1892,33.0,4.999315537303217,400.0,0.04756871035940804,0.9038054968287526,right,0.9989429175475688,2.0454545454545454,0.23784355179704017,197.0,0.19027484143763215,0.0,0.696969696969697,0.4281183932346723,39,11,0.07241598442669399,0.1819986839932301,0.04756871035940804,12000000.0,14928106.477383563,0.8038527872359623,29378394.95337391,0.40846343100244425
Alessio Castro-Montes,Köln,GER,2025-2026,Centrocampista,28.0,672,14.0,2.001368925393566,784.0,0.40178571428571425,7.633928571428572,right,1.7410714285714286,1.3392857142857142,0.13392857142857142,175.0,0.6696428571428571,0.0,0.5,2.2767857142857144,32,14,0.3124033584858158,0.16781087819254026,0.26785714285714285,2500000.0,2623943.0013280194,0.9527645984439106,6112472.299642765,0.40899980849747314
Gorka Guruzeta,Athletic Club,ESP,2025-2026,Delantero,28.0,2363,35.0,2.001368925393566,784.0,0.11426153195090986,0.2666102412187897,,1.8662716885315276,1.1426153195090987,0.38087177316969956,,0.4189589504866695,1.0,0.8,0.22852306390181973,45,12,0.1333624305510188,0.4466143530611007,0.22852306390181973,5000000.0,10592562.991109911,0.4720292911353354,12211474.159744836,0.4094509749267223
Leander Dendoncker,Oviedo,ESP,2025-2026,Centrocampista,30.0,1330,19.0,,900.0,0.0,0.3383458646616541,right,0.81203007518797,0.2030075187969925,0.06766917293233084,188.0,0.744360902255639,0.0,0.7894736842105263,1.6917293233082706,29,20,0.02913955976500323,0.03643021180777622,0.13533834586466167,1800000.0,1522648.080686749,1.1821510320284638,4394344.882932456,0.40961737140640975
Pablo Torre,Mallorca,ESP,2025-2026,Centrocampista,22.0,1599,35.0,3.0006844626967832,484.0,0.225140712945591,5.065666041275797,right,1.6322701688555346,2.026266416510319,0.225140712945591,173.0,0.5065666041275797,0.0,0.5428571428571428,0.9568480300187618,42,17,0.16629340995529468,0.15844009659387603,0.225140712945591,5000000.0,6425225.381810423,0.7781828189490156,12203984.877742158,0.4097022448068653
Salomón Rondón,Oviedo,ESP,2025-2026,Delantero,35.0,1032,16.0,1.5030800821355237,1225.0,0.0,0.1744186046511628,right,0.9593023255813954,1.8313953488372094,0.1744186046511628,186.0,0.0872093023255814,0.0,0.8125,0.0,29,20,0.01687342929112357,0.3299397009771404,0.1744186046511628,350000.0,650522.1656112532,0.5380293224461119,851164.9067244511,0.41120116352882724
Benjamin Stambouli,Metz,FRA,2025-2026,Centrocampista,34.0,960,19.0,,1156.0,0.0,0.75,right,1.3125,0.84375,0.0,180.0,0.84375,0.0,0.5263157894736842,1.5,17,18,0.08577858831267804,0.029019008798059076,0.0,250000.0,292443.3698960259,0.854866362977844,606063.1087729302,0.41249829659845855
Antonio Sanabria,Cremonese,ITA,2025-2026,Delantero,29.0,945,25.0,3.5044490075290895,841.0,0.09523809523809525,0.1904761904761905,right,1.4285714285714284,1.4285714285714284,0.09523809523809525,180.0,0.09523809523809525,0.0,0.4,0.1904761904761905,34,18,0.18893374254306156,0.2838044741324016,0.1904761904761905,1800000.0,2088249.4342871634,0.8619659943135294,4358493.75457237,0.41298671085892275
Leandro Cabrera,Espanyol,ESP,2025-2026,Defensa,34.0,3330,37.0,0.999315537303217,1156.0,0.0,0.5405405405405406,,1.027027027027027,0.24324324324324326,0.08108108108108109,,0.6216216216216216,0.0,1.0,0.6216216216216216,46,11,0.02934334558006879,0.09867829127186858,0.1081081081081081,900000.0,1931281.562848274,0.46601180134121445,2166371.239535865,0.4154412612091457
Juan Rodríguez,Cagliari,ITA,2025-2026,Defensa,20.0,1310,17.0,4.0,400.0,0.0,0.34351145038167935,left,1.0305343511450382,0.549618320610687,0.06870229007633588,190.0,1.16793893129771,0.0,0.9411764705882353,1.8549618320610688,43,14,0.0,0.08233522409075544,0.20610687022900764,10000000.0,9325549.048736144,1.0723229214429215,24047131.84387471,0.4158500092620069
Nicolò Bertola,Udinese,ITA,2025-2026,Defensa,22.0,1763,28.0,4.0,484.0,0.05104934770277936,0.40839478162223486,right,0.9699376063528078,0.6125921724333523,0.0,192.0,1.2251843448667046,0.0,0.6428571428571429,1.0720363017583665,50,10,0.07907722164336349,0.050830136449987476,0.15314804310833807,7000000.0,9344409.794628764,0.7491109822713097,16808648.931533344,0.41645226981139855
Ousmane Camara,Angers,FRA,2025-2026,Defensa,22.0,2718,32.0,3.0006844626967832,484.0,0.0,0.09933774834437085,right,0.728476821192053,0.23178807947019867,0.033112582781456956,197.0,1.1258278145695364,0.0,0.96875,0.9602649006622516,36,13,0.008284753089807681,0.021253528061094665,0.13245033112582782,8000000.0,7332724.651649264,1.0909996461138975,19073755.682341423,0.4194244769217863
Luca Kerber,Heidenheim,GER,2025-2026,Centrocampista,23.0,682,18.0,0.999315537303217,529.0,0.0,0.5278592375366569,right,1.5835777126099708,0.7917888563049854,0.26392961876832843,184.0,0.3958944281524927,0.0,0.4444444444444444,1.4516129032258065,26,17,0.020080622520483486,0.20140274632667518,0.3958944281524927,2000000.0,2546201.37770597,0.7854838260286873,4757085.351326366,0.4204255026541329
Aron Dønnum,Toulouse,FRA,2025-2026,Centrocampista,27.0,2419,28.0,0.999315537303217,729.0,0.14882182720132286,5.208763952046301,left,1.56262918561389,1.4138073584125672,0.14882182720132286,178.0,1.0789582472095907,3.0,1.0,1.0789582472095907,44,10,0.23398763713060752,0.1712894526091968,0.3720545680033071,5000000.0,8039117.880973294,0.6219587862785079,11885977.401804127,0.42066376461737753
Fran Beltrán,Celta Vigo,ESP,2025-2026,Centrocampista,26.0,528,10.0,4.0,676.0,0.0,0.34090909090909094,right,1.7045454545454546,0.5113636363636364,0.0,165.0,1.3636363636363638,0.0,0.7,0.8522727272727273,54,6,0.15400769062001596,0.10772668110968714,0.0,4000000.0,6257106.461399943,0.6392731248342951,9478916.265086418,0.4219891692400695
Jeremy Toljan,Levante,ESP,2025-2026,Defensa,30.0,3164,37.0,0.999315537303217,900.0,0.11378002528445007,2.1618204804045513,,0.938685208596713,0.5404551201011378,0.028445006321112517,,0.8817951959544881,0.0,1.0,1.1093552465233882,42,18,0.14141246834805166,0.024140158870673056,0.22756005056890014,2000000.0,2501432.8051742394,0.7995417649688529,4737114.220562556,0.422197968399945
Djibril Sidibé,Toulouse,FRA,2025-2026,Centrocampista,33.0,2141,32.0,2.001368925393566,1089.0,0.1681457262961233,2.396076599719757,right,1.219056515646894,0.5885100420364315,0.12610929472209248,183.0,0.7566557683325549,1.0,0.78125,1.3451658103689863,44,10,0.08292266453056484,0.12672576056301788,0.04203643157403082,1000000.0,1490043.9007888772,0.6711211659405255,2365892.7330559674,0.4226734314823833
Adrian Benedyczak,Parma,ITA,2025-2026,Delantero,24.0,490,14.0,4.0,576.0,0.1836734693877551,1.8367346938775508,both,1.653061224489796,1.1020408163265305,0.1836734693877551,191.0,0.1836734693877551,1.0,0.35714285714285715,1.1020408163265305,45,12,0.2670108550513277,0.3662183959113092,0.1836734693877551,5000000.0,6507971.610295556,0.7682885389496849,11807530.967165198,0.42345855487520445
Samir Chergui,Paris FC,FRA,2025-2026,Defensa,26.0,1154,15.0,,676.0,0.0,0.46793760831889086,right,1.0918544194107451,0.3119584055459272,0.0779896013864818,185.0,1.0138648180242635,0.0,0.8666666666666667,0.9358752166377817,76,1,0.011447109669395295,0.13560111142946746,0.0779896013864818,3000000.0,16421804.770338498,0.18268394016099132,7080277.314441528,0.4237122172998716
Santiago Hidalgo,Toulouse,FRA,2025-2026,Centrocampista,20.0,1306,28.0,3.0006844626967832,400.0,0.41347626339969373,0.8269525267993875,left,2.8254211332312402,2.0673813169984685,0.27565084226646247,174.0,0.5513016845329249,0.0,0.5,1.3782542113323124,44,10,0.18763670260671406,0.29639592297249695,0.27565084226646247,6000000.0,10031159.429925645,0.5981362415694828,14158458.7474,0.4237749395640832
Davinchi,Getafe,ESP,2025-2026,Defensa,17.0,700,14.0,2.001368925393566,289.0,0.0,2.571428571428571,left,3.471428571428571,0.2571428571428571,0.0,182.0,0.9,0.0,0.5,2.1857142857142855,51,7,0.007696011316563402,0.02522438301571778,0.2571428571428571,1000000.0,3198158.8074647314,0.31267990747236457,2359321.7630605362,0.42385062336846746
Louis Mouton,Angers,FRA,2025-2026,Centrocampista,23.0,1891,32.0,2.001368925393566,529.0,0.047593865679534636,1.4754098360655739,right,0.9518773135906927,0.7615018508725542,0.09518773135906927,180.0,0.5711263881544156,0.0,0.75,1.2374405076679005,36,13,0.11125180959930059,0.14653238594445334,0.09518773135906927,4000000.0,4227401.483128894,0.946207739190037,9387620.974843387,0.4260930443100609
Sadibou Sané,Metz,FRA,2025-2026,Defensa,21.0,1940,23.0,4.999315537303217,441.0,0.04639175257731959,0.18556701030927836,right,1.0206185567010309,0.6958762886597938,0.09278350515463918,184.0,1.8092783505154642,0.0,0.9565217391304348,1.577319587628866,17,18,0.012652441878447829,0.013811341611687669,0.23195876288659795,7000000.0,6500261.940714313,1.0768796802103595,16400891.195444904,0.4268060751445106
Carlens Arcus,Angers,FRA,2025-2026,Defensa,29.0,2040,26.0,0.999315537303217,841.0,0.1323529411764706,1.6764705882352942,right,1.4558823529411766,0.7058823529411764,0.0,180.0,1.2794117647058822,0.0,0.9230769230769231,1.2794117647058822,36,13,0.09202455564895097,0.00903762734549887,0.3088235294117647,1800000.0,1847683.9185729949,0.9741925996683338,4212801.464823166,0.4272691260269384
Josh Doig,Sassuolo,ITA,2025-2026,Defensa,23.0,1917,30.0,2.001368925393566,529.0,0.0,1.8309859154929575,left,0.7511737089201878,0.892018779342723,0.0,189.0,1.0328638497652582,0.0,0.7333333333333333,0.9389671361502349,49,11,0.07058452657410796,0.03518362324072721,0.23474178403755872,4500000.0,9280689.145277498,0.48487778542715615,10529992.303814497,0.4273507396933113
Jamie Vardy,Cremonese,ITA,2025-2026,Delantero,38.0,2105,29.0,,1444.0,0.0855106888361045,0.5985748218527316,right,0.8123515439429929,0.8978622327790973,0.2992874109263658,179.0,0.12826603325415678,0.0,0.8275862068965517,0.4275534441805226,34,18,0.09079633481499702,0.2685874886633806,0.2137767220902613,1000000.0,1005797.9497381643,0.9942354727013774,2337124.774681704,0.42787617111122844
Giuseppe Pezzella,Cremonese,ITA,2025-2026,Centrocampista,27.0,2585,31.0,2.001368925393566,729.0,0.03481624758220503,4.456479690522244,left,1.7059961315280463,1.114119922630561,0.0,187.0,0.3829787234042553,0.0,0.967741935483871,1.114119922630561,34,18,0.05788179547877215,0.004088746484664469,0.27852998065764023,2000000.0,3137151.1814989513,0.6375210770187961,4671148.993990155,0.4281601812687149
Sofiane Boufal,Le Havre,FRA,2025-2026,Centrocampista,31.0,1019,17.0,,961.0,0.35328753680078506,5.21099116781158,right,2.1197252208047104,2.8263002944062805,0.08832188420019627,175.0,0.2649656526005888,0.0,0.7647058823529411,1.5014720314033365,35,14,0.3210092085332293,0.13271860487693307,0.17664376840039253,1800000.0,2172280.25156472,0.8286223652327723,4203616.0181205515,0.42820276453432704
Gift Orban,Hellas Verona,ITA,2025-2026,Delantero,23.0,2027,28.0,0.999315537303217,529.0,0.08880118401578689,0.6216082881105082,right,0.9768130241736556,0.8880118401578687,0.3108041440552541,178.0,0.1332017760236803,2.0,0.8214285714285714,0.1332017760236803,21,19,0.1123496003083234,0.5435836506749264,0.17760236803157378,7000000.0,9009577.535478573,0.7769509693917266,16327584.595703345,0.42872232319298914
Omar Mascarell,Mallorca,ESP,2025-2026,Centrocampista,32.0,2239,30.0,0.999315537303217,1024.0,0.080393032603841,0.241179097811523,,1.527467619472979,0.5627512282268871,0.080393032603841,,1.4068780705672175,0.0,0.8666666666666667,1.1255024564537741,42,17,0.02466485122249509,0.014858626181949403,0.2009825815096025,700000.0,1339259.684465988,0.5226768252037062,1621441.5201100816,0.4317146140136316
Henrik Meister,Pisa,ITA,2025-2026,Delantero,21.0,1515,28.0,0.999315537303217,441.0,0.0,0.0594059405940594,right,1.5445544554455446,1.00990099009901,0.1188118811881188,192.0,0.0594059405940594,0.0,0.5357142857142857,0.1782178217821782,18,20,0.0385987712162556,0.3159527430071099,0.1188118811881188,3800000.0,5020569.8951283805,0.7568861861055378,8749589.830146313,0.43430607305810764
Amin Sarr,Hellas Verona,ITA,2025-2026,Delantero,24.0,1102,34.0,3.0006844626967832,576.0,0.08166969147005444,0.9800362976406534,right,2.041742286751361,1.7967332123411979,0.0,188.0,0.32667876588021777,0.0,0.2647058823529412,0.73502722323049,21,19,0.11191179511051105,0.13208873083176068,0.16333938294010888,2400000.0,1955254.7248754622,1.227461552434231,5506777.439694295,0.4358265839291363
Adrián Liso,Getafe,ESP,2025-2026,Delantero,20.0,1702,28.0,0.999315537303217,400.0,0.0,2.2209165687426555,left,2.062279670975323,2.2737955346651,0.15863689776733256,182.0,0.21151586368977673,0.0,0.75,1.163337250293772,51,7,0.007972952578168638,0.145797795056859,0.26439482961222094,3000000.0,10142596.818556016,0.29578223936807385,6876114.942134598,0.436292881263077
Jonathan Ikone,Paris FC,FRA,2025-2026,Centrocampista,27.0,1100,23.0,0.999315537303217,729.0,0.08181818181818182,0.5727272727272728,left,1.0636363636363637,1.4727272727272729,0.24545454545454548,175.0,0.40909090909090906,0.0,0.5652173913043478,1.2272727272727273,76,1,0.20745840333402157,0.2972369657660072,0.16363636363636364,4000000.0,11972586.214214297,0.33409657098572837,9148858.355038948,0.4372130209882314
Livan Burcu,Union Berlin,GER,2025-2026,Centrocampista,20.0,651,18.0,,400.0,0.1382488479262673,2.0737327188940093,right,0.8294930875576036,1.935483870967742,0.1382488479262673,180.0,0.2764976958525346,0.0,0.3333333333333333,0.967741935483871,39,11,0.07034735921512825,0.29879325803386453,0.5529953917050692,4000000.0,7744838.506245867,0.5164730028617354,9145765.988167422,0.4373608514776243
Dimitris Giannoulis,Augsburg,GER,2025-2026,Centrocampista,29.0,1888,27.0,3.0006844626967832,841.0,0.23834745762711862,4.719279661016949,left,0.7627118644067796,0.9533898305084745,0.09533898305084745,178.0,1.0010593220338984,0.0,0.9259259259259259,0.9533898305084745,43,9,0.1841224699529772,0.04632271715771343,0.3813559322033898,3000000.0,4429464.929259236,0.6772827074853275,6839771.527727835,0.4386111418836525
Gabriele Piccinini,Pisa,ITA,2025-2026,Centrocampista,24.0,875,25.0,2.001368925393566,576.0,0.0,1.9542857142857142,right,1.1314285714285715,1.2342857142857142,0.0,184.0,0.20571428571428574,0.0,0.2,1.645714285714286,18,20,0.1480096063230719,0.2974313868795122,0.30857142857142855,3000000.0,2424350.6838468863,1.2374447393228156,6825300.804842993,0.4395410672407736
Tani Oluwaseyi,Villarreal,ESP,2025-2026,Delantero,25.0,901,27.0,4.0,625.0,0.1997780244173141,0.2996670366259711,left,1.0987791342952276,0.7991120976692564,0.1997780244173141,187.0,0.09988901220865705,0.0,0.3333333333333333,0.49944506104328523,72,3,0.20452421057254044,0.36146000494868324,0.09988901220865705,7000000.0,10258772.985731883,0.6823428113416435,15925432.895774964,0.4395484911343985
Alfonso Espino,Rayo Vallecano,ESP,2025-2026,Defensa,33.0,1486,30.0,2.001368925393566,1089.0,0.0,2.9676985195154777,left,1.4535666218034993,1.816958277254374,0.12113055181695828,172.0,0.908479138627187,0.0,0.5,1.9986541049798117,50,8,0.18616834593984433,0.12484073159466641,0.1816958277254374,900000.0,1387166.5433957262,0.64880457525802,2040850.8876361235,0.44099253181718334
Mikael Ellertsson,Genoa,ITA,2025-2026,Centrocampista,23.0,2767,36.0,3.0006844626967832,529.0,0.03252620166245031,1.0408384531984098,left,0.9107336465486086,1.3661004698229129,0.03252620166245031,182.0,0.4553668232743043,0.0,0.8611111111111112,0.845681243223708,41,16,0.08136114872316183,0.06994302275166168,0.03252620166245031,6000000.0,14026532.743055154,0.42776073816037913,13600543.353503646,0.441158845205573
Lassana Coulibaly,Lecce,ITA,2025-2026,Centrocampista,29.0,2689,33.0,0.999315537303217,841.0,0.033469691335068795,0.6024544440312384,right,1.137969505392339,1.7404239494235776,0.10040907400520639,183.0,0.3012272220156192,0.0,0.9393939393939394,0.9371513573819263,38,17,0.03940875425535802,0.10710606102818847,0.13387876534027518,2200000.0,3002221.0947481166,0.7327908007336741,4961263.251904234,0.4434354494604968
Pierre-Emerick Aubameyang,Marseille,FRA,2025-2026,Delantero,36.0,2039,30.0,2.001368925393566,1296.0,0.22069641981363414,1.324178518881805,right,0.8386463952918097,0.7062285434036293,0.4413928396272683,187.0,0.30897498773908777,0.0,0.7666666666666667,0.26483570377636095,59,5,0.22674105890404,0.6853010083670679,0.04413928396272683,2500000.0,3415778.340332864,0.7318976089521013,5622159.674473062,0.44466897860461657
Afonso Moreira,Lyon,FRA,2025-2026,Centrocampista,20.0,1722,27.0,4.999315537303217,400.0,0.3658536585365854,6.219512195121951,right,1.411149825783972,2.979094076655052,0.20905923344947736,176.0,0.627177700348432,0.0,0.6666666666666666,1.1498257839721255,60,4,0.3097896370550014,0.16522058490209462,0.156794425087108,20000000.0,38578641.57774899,0.5184215716795846,44932406.59280711,0.44511303792932494
Dro Fernández,PSG,FRA,2025-2026,Centrocampista,17.0,682,12.0,4.0,289.0,0.0,0.5278592375366569,right,1.0557184750733137,1.5835777126099708,0.13196480938416422,180.0,1.187683284457478,0.0,0.5833333333333334,0.6598240469208212,76,1,0.006815766440458662,0.0,0.0,10000000.0,17834102.94967946,0.5607234649377043,22373334.646897957,0.44696064121968027
Marius Bülter,Köln,GER,2025-2026,Delantero,32.0,1597,32.0,0.999315537303217,1024.0,0.22542266750156542,3.494051346274264,right,0.9580463368816531,1.408891671884784,0.28177833437695676,188.0,0.45084533500313084,0.0,0.5625,0.28177833437695676,32,14,0.2650872921908208,0.22427775211860854,0.16906700062617408,1800000.0,1905969.5161104633,0.9444012534226063,4024842.372935316,0.44722248307261303
Daniel Vivian,Athletic Club,ESP,2025-2026,Defensa,26.0,2564,31.0,6.0013689253935665,676.0,0.0,0.38611544461778474,,1.3338533541341655,0.5967238689547583,0.035101404056162244,,1.1934477379095165,0.0,0.9032258064516129,1.3338533541341655,45,12,,,0.28081123244929795,20000000.0,13516224.46862133,1.4797031557467188,44611554.91068153,0.4483143445693106
Julio Enciso,Strasbourg,FRA,2025-2026,Centrocampista,21.0,1883,27.0,4.999315537303217,441.0,0.28677642060541686,2.915560276155072,right,0.9559214020180563,1.4816781731279873,0.14338821030270843,173.0,0.33457249070631967,1.0,0.8148148148148148,0.47796070100902815,53,8,0.21116098338580802,0.36684598692604287,0.09559214020180562,25000000.0,30884392.161062587,0.8094703586725817,55755455.58304871,0.4483866150597957
Marc Roca,Real Betis,ESP,2025-2026,Centrocampista,28.0,2026,29.0,3.0006844626967832,784.0,0.044422507403751234,0.4442250740375123,left,1.8657453109575517,1.0217176702862785,0.044422507403751234,184.0,1.0217176702862785,0.0,0.7931034482758621,1.2882527147087859,60,5,0.09161579331635017,0.042599557546359974,0.044422507403751234,4000000.0,9150406.132682795,0.4371390670533271,8918772.41831162,0.4484922153397906
Álvaro Rodríguez,Elche,ESP,2025-2026,Delantero,21.0,2201,34.0,,441.0,0.2044525215810995,0.408905043162199,,1.5129486597001363,2.003634711494775,0.2862335302135393,,0.1635620172648796,0.0,0.7058823529411765,0.5724670604270786,43,13,0.15789153188913857,0.49797377222450767,0.0817810086324398,10000000.0,13814248.33103609,0.723890273315362,22219757.94136397,0.45004990722172306
Florent Hanin,Angers,FRA,2025-2026,Defensa,35.0,865,25.0,0.917180013689254,1225.0,0.0,2.705202312138728,left,0.8323699421965318,0.8323699421965318,0.0,177.0,1.352601156069364,0.0,0.36,0.8323699421965318,36,13,0.08107891566836076,0.007766526321627501,0.0,200000.0,287495.13505582843,0.6956639456217656,444002.35015415726,0.45044806616577626
Paulo Dybala,Roma,ITA,2025-2026,Centrocampista,31.0,1354,22.0,0.999315537303217,961.0,0.39881831610044316,6.514032496307237,left,0.7311669128508124,2.658788774002954,0.1329394387001477,177.0,0.33234859675036926,0.0,0.6818181818181818,0.39881831610044316,73,3,0.422972661279351,0.4177697414760663,0.0,5000000.0,8020280.475926616,0.6234195942408521,11098211.006975384,0.45052306149679694
Alberto Moreno,Como,ITA,2025-2026,Defensa,33.0,1233,19.0,0.999315537303217,1089.0,0.07299270072992702,2.4817518248175183,left,1.2408759124087592,0.8759124087591241,0.14598540145985403,171.0,0.510948905109489,0.0,0.6842105263157895,0.8759124087591241,71,4,0.14044274609998195,0.11631570321364995,0.29197080291970806,1000000.0,2237706.0555218705,0.4468862197214653,2204721.27746793,0.453572072905504
Bryan Okoh,Auxerre,FRA,2025-2026,Defensa,22.0,1005,13.0,3.0006844626967832,484.0,0.0,0.0,left,1.164179104477612,0.7164179104477612,0.26865671641791045,191.0,2.328358208955224,0.0,0.9230769230769231,0.8059701492537313,34,15,0.022960754695223337,0.08665333449173329,0.1791044776119403,4000000.0,6540320.463266274,0.6115908268510709,8818653.634634474,0.45358397843071613
Óscar Valentín,Rayo Vallecano,ESP,2025-2026,Centrocampista,30.0,2108,33.0,0.999315537303217,900.0,0.0,0.12808349146110057,right,1.3235294117647058,0.9392789373814042,0.04269449715370019,177.0,1.2381404174573056,0.0,0.7878787878787878,1.835863377609108,50,8,0.0401992404849341,0.06344469668400214,0.12808349146110057,2000000.0,3228687.3234528983,0.619446790487322,4383781.222585738,0.45622714694240973
Nicolas Pépé,Villarreal,ESP,2025-2026,Centrocampista,30.0,2393,36.0,2.001368925393566,900.0,0.30087755954868367,2.6702883409945675,,0.8650229837024656,1.6172168825741746,0.30087755954868367,,0.5641454241537819,1.0,0.7222222222222222,0.7898035938152945,72,3,0.3038899497682835,0.3687092310500304,0.15043877977434184,6000000.0,10635469.365474392,0.5641499960008932,13135184.866406443,0.45678839399856086
Filip Stojilković,Pisa,ITA,2025-2026,Delantero,25.0,658,13.0,0.999315537303217,625.0,0.0,0.41033434650455924,right,1.094224924012158,0.0,0.0,186.0,0.0,0.0,0.6153846153846154,0.13677811550151975,18,20,0.09783143987228081,0.3188129623157275,0.0,2500000.0,2282611.5360700795,1.095236732354465,5466881.818759607,0.45729907520979307
Eric Martel,Köln,GER,2025-2026,Centrocampista,23.0,2559,31.0,,529.0,0.07033997655334115,0.38686987104337633,right,1.4771395076201643,1.7936694021101993,0.07033997655334115,188.0,1.2309495896834701,0.0,0.967741935483871,1.1254396248534584,32,14,0.07237279966718148,0.06380660776027063,0.42203985932004684,8000000.0,9822925.77414553,0.8144213021599359,17489506.621445663,0.4574171343513136
Fabian Rieder,Augsburg,GER,2025-2026,Centrocampista,23.0,2343,32.0,4.0,529.0,0.11523687580025607,4.4558258642765685,left,1.7285531370038412,1.4596670934699103,0.23047375160051214,181.0,0.49935979513444306,2.0,0.875,0.7682458386683739,43,9,0.20646873686257536,0.16004341633014962,0.1536491677336748,12000000.0,15235353.22135294,0.787641732072318,26188333.58991225,0.4582193043631612
Rodrigo Riquelme,Real Betis,ESP,2025-2026,Centrocampista,25.0,821,25.0,4.0,625.0,0.10962241169305724,2.4116930572472595,right,0.8769792935444579,1.2058465286236297,0.10962241169305724,174.0,0.5481120584652862,0.0,0.28,1.2058465286236297,60,5,0.16075224921914968,0.29046164938996244,0.21924482338611448,4000000.0,7909450.777616163,0.5057241156769122,8704582.936065555,0.4595280473952251
Said El Mala,Köln,GER,2025-2026,Delantero,18.0,1956,34.0,4.999315537303217,324.0,0.18404907975460125,1.7944785276073618,both,0.6901840490797546,1.0582822085889572,0.598159509202454,187.0,0.3680981595092025,1.0,0.5882352941176471,0.6441717791411044,32,14,0.19261788239736863,0.5789606843109419,0.18404907975460125,45000000.0,24593917.806369927,1.8297206794903094,97735483.10069163,0.4604264344162387
Federico Ceccherini,Cremonese,ITA,2025-2026,Defensa,33.0,476,9.0,0.999315537303217,1089.0,0.18907563025210083,0.5672268907563025,right,1.8907563025210086,1.7016806722689075,0.0,187.0,1.3235294117647058,0.0,0.6666666666666666,0.37815126050420167,34,18,0.07881689855844534,0.036010161950057296,0.18907563025210083,400000.0,547943.7073600442,0.7300019958750379,868109.7835611489,0.4607712153169442
Goduine Koyalipou,Angers,FRA,2025-2026,Delantero,25.0,668,13.0,0.999315537303217,625.0,0.1347305389221557,0.40419161676646703,right,0.5389221556886228,0.6736526946107785,0.2694610778443114,184.0,0.1347305389221557,1.0,0.5384615384615384,0.2694610778443114,36,13,0.04833490816418996,0.1704691378065123,0.0,2500000.0,3110799.829731688,0.8036518377383445,5418835.06837102,0.461353772251189
Chris Führich,Stuttgart,GER,2025-2026,Centrocampista,27.0,1698,33.0,2.001368925393566,729.0,0.3710247349823321,4.558303886925795,right,0.31802120141342755,0.3710247349823321,0.3710247349823321,181.0,0.15901060070671377,0.0,0.6060606060606061,0.4770318021201414,62,4,0.4149104842369843,0.2264182303140315,0.10600706713780918,12000000.0,22347434.2135028,0.5369743964946697,26001431.221425045,0.4615130566394384
Giovane,Hellas Verona,ITA,2025-2026,Delantero,21.0,1533,21.0,4.0,441.0,0.23483365949119372,3.287671232876712,left,1.2328767123287672,0.8806262230919765,0.1761252446183953,184.0,0.29354207436399216,0.0,0.9047619047619048,0.5283757338551859,21,19,0.255816522548285,0.2506452390956902,0.11741682974559686,12000000.0,6529125.00708199,1.837918555240385,25987452.63646737,0.4617613033437829
Tom Krauß,Köln,GER,2025-2026,Centrocampista,24.0,1780,26.0,3.0006844626967832,576.0,0.10112359550561799,0.7078651685393259,right,1.1629213483146066,1.1123595505617978,0.0,182.0,1.3146067415730338,0.0,0.7307692307692307,2.1741573033707864,32,14,0.06392169268697165,0.019652037499367857,0.20224719101123598,4500000.0,5025589.719156326,0.8954173045298732,9725405.45948288,0.4627056443813577
Grady Diangana,Elche,ESP,2025-2026,Centrocampista,27.0,926,20.0,0.999315537303217,729.0,0.0,1.1663066954643628,left,1.4578833693304538,1.8466522678185744,0.09719222462203024,180.0,0.38876889848812096,0.0,0.65,0.5831533477321814,43,13,0.10596327095435323,0.13176401081388378,0.2915766738660907,2000000.0,2137445.63479436,0.935696313133324,4304794.552816696,0.46459824631848406
Toma Bašić,Lazio,ITA,2025-2026,Centrocampista,28.0,1735,23.0,3.0006844626967832,784.0,0.15561959654178675,2.489913544668588,left,1.037463976945245,0.9855907780979827,0.1037463976945245,190.0,0.4668587896253602,0.0,1.0,0.829971181556196,54,9,0.12515166330470648,0.06769545262502319,0.0,3000000.0,10088462.336755244,0.29736940079263763,6448298.173142652,0.46523903198135075
Bradley Locko,Brest,FRA,2025-2026,Defensa,23.0,1286,21.0,0.999315537303217,529.0,0.13996889580093314,2.3794712286158632,left,0.8398133748055988,1.2597200622083982,0.0,180.0,0.6998444790046656,0.0,0.6666666666666666,1.9595645412130638,39,12,0.09333217804773507,0.004971965200167792,0.0,6000000.0,3831016.283831291,1.5661640555595786,12877840.840483975,0.46591661399773193
Denis Suárez,Alavés,ESP,2025-2026,Centrocampista,31.0,1406,30.0,0.999315537303217,961.0,0.12802275960170698,2.624466571834993,right,1.2802275960170697,1.6642958748221908,0.06401137980085349,176.0,0.4480796586059744,0.0,0.5,0.7681365576102419,43,14,0.11068490294111656,0.0962232285116933,0.38406827880512096,1000000.0,1408299.0696515422,0.710076447219007,2133428.670905112,0.46872905273919835
Woyo Coulibaly,Sassuolo,ITA,2025-2026,Defensa,26.0,1054,20.0,3.0006844626967832,676.0,0.0,0.8538899430740038,both,1.2808349146110056,1.0246679316888045,0.0,182.0,0.8538899430740038,0.0,0.45,1.1954459203036054,49,11,0.025313842698818593,0.00925095821686612,0.17077798861480076,2000000.0,4738573.650025827,0.4220679359893666,4265095.483984624,0.46892267887318656
Martin Satriano,Getafe,ESP,2025-2026,Delantero,24.0,1603,18.0,4.0,576.0,0.056144728633811605,1.1790393013100435,right,1.1790393013100435,1.7404865876481599,0.3368683718028696,187.0,0.5053025577043044,0.0,1.0,0.7298814722395508,51,7,0.13952140669040358,0.26452596614826346,0.280723643169058,10000000.0,10922106.693141004,0.9155742825951261,21253994.628921475,0.4704997895497937
Olivier Deman,Werder Bremen,GER,2025-2026,Defensa,25.0,1254,16.0,2.001368925393566,625.0,0.14354066985645933,4.521531100478469,left,1.3636363636363638,0.8612440191387559,0.07177033492822966,181.0,0.7177033492822966,0.0,0.875,1.8660287081339713,32,15,0.10618008450386628,0.030754677657234043,0.21531100478468898,3500000.0,5457254.33989604,0.6413481545862263,7434813.337626443,0.4707582882124343
Rayan Fofana,Lens,FRA,2025-2026,Delantero,19.0,798,25.0,0.999315537303217,361.0,0.0,0.6766917293233082,right,1.6917293233082706,3.834586466165413,0.5639097744360901,187.0,0.11278195488721804,0.0,0.28,0.45112781954887216,70,2,0.03796121469677839,0.7122539591982513,0.0,8000000.0,19182436.304313775,0.41704817224916046,16984404.6924007,0.47102033570711044
Josh Laurent,Burnley,ENG,2025-2026,Defensa,30.0,1764,33.0,0.999315537303217,900.0,0.0,0.7142857142857142,right,1.5816326530612246,0.5612244897959184,0.05102040816326531,188.0,1.4285714285714284,0.0,0.5454545454545454,1.2755102040816326,22,19,0.0375260550015587,0.05324872894858827,0.3571428571428571,1500000.0,3641710.1370060197,0.41189439674438333,3180978.4056109423,0.47155302826141265
Nathan Tella,Leverkusen,GER,2025-2026,Centrocampista,26.0,868,17.0,4.999315537303217,676.0,0.4147465437788018,3.214285714285714,right,1.5552995391705071,1.9700460829493087,0.10368663594470046,173.0,0.4147465437788018,0.0,0.5882352941176471,0.6221198156682028,59,6,0.39633219894279254,0.28850242997678466,0.2073732718894009,15000000.0,19593417.471173964,0.7655632317367888,31774465.596123625,0.4720771763925417
Josip Brekalo,Oviedo,ESP,2025-2026,Centrocampista,27.0,486,14.0,2.001368925393566,729.0,0.0,4.814814814814815,right,1.2962962962962963,1.1111111111111112,0.0,175.0,0.3703703703703704,0.0,0.42857142857142855,1.2962962962962963,29,20,0.3047807252517453,0.05720204173552769,0.1851851851851852,2000000.0,1550449.56380741,1.2899484424947287,4231051.970376394,0.4726956827765177
Yerry Mina,Cagliari,ITA,2025-2026,Defensa,30.0,2150,26.0,2.001368925393566,900.0,0.0,0.04186046511627907,right,1.0883720930232557,1.5488372093023255,0.08372093023255814,195.0,1.0883720930232557,0.0,1.0,0.7534883720930233,43,14,0.017907528960427573,0.07371703722016062,0.20930232558139533,2500000.0,3743636.657124839,0.6677998505122108,5285698.502431047,0.472974385287049
Rassoul Ndiaye,Le Havre,FRA,2025-2026,Centrocampista,23.0,2566,33.0,2.001368925393566,529.0,0.1402961808261886,3.226812159002338,right,0.7716289945440374,1.2977396726422448,0.1402961808261886,179.0,0.5962587685113017,0.0,0.9090909090909091,1.1223694466095089,35,14,0.09755535068648083,0.10805160539632695,0.0701480904130943,8000000.0,7074415.092234389,1.1308355384435427,16880956.38347108,0.473906798777892
Abel Bretones,Osasuna,ESP,2025-2026,Centrocampista,24.0,1624,28.0,3.0006844626967832,576.0,0.11083743842364532,1.8842364532019704,left,0.8866995073891626,1.0529556650246306,0.05541871921182266,188.0,0.8866995073891626,0.0,0.6071428571428571,0.6650246305418719,42,16,0.08110709419574937,0.032323713636879116,0.2770935960591133,3500000.0,5094455.148871303,0.6870214571965443,7383832.641311459,0.47400857657824125
Marco Grüll,Werder Bremen,GER,2025-2026,Centrocampista,27.0,2006,33.0,,729.0,0.044865403788634094,3.0957128614157527,both,1.4805583250249252,1.2562313060817547,0.1345962113659023,181.0,0.6281156530408774,0.0,0.696969696969697,0.897308075772682,32,15,0.1037861453972809,0.18957699635107875,0.2243270189431705,4000000.0,4250728.007047853,0.9410152786458842,8437760.963809289,0.47405941186963546
Fran Beltrán,Girona,ESP,2025-2026,Centrocampista,26.0,1012,17.0,4.0,676.0,0.0,0.7114624505928854,right,0.8893280632411067,0.8003952569169961,0.08893280632411067,165.0,0.9782608695652174,0.0,0.6470588235294118,1.2450592885375493,41,19,0.08035183858435616,0.05620522492679329,0.266798418972332,4000000.0,4030077.1278338404,0.9925368356783765,8432736.126671778,0.4743418909253497
Unai Gómez,Athletic Club,ESP,2025-2026,Centrocampista,22.0,936,26.0,4.999315537303217,484.0,0.09615384615384616,2.2115384615384617,left,1.1538461538461537,0.5769230769230769,0.09615384615384616,183.0,0.28846153846153844,0.0,0.46153846153846156,0.7692307692307693,45,12,0.05910403668307341,0.19908302947162435,0.09615384615384616,5000000.0,6029215.532139821,0.8292952828351546,10492230.93775689,0.4765430755062029
Frank Magri,Toulouse,FRA,2025-2026,Delantero,25.0,1253,17.0,2.001368925393566,625.0,0.07182761372705507,1.077414205905826,right,2.011173184357542,1.5802075019952115,0.3591380686352753,178.0,0.2154828411811652,0.0,0.9411764705882353,0.2154828411811652,44,10,0.060213291608778266,0.3014104900151753,0.2154828411811652,3000000.0,7614636.815817853,0.3939780809727015,6291121.844329674,0.47686248561597416
Ethan Mbappé,Lille,FRA,2025-2026,Centrocampista,18.0,567,18.0,0.999315537303217,324.0,0.15873015873015872,5.396825396825396,left,1.1111111111111112,1.4285714285714284,0.47619047619047616,180.0,0.31746031746031744,0.0,0.2222222222222222,1.1111111111111112,61,3,0.23673425650312788,0.2963351730316404,0.15873015873015872,8000000.0,10834609.768411228,0.7383745396464896,16774586.78300593,0.47691189675710366
Jurgen Ekkelenkamp,Udinese,ITA,2025-2026,Centrocampista,25.0,2186,31.0,3.0006844626967832,625.0,0.12351326623970722,1.3174748398902105,right,0.9057639524245197,0.7822506861848124,0.2058554437328454,188.0,0.7410795974382433,0.0,0.8709677419354839,1.111619396157365,50,10,0.10519366486429185,0.1947416795446637,0.04117108874656908,10000000.0,11778075.19626321,0.849035163502154,20912530.49156359,0.47818220774545395
Elvis Rexhbeçaj,Augsburg,GER,2025-2026,Centrocampista,27.0,1118,26.0,4.0,729.0,0.0,1.2880143112701252,left,1.0465116279069768,1.2880143112701252,0.16100178890876565,182.0,0.3220035778175313,0.0,0.38461538461538464,0.6440071556350626,43,9,0.05690837393919663,0.043407097752064416,0.3220035778175313,3500000.0,4611379.292208967,0.7589920017885607,7318261.618404169,0.4782556544846801
Emirhan İlkhan,Torino,ITA,2025-2026,Centrocampista,21.0,1001,19.0,0.999315537303217,441.0,0.1798201798201798,0.6293706293706294,right,0.989010989010989,1.6183816183816186,0.0899100899100899,175.0,1.168831168831169,0.0,0.6842105263157895,1.7082917082917082,45,13,0.11000851015713843,0.21240826447742742,0.1798201798201798,6000000.0,6625510.572859182,0.9055905856642157,12542947.20359465,0.4783564741690435
Ísak Jóhannesson,Köln,GER,2025-2026,Centrocampista,22.0,1809,31.0,4.0,484.0,0.09950248756218905,3.2338308457711444,left,0.6965174129353234,0.24875621890547264,0.04975124378109452,184.0,0.3980099502487562,0.0,0.6774193548387096,0.746268656716418,32,14,,,0.2985074626865672,8000000.0,7755178.1907123765,1.0315688180551186,16718438.726951027,0.4785135819592751
Simon Ebonog,Le Havre,FRA,2025-2026,Centrocampista,20.0,1759,30.0,3.0006844626967832,400.0,0.0,0.8186469584991471,right,1.4837976122797045,1.739624786810688,0.0511654349061967,186.0,1.2279704377487208,0.0,0.7,1.0744741330301306,35,14,0.01734913651359698,0.10051926253802942,0.4093234792495736,4500000.0,5440314.96210609,0.8271579920177876,9403460.247078013,0.47854724556296274
Pedro Díaz,Rayo Vallecano,ESP,2025-2026,Centrocampista,27.0,1870,34.0,2.001368925393566,729.0,0.0481283422459893,1.8288770053475936,right,0.9625668449197861,0.625668449197861,0.0,180.0,0.43315508021390375,0.0,0.6176470588235294,1.2032085561497325,50,8,0.07883843550966545,0.08508634315753844,0.0962566844919786,3000000.0,3561709.067805416,0.8422922655635322,6265417.406584819,0.47881885680067615
Mathias Rasmussen,St Pauli,GER,2025-2026,Centrocampista,27.0,694,13.0,3.0006844626967832,729.0,0.0,0.7780979827089338,left,0.7780979827089338,0.9077809798270894,0.0,180.0,1.037463976945245,0.0,0.6153846153846154,0.7780979827089338,26,18,0.03422862482431643,0.10296825475196329,0.0,2000000.0,1632666.639124316,1.2249898124167613,4155393.9322104827,0.48130214189731224
Joe Worrall,Burnley,ENG,2025-2026,Defensa,28.0,500,11.0,2.001368925393566,784.0,0.0,0.0,right,0.72,0.18,0.0,190.0,1.08,0.0,0.45454545454545453,0.36,22,19,0.0,0.006858024895191193,0.0,2000000.0,3422793.5859820084,0.5843180284639323,4136361.0666727433,0.4835167838983613
Giorgi Kvilitaia,Metz,FRA,2025-2026,Delantero,31.0,495,10.0,0.999315537303217,961.0,0.0,0.0,right,2.0,1.0909090909090908,0.36363636363636365,193.0,0.0,0.0,0.5,1.0909090909090908,17,18,0.21705534918741745,0.23957751725207677,0.18181818181818182,900000.0,774248.1394995651,1.1624180338124086,1859114.0682100106,0.4841015488987917
Joe Scally,Gladbach,GER,2025-2026,Defensa,22.0,2608,32.0,0.999315537303217,484.0,0.1035276073619632,1.6219325153374233,right,1.1388036809815951,1.7599693251533743,0.06901840490797546,184.0,0.6211656441717791,0.0,0.90625,0.9317484662576686,38,12,0.05583728334375092,0.09317868424542362,0.27607361963190186,7000000.0,9249637.501817612,0.7567864144540212,14429570.597258978,0.48511492097552167
Ilan Kebbal,Paris FC,FRA,2025-2026,Centrocampista,27.0,2222,29.0,2.001368925393566,729.0,0.162016201620162,4.455445544554456,left,0.6075607560756076,2.4707470747074707,0.3645364536453646,169.0,0.28352835283528355,3.0,0.896551724137931,0.6075607560756076,76,1,0.20308462359701912,0.2512017196810508,0.28352835283528355,12000000.0,28389237.224323813,0.42269540055547655,24642159.387125824,0.4869703101697062
Aitor Ruibal,Real Betis,ESP,2025-2026,Defensa,29.0,1808,27.0,2.001368925393566,841.0,0.09955752212389381,1.5431415929203538,right,1.592920353982301,1.2444690265486726,0.19911504424778761,176.0,0.995575221238938,0.0,0.7407407407407407,1.592920353982301,60,5,0.08938485352668614,0.2200217261669366,0.29867256637168144,4000000.0,6270701.144348435,0.6378872007965267,8208561.087080662,0.4872961238353386
Arnaut Danjuma,Valencia,ESP,2025-2026,Centrocampista,28.0,1628,30.0,2.001368925393566,784.0,0.11056511056511056,2.708845208845209,right,1.160933660933661,1.2162162162162162,0.16584766584766586,178.0,0.11056511056511056,0.0,0.6,0.5528255528255528,49,9,,,0.0,3000000.0,3953668.718160256,0.7587889157784513,6156164.89123158,0.4873163817091701
Abdoulaye Faye,Lorient,FRA,2025-2026,Defensa,20.0,1444,17.0,0.999315537303217,400.0,0.0,0.24930747922437674,left,1.5581717451523547,0.9349030470914127,0.0,191.0,1.745152354570637,0.0,0.9411764705882353,1.4958448753462605,45,9,0.003248720373081203,0.03585110898348928,0.4986149584487535,4500000.0,11832589.297957484,0.3803056023229658,9234134.840490442,0.48732231852063757
Olivier Giroud,Lille,FRA,2025-2026,Delantero,38.0,1609,30.0,0.999315537303217,1444.0,0.05593536357986326,0.11187072715972653,left,1.5102548166563081,1.7339962709757613,0.3915475450590429,192.0,0.22374145431945305,3.0,0.5666666666666667,0.4474829086389061,61,3,0.10356801166676675,0.49610550793766456,0.11187072715972653,900000.0,2742391.4517266336,0.32818071958084327,1845191.833277225,0.48775416396761295
Yukinari Sugawara,Werder Bremen,GER,2025-2026,Defensa,25.0,2428,31.0,0.999315537303217,625.0,0.22240527182866554,2.742998352553542,right,0.815485996705107,0.4077429983525535,0.0,179.0,0.556013179571664,0.0,0.9354838709677419,0.815485996705107,32,15,0.09056400967979746,0.06205823473076918,0.07413509060955518,5500000.0,7135988.86598509,0.7707411128703815,11266890.629525734,0.4881559767329982
Moustapha Mbow,Paris FC,FRA,2025-2026,Defensa,25.0,2717,31.0,2.001368925393566,625.0,0.03312476996687523,0.06624953993375046,right,0.8943687891056312,0.5299963194700037,0.0,192.0,1.2587412587412588,0.0,0.967741935483871,1.0931174089068827,76,1,,,0.16562384983437617,9000000.0,28544847.782731038,0.31529332608474403,18435798.440525252,0.48818064642192854
Alpha Touré,Metz,FRA,2025-2026,Centrocampista,19.0,1606,30.0,2.001368925393566,361.0,0.05603985056039851,0.7285180572851805,left,1.5130759651307597,1.5130759651307597,0.0,180.0,0.5603985056039851,0.0,0.5333333333333333,1.2889165628891657,17,18,0.024372146280475453,0.057796925436218234,0.28019925280199254,5000000.0,3297836.514464304,1.5161455026863857,10236017.898913424,0.4884712052458174
Thomas Lemar,Girona,ESP,2025-2026,Centrocampista,29.0,1258,27.0,0.999315537303217,841.0,0.07154213036565978,4.006359300476947,left,1.3593004769475359,1.4308426073131955,0.2146263910969793,171.0,0.35771065182829886,0.0,0.5185185185185185,1.0731319554848968,41,19,0.09879552406837812,0.126933831401726,0.2861685214626391,1800000.0,2024198.5541931114,0.889240828806697,3684499.1456023585,0.4885331571180831
Lilian Raolisoa,Angers,FRA,2025-2026,Centrocampista,25.0,1966,32.0,2.001368925393566,625.0,0.18311291963377416,4.532044760935911,right,1.2360122075279756,0.7782299084435402,0.09155645981688708,178.0,0.6408952187182095,0.0,0.65625,1.4191251271617495,36,13,0.16152103576479462,0.047592585792694916,0.1373346897253306,4000000.0,3857153.0601234017,1.0370342938561086,8183310.584776943,0.48879972946902767
Eric Bailly,Oviedo,ESP,2025-2026,Defensa,31.0,1234,15.0,0.999315537303217,961.0,0.0,0.07293354943273905,right,0.9481361426256077,0.5105348460291734,0.07293354943273905,187.0,1.239870340356564,0.0,1.0,0.7293354943273905,29,20,0.011902696059071842,0.02464932329179885,0.2188006482982172,1200000.0,1107669.5121570588,1.083355628036686,2451393.1006313106,0.48951757255536144
Patrick Wimmer,Wolfsburg,GER,2025-2026,Centrocampista,24.0,1621,25.0,4.999315537303217,576.0,0.16656384947563233,1.3880320789636027,right,1.554595928439235,1.8322023442319557,0.22208513263417645,182.0,1.2769895126465145,0.0,0.84,1.1104256631708822,29,16,0.12489895581656735,0.20195303238896142,0.22208513263417645,12000000.0,9966440.24302693,1.2040407314332577,24504490.567168754,0.4897061608812902
Shuto Machino,Gladbach,GER,2025-2026,Delantero,25.0,1076,32.0,3.0006844626967832,625.0,0.08364312267657992,0.8364312267657993,right,1.171003717472119,0.9200743494423792,0.25092936802973975,185.0,0.25092936802973975,0.0,0.28125,0.41821561338289964,38,12,0.0906084996360773,0.3192645059656144,0.16728624535315983,4000000.0,3289086.067771267,1.216143304729772,8160618.081509165,0.49015895120290565
Jackson Irvine,St Pauli,GER,2025-2026,Centrocampista,32.0,1624,24.0,,1024.0,0.05541871921182266,0.7204433497536946,right,1.1083743842364533,0.6650246305418719,0.0,189.0,1.5517241379310345,0.0,0.75,0.9421182266009852,26,18,0.050351047496141624,0.0902060306805365,0.11083743842364532,1000000.0,886043.9098228473,1.1286122379645234,2038810.3013703725,0.4904821205424834
Armando Broja,Burnley,ENG,2025-2026,Delantero,23.0,860,24.0,4.0,529.0,0.10465116279069767,0.313953488372093,right,1.4651162790697674,1.6744186046511627,0.10465116279069767,191.0,0.313953488372093,0.0,0.3333333333333333,0.313953488372093,22,19,0.06381166958098494,0.2633565232417611,0.0,5000000.0,12216071.812806912,0.40929687354638594,10193789.623172682,0.4904947212795055
Antonio Raillo,Mallorca,ESP,2025-2026,Defensa,33.0,2070,24.0,0.999315537303217,1089.0,0.043478260869565216,0.17391304347826086,right,1.0,0.6521739130434783,0.0,187.0,0.5217391304347826,0.0,0.9583333333333334,0.5652173913043478,42,17,,,0.17391304347826086,1000000.0,1078519.336921708,0.9271970986205805,2033622.8156501742,0.4917332714327793
Iván Romero,Levante,ESP,2025-2026,Delantero,24.0,2259,32.0,2.001368925393566,576.0,0.0398406374501992,0.8366533864541833,,1.6334661354581674,3.0677290836653386,0.27888446215139445,,0.4780876494023904,0.0,0.875,0.8764940239043825,42,18,0.11496960448910042,0.382231864632957,0.199203187250996,8000000.0,10765105.96781375,0.7431417789958544,16262144.770679368,0.4919400308392281
Abde Rebbach,Alavés,ESP,2025-2026,Centrocampista,26.0,1496,30.0,2.001368925393566,676.0,0.24064171122994651,6.557486631016043,,2.406417112299465,1.804812834224599,0.06016042780748663,,0.9625668449197861,0.0,0.5,1.2633689839572193,43,14,,,0.48128342245989303,2500000.0,4190393.977725238,0.5966026138089118,5081039.489301834,0.4920253041260097
Luca Mazzitelli,Cagliari,ITA,2025-2026,Centrocampista,29.0,767,18.0,,841.0,0.2346805736636245,1.0560625814863103,right,2.5814863102998693,1.5254237288135593,0.2346805736636245,184.0,1.1734028683181226,0.0,0.5,1.2907431551499347,43,14,0.12546492480664395,0.0831330283466032,0.3520208604954368,1200000.0,1853806.2556131785,0.64731683603208,2435787.5966539136,0.49265379364295236
Lukas Kübler,Freiburg,GER,2025-2026,Defensa,32.0,1587,23.0,,1024.0,0.11342155009451796,1.7013232514177694,right,1.1342155009451795,0.6238185255198487,0.11342155009451796,182.0,1.7580340264650285,0.0,0.8260869565217391,1.4177693761814745,47,7,0.07891681062899149,0.1502136263242854,0.17013232514177695,1500000.0,2217292.7085399716,0.6765006686860529,3043343.5835470506,0.49287895330297654
Guéla Doué,Strasbourg,FRA,2025-2026,Defensa,22.0,2061,24.0,4.999315537303217,484.0,0.26200873362445415,2.2707423580786026,right,1.834061135371179,1.0480349344978166,0.08733624454148471,187.0,1.1790393013100435,0.0,0.9583333333333334,1.6593886462882097,53,8,0.1196772426236665,0.080197499475267,0.13100436681222707,20000000.0,22792359.897799883,0.8774870215141949,40537038.15537217,0.49337595715165733
Víctor Chust,Elche,ESP,2025-2026,Defensa,25.0,2166,31.0,3.0006844626967832,625.0,0.0,1.4958448753462605,both,1.5789473684210527,0.41551246537396125,0.04155124653739612,184.0,0.8310249307479225,0.0,0.7096774193548387,1.4542936288088641,43,13,0.006042707097456065,0.017953597607705072,0.33240997229916897,3500000.0,4235083.792295882,0.8264299295251051,7063319.2901590625,0.4955177383636556
Max Finkgräfe,RB Leipzig,GER,2025-2026,Defensa,21.0,504,13.0,4.0,441.0,0.17857142857142855,6.607142857142858,left,0.5357142857142857,0.7142857142857142,0.17857142857142855,183.0,1.4285714285714284,0.0,0.38461538461538464,2.142857142857143,65,3,0.1106835499272815,0.040343660595161576,0.3571428571428571,5000000.0,14671476.483832495,0.34079732912429384,10086442.965474872,0.4957148934579435
Edu Expósito,Espanyol,ESP,2025-2026,Centrocampista,28.0,2523,36.0,0.999315537303217,784.0,0.2140309155766944,9.060642092746729,,0.9988109393579073,1.4982164090368608,0.0356718192627824,,0.8561236623067776,0.0,0.8888888888888888,1.0344827586206897,46,11,0.2864030878392893,0.09197951538663238,0.3210463733650416,5000000.0,6198431.650569131,0.8066556641857796,10079068.683886051,0.496077579865466
Enzo Ebosse,Torino,ITA,2025-2026,Defensa,26.0,1115,13.0,0.999315537303217,676.0,0.08071748878923767,0.5650224215246636,left,1.2914798206278026,0.726457399103139,0.0,185.0,0.8071748878923767,0.0,1.0,0.484304932735426,45,13,0.042184804921192975,0.004727763545620068,0.242152466367713,2800000.0,4407485.941020542,0.6352827978282031,5624091.880472781,0.4978581537264327
Franck Honorat,Gladbach,GER,2025-2026,Centrocampista,28.0,1977,28.0,3.0006844626967832,784.0,0.27314112291350534,6.100151745068285,right,0.5462822458270107,0.27314112291350534,0.09104704097116845,180.0,0.2276176024279211,0.0,0.8571428571428571,0.5918057663125948,38,12,0.3342216557149008,0.040710099855485925,0.0,7000000.0,6818646.671794261,1.0265966748146547,13972389.596437482,0.5009880344150136
Kingsley Ehizibue,Udinese,ITA,2025-2026,Centrocampista,30.0,1811,32.0,,900.0,0.0,1.5902816123688572,right,1.6896742131419105,1.1927112092766428,0.09939260077305358,189.0,0.6460519050248481,0.0,0.625,1.5405853119823303,50,10,0.0344388525622415,0.07121728813406317,0.2484815019326339,2000000.0,2590617.822843216,0.772016614092846,3986735.134418243,0.5016636251386803
Yuri Berchiche,Athletic Club,ESP,2025-2026,Defensa,35.0,2705,32.0,0.999315537303217,1225.0,0.199630314232902,2.129390018484288,,0.8650646950092422,1.131238447319778,0.0,,1.131238447319778,0.0,0.96875,0.9648798521256932,45,12,,,0.16635859519408502,1000000.0,1188420.9342799024,0.8414526967298234,1988603.9964999584,0.5028653275162122
Pablo Maffeo,Mallorca,ESP,2025-2026,Defensa,28.0,2662,31.0,3.0006844626967832,784.0,0.067618332081142,2.873779113448535,,0.879038317054846,0.777610818933133,0.033809166040571,,1.115702479338843,0.0,0.967741935483871,1.149511645379414,42,17,0.05934153618060114,0.010061008365199272,0.371900826446281,3000000.0,3718045.247274967,0.8068756027643189,5951065.877545139,0.5041113746227799
Alberto Grassi,Cremonese,ITA,2025-2026,Centrocampista,30.0,1753,30.0,0.999315537303217,900.0,0.0,0.1540216771249287,right,0.8727895037079293,1.540216771249287,0.0,183.0,1.7969195664575015,0.0,0.6,0.5647461494580719,34,18,0.02322676224465106,0.03914367863924348,0.20536223616657157,1400000.0,1734820.6891202691,0.8069998293079745,2772186.770953982,0.505016478207283
Taiwo Awoniyi,Nottingham,ENG,2025-2026,Delantero,27.0,494,17.0,,729.0,0.18218623481781376,0.18218623481781376,right,1.8218623481781377,1.2753036437246963,0.728744939271255,183.0,0.18218623481781376,0.0,0.17647058823529413,0.18218623481781376,44,16,0.24046137250266092,0.7919280253622214,0.3643724696356275,8000000.0,14645447.205158098,0.546244842368652,15840187.685201248,0.5050445208723144
Lewis Miley,Newcastle,ENG,2025-2026,Centrocampista,19.0,1496,23.0,6.0013689253935665,361.0,0.24064171122994651,2.5267379679144386,right,0.30080213903743314,0.24064171122994651,0.06016042780748663,189.0,1.2032085561497325,0.0,0.6521739130434783,1.0828877005347592,49,12,0.13965000886529844,0.08278127657598193,0.0,25000000.0,36963530.7789059,0.6763423156065717,49283436.98275303,0.5072698157952917
Borja Iglesias,Celta Vigo,ESP,2025-2026,Delantero,32.0,1900,35.0,0.999315537303217,1024.0,0.09473684210526316,0.14210526315789473,right,1.8,1.4210526315789473,0.6631578947368421,187.0,0.0,4.0,0.6,0.23684210526315788,54,6,0.07863063576974368,0.5498829389089033,0.33157894736842103,2800000.0,3020241.875788315,0.9270780669740798,5503347.133907785,0.5087812801682732
Roberto Gagliardini,Hellas Verona,ITA,2025-2026,Centrocampista,31.0,2272,29.0,0.999315537303217,961.0,0.0,0.6338028169014085,right,1.7825704225352115,1.386443661971831,0.03961267605633803,188.0,2.2183098591549295,0.0,0.8620689655172413,1.5845070422535212,21,19,0.02631626597730259,0.05273773055769582,0.35651408450704225,1300000.0,1622588.546657701,0.8011889413849327,2554903.333414004,0.5088255132779789
Diego Pampín,Levante,ESP,2025-2026,Defensa,25.0,534,8.0,0.999315537303217,625.0,0.0,2.359550561797753,left,1.348314606741573,1.1797752808988764,0.0,175.0,0.8426966292134832,0.0,0.75,0.8426966292134832,42,18,0.017520611205797516,0.02272362831268418,0.5056179775280899,1000000.0,1633539.3432440134,0.6121676861569307,1959580.6507411862,0.5103132650456427
Ibrahim Osman,Auxerre,FRA,2025-2026,Centrocampista,20.0,625,14.0,3.0006844626967832,400.0,0.28800000000000003,1.44,right,1.008,2.016,0.0,179.0,0.8639999999999999,0.0,0.5,1.008,34,15,0.17023346918821336,0.27894509518146515,0.0,7000000.0,5346886.320579709,1.3091731486898455,13699338.987837909,0.5109735591048961
Martin Valjent,Mallorca,ESP,2025-2026,Defensa,29.0,3308,37.0,3.0006844626967832,841.0,0.0,0.054413542926239414,,0.9794437726723096,0.3264812575574365,0.0,,0.652962515114873,0.0,1.0,0.8978234582829505,42,17,0.003810140389854487,0.026328510606488012,0.16324062877871826,3000000.0,2744559.331317357,1.0930716511637715,5865774.127912404,0.5114414456779779
Antoine Bernede,Hellas Verona,ITA,2025-2026,Centrocampista,26.0,2301,32.0,2.001368925393566,676.0,0.07822685788787484,0.9778357235984354,right,2.1512385919165578,0.7822685788787483,0.03911342894393742,178.0,0.6258148631029987,0.0,0.90625,1.5254237288135593,21,19,0.0759048429663831,0.0399322177233682,0.07822685788787484,3500000.0,3991307.750117348,0.8769055705857552,6831887.145960531,0.5123035444268769
Rubén García,Osasuna,ESP,2025-2026,Centrocampista,32.0,2229,35.0,0.999315537303217,1024.0,0.2018842530282638,6.218034993270526,,1.4535666218034993,1.0901749663526246,0.08075370121130551,,0.686406460296097,0.0,0.8,1.2516823687752356,42,16,0.23675994190461383,0.10485317548022455,0.24226110363391656,1600000.0,1924558.7491457842,0.8313593963863979,3120290.364529792,0.5127727913363953
Thomas Meunier,Lille,FRA,2025-2026,Defensa,33.0,1909,25.0,2.001368925393566,1089.0,0.09429020429544265,2.4044002095337875,right,1.3672079622839184,0.14143530644316396,0.09429020429544265,190.0,0.8014667365112624,0.0,0.84,0.8486118386589838,61,3,0.130015763714168,0.0664603724615183,0.14143530644316396,1500000.0,1936818.4946141278,0.7744659626966465,2908078.413886448,0.5158045233021598
Joël Schmied,Köln,GER,2025-2026,Defensa,26.0,1078,16.0,3.0006844626967832,676.0,0.0,0.4174397031539889,right,1.3358070500927643,0.6679035250463822,0.0,188.0,0.9183673469387754,0.0,0.8125,0.75139146567718,32,14,0.0121729903904538,0.01846927039304503,0.4174397031539889,3000000.0,3140957.290337196,0.9551228248881845,5811629.271287648,0.5162063614108179
Martin Satriano,Lyon,FRA,2025-2026,Delantero,24.0,692,11.0,4.0,576.0,0.13005780346820808,0.6502890173410405,right,1.4306358381502888,1.6907514450867054,0.26011560693641617,187.0,0.6502890173410405,0.0,0.7272727272727273,0.3901734104046242,60,4,0.32319770942878173,0.6127675198492287,0.13005780346820808,10000000.0,21234974.489710953,0.4709212156033119,19347616.738423225,0.5168595251393724
Sebastian Sebulonsen,Köln,GER,2025-2026,Defensa,25.0,2498,31.0,2.001368925393566,625.0,0.0,2.413931144915933,right,0.39631705364291436,0.32425940752602084,0.0,187.0,0.6124899919935949,0.0,0.9032258064516129,0.9367493995196157,32,14,0.099506205949989,0.05366052433794694,0.1801441152922338,5500000.0,5752522.331025566,0.9561023292923844,10639450.724693613,0.5169439797521488
Carlos Espí,Levante,ESP,2025-2026,Delantero,20.0,1343,25.0,4.999315537303217,400.0,0.0,0.06701414743112435,right,2.077438570364855,1.6753536857781086,0.7371556217423678,194.0,0.6031273268801192,0.0,0.52,0.46909903201787045,42,18,0.04623477586440337,0.6624100862136103,0.20104244229337304,20000000.0,9503137.333908483,2.1045681333718376,38668911.70342179,0.5172113493494107
Alfonso Pedraza,Villarreal,ESP,2025-2026,Defensa,29.0,1689,27.0,3.0006844626967832,841.0,0.15985790408525755,4.476021314387212,left,1.4387211367673178,1.2255772646536414,0.05328596802841918,184.0,1.5452930728241563,0.0,0.7037037037037037,1.6518650088809945,72,3,,,0.42628774422735344,2500000.0,4520654.704876658,0.5530172426801641,4828788.952711837,0.5177281559584428
Mërgim Vojvoda,Como,ITA,2025-2026,Centrocampista,30.0,1591,30.0,2.001368925393566,900.0,0.11313639220615965,3.733500942803268,right,0.8485229415461973,0.6788183532369579,0.11313639220615965,187.0,0.7919547454431175,0.0,0.6333333333333333,0.2262727844123193,71,4,0.17503692904319837,0.0832174305460462,0.11313639220615965,2500000.0,5105079.65129407,0.48970832401533304,4803713.338591466,0.5204307217743023
Ransford Königsdörffer,Hamburger SV,GER,2025-2026,Delantero,23.0,2329,33.0,,529.0,0.038643194504079006,0.8115070845856591,right,0.9660798626019751,1.2365822241305282,0.19321597252039502,182.0,0.23185916702447404,0.0,0.8787878787878788,0.15457277801631603,38,13,0.049968625424040285,0.3129321987632328,0.07728638900815801,5000000.0,7521631.589596451,0.6647493885390177,9590625.41083528,0.5213424344934908
Abdou Harroui,Hellas Verona,ITA,2025-2026,Centrocampista,27.0,907,23.0,2.001368925393566,729.0,0.0,2.7783902976846746,both,2.183020948180816,0.09922822491730982,0.09922822491730982,182.0,0.09922822491730982,1.0,0.4782608695652174,1.6868798235942668,21,19,0.06813056814733814,0.11644053719568148,0.29768467475192945,1600000.0,1539905.0048666692,1.0390251313836947,3068149.692929463,0.5214869416857961
Adrien Thomasson,Lens,FRA,2025-2026,Centrocampista,31.0,2683,32.0,3.0006844626967832,961.0,0.30190085724934773,4.058889303019009,right,1.8114051434960863,1.4424152068579947,0.10063361908311591,175.0,0.6708907938874394,0.0,0.96875,1.8784942228848303,70,2,0.284390049322501,0.21671278732667387,0.3689899366380917,4000000.0,9010591.773318766,0.44392200874579485,7667398.608463344,0.5216893244059027
Jamil Siebert,Lecce,ITA,2025-2026,Defensa,23.0,1701,21.0,2.001368925393566,529.0,0.0,0.26455026455026454,right,1.164021164021164,0.3703703703703704,0.05291005291005291,193.0,0.7936507936507936,0.0,0.8571428571428571,0.7936507936507936,38,17,0.01669248043702393,0.02538457059513324,0.15873015873015872,4500000.0,4947471.146366717,0.9095555824119708,8600744.118205775,0.5232105429662239
Sascha Britschgi,Parma,ITA,2025-2026,Centrocampista,18.0,2095,29.0,4.0,324.0,0.08591885441527447,2.0620525059665873,right,0.7732696897374702,0.9880668257756563,0.0,182.0,0.3436754176610979,0.0,0.7586206896551724,0.7732696897374702,45,12,0.0874222178847878,0.017612792791571994,0.3007159904534606,10000000.0,16134557.305547355,0.6197876899022087,19048085.199770495,0.5249871519957547
Elisha Owusu,Auxerre,FRA,2025-2026,Centrocampista,27.0,2344,29.0,2.001368925393566,729.0,0.0,0.03839590443686007,right,1.8430034129692832,0.8447098976109215,0.0,182.0,0.8063139931740614,0.0,0.9310344827586207,1.9581911262798635,34,15,0.03872251051474909,0.005494470623839939,0.2687713310580205,4000000.0,4416745.207194492,0.9056442725028261,7596506.76501365,0.5265578144973603
Andrija Bulatović,Lens,FRA,2025-2026,Centrocampista,18.0,762,19.0,4.0,324.0,0.47244094488188976,6.6141732283464565,right,2.2440944881889764,2.3622047244094486,0.0,180.0,0.9448818897637795,0.0,0.3157894736842105,2.4803149606299213,70,2,0.3401142031717019,0.10826946830186318,0.23622047244094488,8000000.0,14905298.626669323,0.5367218866508311,15133343.848011218,0.5286339939372579
Mohamed Kaba,Nantes,FRA,2025-2026,Centrocampista,23.0,918,12.0,0.999315537303217,529.0,0.19607843137254904,0.19607843137254904,right,1.2745098039215685,2.6470588235294117,0.0,185.0,1.3725490196078431,0.0,0.9166666666666666,1.4705882352941178,23,17,0.021467374126408617,0.04318004766223477,0.19607843137254904,2500000.0,3540417.26762396,0.7061314559901569,4722538.2707623,0.52937633464566
Saúl Coco,Torino,ITA,2025-2026,Defensa,26.0,3088,35.0,3.0006844626967832,676.0,0.029145077720207253,0.14572538860103626,right,1.3406735751295336,0.9909326424870466,0.029145077720207253,187.0,1.1949481865284974,0.0,1.0,0.9909326424870466,45,13,0.022116598499446645,0.033718933643281,0.08743523316062177,7500000.0,9729325.470203802,0.7708653619378709,14148807.425778892,0.5300800112902183
Diego Moreira,Strasbourg,FRA,2025-2026,Centrocampista,20.0,2034,27.0,4.999315537303217,400.0,0.2654867256637168,3.9380530973451324,left,0.7522123893805309,1.1946902654867257,0.17699115044247787,179.0,0.8849557522123893,0.0,0.8518518518518519,1.1061946902654867,53,8,0.30708921586979276,0.09835138175207957,0.17699115044247787,25000000.0,31906836.49285958,0.7835311409075212,47160429.62898579,0.5301054336586127
Carlos Vicente,Alavés,ESP,2025-2026,Centrocampista,26.0,1258,21.0,3.0006844626967832,676.0,0.0,9.157392686804451,right,0.8585055643879173,3.0047694753577106,0.35771065182829886,179.0,0.5007949125596184,3.0,0.5238095238095238,1.287758346581876,43,14,0.27595144483321515,0.2657613547338211,0.07154213036565978,7000000.0,7923993.773098556,0.8833929203433432,13181499.591592275,0.5310473175954047
Marco Palestra,Cagliari,ITA,2025-2026,Centrocampista,20.0,3081,37.0,7.000684462696783,400.0,0.11684518013631938,3.096397273612464,both,1.1976630963972736,3.1548198636806233,0.029211295034079845,186.0,0.555014605647517,0.0,0.918918918918919,1.0223953261927945,43,14,0.12845823706328116,0.04829293589389719,0.08763388510223953,35000000.0,19660319.88168789,1.7802355307860411,65895156.34085445,0.5311467783604041
Matteo Prati,Cagliari,ITA,2025-2026,Centrocampista,21.0,1268,20.0,0.999315537303217,441.0,0.0,0.9227129337539433,right,1.2066246056782335,0.21293375394321767,0.07097791798107256,185.0,1.0646687697160884,0.0,0.75,0.8517350157728707,43,14,0.12061163412160254,0.11900512828441683,0.28391167192429023,5500000.0,5594215.697024887,0.9831583724819561,10318719.250420555,0.5330118851499752
Leo Østigård,Genoa,ITA,2025-2026,Defensa,25.0,2622,30.0,4.0,625.0,0.034324942791762014,0.034324942791762014,right,1.3043478260869565,0.5148741418764302,0.17162471395881007,183.0,1.0297482837528604,0.0,1.0,0.9267734553775744,41,16,0.029923982941705386,0.10025386958547125,0.2402745995423341,13000000.0,14741278.313261773,0.881877387004134,24372518.206745107,0.5333876413477144
Calebe,Alavés,ESP,2025-2026,Centrocampista,25.0,752,19.0,0.999315537303217,625.0,0.0,1.9148936170212765,left,2.154255319148936,2.2739361702127656,0.0,173.0,1.077127659574468,0.0,0.6842105263157895,1.675531914893617,43,14,0.05392383703555753,0.016930238616236663,0.23936170212765956,1800000.0,2178723.980951571,0.8261716563168497,3370638.2267550286,0.5340234931509962
Mostafa Mohamed,Nantes,FRA,2025-2026,Delantero,27.0,1152,24.0,3.0006844626967832,729.0,0.0,0.703125,right,1.40625,2.109375,0.3125,185.0,0.546875,0.0,0.5416666666666666,0.546875,23,17,0.0889751139038708,0.2358458320668433,0.078125,3500000.0,1614832.334246359,2.16740767804445,6550616.779885885,0.5343008326707476
Keke Topp,Werder Bremen,GER,2025-2026,Delantero,21.0,638,20.0,2.001368925393566,441.0,0.14106583072100312,0.7053291536050156,right,2.25705329153605,0.987460815047022,0.14106583072100312,192.0,0.14106583072100312,0.0,0.35,0.7053291536050156,32,15,,,0.5642633228840125,3000000.0,5626136.000837001,0.5332256453725416,5613516.211194206,0.5344243941110464
Nahuel Estévez,Parma,ITA,2025-2026,Centrocampista,29.0,1049,32.0,2.001368925393566,841.0,0.08579599618684461,3.689227836034318,right,0.9437559580552907,1.11534795042898,0.0,181.0,0.42897998093422307,0.0,0.28125,0.8579599618684461,45,12,0.09469887435265788,0.05408359953407394,0.17159199237368922,1400000.0,2732812.370411938,0.5122927630003984,2616796.763878258,0.535005247379285
Jeremie Boga,Juventus,ITA,2025-2026,Centrocampista,28.0,679,15.0,3.0006844626967832,784.0,0.0,3.976435935198822,right,0.39764359351988215,0.9278350515463918,0.5301914580265096,172.0,0.2650957290132548,0.0,0.4,0.39764359351988215,69,6,0.2215469402805607,0.5472677197466456,0.1325478645066274,8000000.0,11094491.388698148,0.7210785713123833,14935835.212893788,0.5356245490104076
Ángel Ortíz,Real Betis,ESP,2025-2026,Defensa,21.0,584,13.0,3.0006844626967832,441.0,0.0,2.9280821917808217,right,1.386986301369863,1.386986301369863,0.0,167.0,0.1541095890410959,0.0,0.5384615384615384,2.9280821917808217,60,5,0.1356712882789745,0.004221094574473084,0.1541095890410959,4000000.0,6654619.021556314,0.6010862510750496,7455731.793987863,0.5364999855849847
Félix Correia,Lille,FRA,2025-2026,Centrocampista,24.0,2053,34.0,0.999315537303217,576.0,0.21919142717973697,3.6824159766195814,right,0.6137359961032635,1.227471992206527,0.17535314174378958,178.0,0.9206039941548954,0.0,0.7647058823529411,0.5698977106673161,61,3,0.2572311010598207,0.2545668427499907,0.08767657087189479,10000000.0,21778165.917054366,0.45917548971233857,18605632.32533905,0.5374716550955906
Luca Ranieri,Fiorentina,ITA,2025-2026,Defensa,26.0,2458,34.0,2.001368925393566,676.0,0.0,0.9886086248982914,left,0.8055329536208299,0.9886086248982914,0.03661513425549227,187.0,0.8787632221318145,0.0,0.8529411764705882,0.8787632221318145,42,15,0.03771551364109805,0.07601574458488004,0.29292107404393813,6000000.0,7269837.584337152,0.8253279293236188,11134350.24497982,0.5388729353744948
Han-Noah Massengo,Augsburg,GER,2025-2026,Centrocampista,24.0,2427,33.0,4.0,576.0,0.037082818294190356,0.630407911001236,right,0.927070457354759,0.8529048207663782,0.07416563658838071,178.0,1.334981458590853,0.0,0.8787878787878788,0.6674907292954265,43,9,0.06065213699377291,0.06421377615282503,0.1854140914709518,8000000.0,10474512.325842008,0.7637587079126291,14812597.467534922,0.5400808344069139
Patrick Cutrone,Parma,ITA,2025-2026,Delantero,27.0,888,15.0,3.0006844626967832,729.0,0.0,1.2162162162162162,right,0.7094594594594594,1.6216216216216217,0.10135135135135136,183.0,0.30405405405405406,0.0,0.7333333333333333,0.10135135135135136,45,12,0.06679760115976269,0.33156299350053275,0.0,4000000.0,4450564.630399523,0.8987623666170473,7388268.977341401,0.5413988056292127
Thierry Correia,Valencia,ESP,2025-2026,Defensa,26.0,1392,24.0,0.999315537303217,676.0,0.12931034482758622,2.7155172413793105,right,1.8103448275862069,1.6163793103448274,0.0,176.0,1.1637931034482758,0.0,0.7083333333333334,1.4224137931034484,49,9,0.11050993845605388,0.018108864314854145,0.3232758620689655,2500000.0,4634524.032174576,0.5394297197822424,4599369.235099952,0.5435527943530437
Pablo Fornals,Real Betis,ESP,2025-2026,Centrocampista,29.0,2848,37.0,3.0006844626967832,841.0,0.1896067415730337,4.424157303370786,,1.0112359550561798,0.821629213483146,0.28441011235955055,,1.074438202247191,0.0,0.918918918918919,0.821629213483146,60,5,0.24941165760823977,0.1561515395244416,0.06320224719101124,8000000.0,11360593.726460325,0.7041885479424321,14623785.424012776,0.5470539787094876
Jan Thielmann,Köln,GER,2025-2026,Centrocampista,23.0,1540,26.0,2.001368925393566,529.0,0.05844155844155844,2.103896103896104,right,0.6428571428571428,1.344155844155844,0.17532467532467533,178.0,0.7597402597402597,0.0,0.7692307692307693,0.7012987012987013,32,14,0.05833816352941386,0.11991986505348574,0.23376623376623376,5000000.0,6300740.0855660755,0.7935575713485071,9125558.394876914,0.5479116765947165
Hans Nicolussi Caviglia,Parma,ITA,2025-2026,Centrocampista,25.0,869,15.0,4.0,625.0,0.3107019562715765,2.38204833141542,right,0.8285385500575374,0.9321058688147296,0.0,184.0,0.3107019562715765,0.0,0.6666666666666666,0.8285385500575374,45,12,0.1806811250154662,0.0887242970951716,0.0,6000000.0,8012532.377582419,0.7488269272754378,10947173.207607748,0.5480866965574541
Hjalmar Ekdal,Burnley,ENG,2025-2026,Defensa,26.0,1539,19.0,0.999315537303217,676.0,0.0,0.05847953216374269,right,0.29239766081871343,0.4093567251461988,0.0,187.0,0.7017543859649122,0.0,0.8947368421052632,0.9941520467836257,22,19,0.00983301217923736,0.035567977002751064,0.0,5000000.0,8033087.166178167,0.6224257121286544,9110224.77770421,0.5488338786367473
Gautier Lloris,Le Havre,FRA,2025-2026,Defensa,30.0,2398,29.0,2.001368925393566,900.0,0.03753127606338615,0.0750625521267723,left,1.0133444537114262,0.6380316930775647,0.03753127606338615,191.0,1.6138448707256046,0.0,0.9655172413793104,0.9007506255212677,35,14,0.040321342205881974,0.04513547078063952,0.0750625521267723,3000000.0,2298734.973051106,1.3050656274734038,5450154.892680792,0.5504430716324792
Matteo Prati,Torino,ITA,2025-2026,Centrocampista,21.0,614,13.0,0.999315537303217,441.0,0.1465798045602606,0.2931596091205212,right,1.758957654723127,1.0260586319218241,0.0,185.0,0.7328990228013029,0.0,0.5384615384615384,0.43973941368078173,45,13,0.2490807036908665,0.24576303365576638,0.2931596091205212,5500000.0,6450344.518196077,0.8526676341836926,9986717.532646295,0.5507315073266723
Naouirou Ahamada,Auxerre,FRA,2025-2026,Centrocampista,23.0,682,15.0,0.999315537303217,529.0,0.13196480938416422,0.7917888563049854,right,0.6598240469208212,1.187683284457478,0.0,183.0,0.6598240469208212,0.0,0.5333333333333333,1.3196480938416424,34,15,0.057651064798366985,0.05616498286248652,0.0,3000000.0,3248939.220192976,0.923378308019505,5439429.383437124,0.5515284395703154
Loïc Nego,Le Havre,FRA,2025-2026,Defensa,34.0,2339,30.0,1.919233401779603,1156.0,0.0,3.001282599401453,right,0.6926036767849508,0.6926036767849508,0.0,181.0,1.231295425395468,0.0,0.8666666666666667,1.3852073535699017,35,14,0.05912846541999751,0.020426112137951497,0.11543394613082514,500000.0,570560.2861992782,0.8763315850997843,902447.082386794,0.5540491068768253
Ayumu Seko,Le Havre,FRA,2025-2026,Centrocampista,25.0,2625,30.0,2.001368925393566,625.0,0.0,0.17142857142857143,right,0.96,0.6857142857142857,0.0,186.0,1.2000000000000002,0.0,0.9666666666666667,0.822857142857143,35,14,0.01577599656369005,0.0331226787929024,0.20571428571428574,5000000.0,4704922.2499691695,1.0627168174846595,9020239.553951202,0.554309003668291
Gerard Gumbau,Rayo Vallecano,ESP,2025-2026,Centrocampista,30.0,1175,28.0,0.999315537303217,900.0,0.2297872340425532,3.9829787234042553,left,2.91063829787234,0.3829787234042553,0.0,188.0,0.8425531914893618,0.0,0.5,1.225531914893617,50,8,0.19258947415237732,0.08699369095265866,0.30638297872340425,1200000.0,1599088.6868128402,0.7504274215032639,2160941.066829319,0.5553136170255315
Habib Diallo,Metz,FRA,2025-2026,Delantero,30.0,1909,25.0,3.0006844626967832,900.0,0.04714510214772132,0.1885804085908853,right,1.2729177579884756,1.3672079622839184,0.1885804085908853,186.0,0.09429020429544265,0.0,0.84,0.23572551073860662,17,18,0.03504080034406039,0.27948257438701885,0.0,4000000.0,2029710.748355431,1.9707241552723667,7180443.742720551,0.5570686357727059
Andrej Kramarić,Hoffenheim,GER,2025-2026,Centrocampista,34.0,2207,34.0,2.001368925393566,1156.0,0.24467603081105574,3.3439057544177615,right,0.20389669234254643,0.5709107385591301,0.5709107385591301,177.0,0.28545536927956505,5.0,0.7647058823529411,0.20389669234254643,61,5,0.1847503698246548,0.5333221886572008,0.08155867693701858,2500000.0,5230924.36392227,0.477927002202999,4487129.419531186,0.5571490737749212
Rayan Philippe,Hamburger SV,GER,2025-2026,Delantero,24.0,1285,28.0,0.999315537303217,576.0,0.0,2.171206225680934,left,1.6809338521400778,0.6303501945525292,0.35019455252918286,182.0,0.21011673151750973,0.0,0.4642857142857143,0.9105058365758756,38,13,0.0950070687421101,0.39544357228951693,0.14007782101167315,4000000.0,3438436.014131595,1.1633195975031785,7154016.037943074,0.5591265072352398
Sebastian Walukiewicz,Sassuolo,ITA,2025-2026,Defensa,25.0,2852,34.0,,625.0,0.03155680224403927,1.4200561009817672,right,1.1044880785413744,0.4102384291725105,0.0,188.0,0.7258064516129032,0.0,0.9705882352941176,1.072931276297335,49,11,0.06483606866144198,0.005680833346253525,0.22089761570827487,5000000.0,9011929.017049896,0.5548201711909153,8935009.14449284,0.5595965173781369
Himad Abdelli,Angers,FRA,2025-2026,Centrocampista,25.0,943,13.0,4.0,625.0,0.0,0.8589607635206787,right,1.5270413573700956,1.1452810180275717,0.19088016967126195,185.0,1.2407211028632026,2.0,0.8461538461538461,1.6224814422057265,36,13,0.05295905028790836,0.1842160859122509,0.09544008483563098,5000000.0,4780696.2559373425,1.045872762527068,8924847.316011243,0.5602336738052608
Abdoul Ouattara,Strasbourg,FRA,2025-2026,Centrocampista,19.0,1768,28.0,4.999315537303217,361.0,0.0,0.9671945701357466,,0.6108597285067874,0.5599547511312217,0.10180995475113123,180.0,1.0180995475113122,0.0,0.6785714285714286,0.6617647058823529,53,8,,,0.10180995475113123,15000000.0,17155546.83361982,0.874352776129783,26768759.439331166,0.5603546938361512
Philipp Sander,Gladbach,GER,2025-2026,Defensa,27.0,2445,30.0,2.001368925393566,729.0,0.0,1.030674846625767,both,1.030674846625767,0.5153374233128835,0.0736196319018405,186.0,1.8404907975460123,0.0,0.9666666666666667,1.5460122699386505,38,12,0.02999366867853089,0.05072687137757708,0.147239263803681,4000000.0,4325449.742251211,0.9247593287069779,7099547.732495681,0.5634161711021968
Arnaud Nordin,Rennes,FRA,2025-2026,Delantero,27.0,570,10.0,3.0006844626967832,729.0,0.3157894736842105,2.8421052631578947,both,1.263157894736842,2.6842105263157894,0.15789473684210525,170.0,0.0,0.0,0.7,0.9473684210526315,59,6,0.02223845198750496,0.11398860459264956,0.15789473684210525,4000000.0,10302287.938914698,0.3882632696462358,7083442.359763368,0.564697190552649
Sael Kumbedi,Wolfsburg,GER,2025-2026,Defensa,20.0,1804,24.0,3.0006844626967832,400.0,0.2494456762749446,2.0454545454545454,right,1.0476718403547671,0.8980044345898004,0.0,175.0,0.6984478935698448,0.0,0.8333333333333334,1.646341463414634,29,16,0.15567522630211122,0.023180341442010286,0.09977827050997783,12000000.0,9739954.18517982,1.232038649448581,21227237.68943015,0.565311425611221
Iago Aspas,Celta Vigo,ESP,2025-2026,Delantero,37.0,1140,32.0,0.999315537303217,1369.0,0.23684210526315788,1.894736842105263,left,0.39473684210526316,1.3421052631578947,0.39473684210526316,176.0,0.9473684210526315,2.0,0.34375,0.868421052631579,54,6,0.35198120767936897,0.35039724164495345,0.3157894736842105,1600000.0,1334824.3113554446,1.1986596186394622,2828264.368181812,0.565717978135326
Damion Downs,Hamburger SV,GER,2025-2026,Delantero,21.0,536,12.0,0.999315537303217,441.0,0.0,0.0,right,1.3432835820895521,0.16791044776119401,0.0,192.0,0.0,0.0,0.5,0.33582089552238803,38,13,0.11871221577818158,0.08259059312239067,0.0,4000000.0,3316049.292280082,1.2062546866574593,7065570.682488495,0.5661255374479107
Gonzalo Villar,Elche,ESP,2025-2026,Centrocampista,27.0,718,12.0,3.0006844626967832,729.0,0.0,1.3788300835654597,right,1.3788300835654597,3.1337047353760448,0.12534818941504178,181.0,0.25069637883008355,0.0,0.6666666666666666,1.128133704735376,43,13,0.006032056463130006,0.02692166855947885,0.3760445682451254,1800000.0,2401661.504695523,0.7494811389868198,3179078.5835925965,0.5662017948502127
Pablo Durán,Celta Vigo,ESP,2025-2026,Delantero,24.0,1425,30.0,2.001368925393566,576.0,0.12631578947368421,0.9473684210526315,right,0.9473684210526315,0.7578947368421053,0.12631578947368421,176.0,0.4421052631578948,0.0,0.5666666666666667,0.6947368421052632,54,6,0.13580568277914273,0.2719195861957575,0.06315789473684211,4000000.0,7522167.841197362,0.5317615991088134,7063893.949886437,0.566259916750917
Lucas Da Cunha,Como,ITA,2025-2026,Centrocampista,24.0,2739,36.0,4.999315537303217,576.0,0.13143483023001096,3.253012048192771,left,1.117196056955093,0.6243154435925521,0.19715224534501644,174.0,0.5914567360350492,4.0,0.8611111111111112,1.0843373493975905,71,4,0.19786104349764258,0.22759154231898562,0.13143483023001096,20000000.0,34804294.54436546,0.5746417291839017,35281460.72438133,0.5668699534931375
Jacques Ekomie,Angers,FRA,2025-2026,Defensa,21.0,2239,32.0,4.0,441.0,0.0,2.6127735596248325,left,1.205895489057615,1.2460920053595355,0.0,179.0,1.2460920053595355,0.0,0.78125,1.286288521661456,36,13,0.056054449751274354,0.04115034042025262,0.1205895489057615,9000000.0,6976123.238673275,1.290114823388875,15870206.953636218,0.567100355168204
Cheikh Niasse,Hellas Verona,ITA,2025-2026,Centrocampista,25.0,970,19.0,0.999315537303217,625.0,0.09278350515463918,1.2989690721649485,right,1.8556701030927836,1.3917525773195876,0.0,188.0,1.3917525773195876,0.0,0.5789473684210527,1.2989690721649485,21,19,0.055083782018459954,0.016309438494139728,0.09278350515463918,2000000.0,2098130.374292072,0.9532296107551553,3523554.6031063343,0.5676086297163716
Jesus Rodríguez,Como,ITA,2025-2026,Centrocampista,19.0,1731,31.0,4.0,361.0,0.46793760831889086,2.9636048526863084,right,1.2478336221837087,1.6637781629116117,0.10398613518197573,185.0,0.20797227036395147,0.0,0.5806451612903226,0.8838821490467937,71,4,0.3624600994576615,0.2038882731216309,0.1559792027729636,30000000.0,32519341.373762526,0.9225279090124747,52815443.30265188,0.5680156810970796
Abdallah Sima,Lens,FRA,2025-2026,Centrocampista,24.0,718,21.0,3.0006844626967832,576.0,0.25069637883008355,1.754874651810585,right,1.754874651810585,1.754874651810585,0.25069637883008355,188.0,0.12534818941504178,0.0,0.2857142857142857,0.6267409470752089,70,2,0.09522453531581379,0.41772199270618987,0.3760445682451254,5000000.0,8571037.612554334,0.5833599414703657,8801381.624888172,0.5680926260328507
Adama Camara,Paris FC,FRA,2025-2026,Centrocampista,28.0,2159,29.0,0.999315537303217,784.0,0.0,0.5836035201482168,right,1.0838351088466882,0.7503473830477072,0.041685965724872626,180.0,1.5840666975451598,0.0,0.896551724137931,1.2505789717461788,76,1,0.05816264564603664,0.07982753005850199,0.333487725798981,3000000.0,13332266.646233909,0.22501800178497317,5273180.429400872,0.5689166225516114
Samuel Mbangula,Werder Bremen,GER,2025-2026,Centrocampista,21.0,1171,26.0,0.999315537303217,441.0,0.1537147736976943,1.7677198975234842,right,0.3074295473953886,1.7677198975234842,0.23057216054654142,179.0,0.23057216054654142,0.0,0.46153846153846156,0.7685738684884713,32,15,0.07969594104843807,0.14116217852287777,0.0,8000000.0,6646753.785281432,1.2035950568404077,14035416.082828483,0.5699866646481209
Dženan Pejčinović,Wolfsburg,GER,2025-2026,Delantero,20.0,1460,30.0,4.999315537303217,400.0,0.0,0.3082191780821918,left,1.356164383561644,0.4315068493150685,0.4931506849315069,188.0,0.3082191780821918,0.0,0.5333333333333333,0.5547945205479452,29,16,0.10143417349621042,0.5111155168995364,0.06164383561643836,15000000.0,14928902.544396626,1.0047624033576439,26311254.503076527,0.570098244393709
Esteban Lepaul,Rennes,FRA,2025-2026,Delantero,25.0,2511,32.0,4.0,625.0,0.17921146953405015,0.6093189964157707,right,0.8243727598566308,0.5376344086021506,0.7168458781362006,181.0,0.1075268817204301,3.0,0.96875,0.17921146953405015,59,6,0.12133491369077809,0.5639686135034407,0.1075268817204301,35000000.0,44762719.01102502,0.7819006703185195,61248866.49356146,0.5714391466114599
Alessandro Zanoli,Udinese,ITA,2025-2026,Centrocampista,24.0,1280,19.0,3.0006844626967832,576.0,0.140625,2.8125,right,1.125,0.3515625,0.0703125,188.0,0.49218749999999994,0.0,0.8421052631578947,1.265625,50,10,0.10925526598293799,0.007030294567812233,0.0703125,4500000.0,6813541.434102826,0.6604494951005664,7869102.786185809,0.5718568078561306
David Brooks,Bournemouth,ENG,2025-2026,Centrocampista,28.0,1204,31.0,3.0006844626967832,784.0,0.22425249169435216,4.410299003322259,left,0.8222591362126247,0.9717607973421927,0.07475083056478406,173.0,0.29900332225913623,0.0,0.41935483870967744,0.9717607973421927,57,6,0.3137172506410517,0.4888798738597735,0.5232558139534884,12000000.0,18753676.99667215,0.6398745164550614,20911234.401782,0.5738542148892651
Suat Serdar,Hellas Verona,ITA,2025-2026,Centrocampista,28.0,1108,20.0,2.001368925393566,784.0,0.0,0.5685920577617328,right,1.5433212996389893,0.9747292418772563,0.1624548736462094,184.0,0.8122743682310469,0.0,0.6,1.6245487364620939,21,19,0.11417424232305604,0.21694454022377246,0.24368231046931407,2800000.0,2001016.108797535,1.3992890850252055,4875059.989259966,0.5743519066777761
Sinaly Diomande,Auxerre,FRA,2025-2026,Defensa,24.0,2131,24.0,0.999315537303217,576.0,0.08446738620366025,0.0,right,1.3092444861567338,1.0980760206475833,0.08446738620366025,184.0,1.3937118723603943,0.0,1.0,0.7179727827311122,34,15,0.021719589876644716,0.12463420975633431,0.1689347724073205,6000000.0,6844548.201114264,0.8766100878686521,10441937.937132891,0.5746059817750131
Ludovic Ajorque,Brest,FRA,2025-2026,Delantero,31.0,2820,32.0,0.999315537303217,961.0,0.28723404255319146,0.28723404255319146,left,2.074468085106383,1.7553191489361701,0.25531914893617025,196.0,0.35106382978723405,0.0,1.0,0.6382978723404256,39,12,0.12183660130075952,0.3145656844085835,0.28723404255319146,3000000.0,3836140.7223329935,0.7820359619590584,5212613.2291821195,0.5755270663867598
Aleix Febas,Elche,ESP,2025-2026,Centrocampista,29.0,3160,36.0,3.0006844626967832,841.0,0.056962025316455694,0.6265822784810127,,0.9683544303797469,3.360759493670886,0.056962025316455694,,0.7689873417721519,0.0,1.0,1.310126582278481,43,13,0.05987404868938029,0.06219751100185551,0.2848101265822785,5000000.0,4999936.615114238,1.0000126771378601,8656416.71961769,0.5776062038081762
Federico Baschirotto,Cremonese,ITA,2025-2026,Defensa,28.0,2540,29.0,2.001368925393566,784.0,0.0,0.28346456692913385,right,1.594488188976378,0.3188976377952756,0.07086614173228346,187.0,0.8503937007874016,0.0,1.0,0.46062992125984253,34,18,0.0025067614596777075,0.04037810637666954,0.07086614173228346,3500000.0,3265109.138450843,1.0719396662068708,6047836.599712296,0.5787193391049122
Elias Saad,Augsburg,GER,2025-2026,Centrocampista,25.0,497,10.0,0.999315537303217,625.0,0.0,1.6297786720321932,right,1.4486921529175052,2.1730382293762576,0.0,185.0,0.18108651911468815,0.0,0.7,1.4486921529175052,43,9,0.11245797037838451,0.06730136324762098,0.18108651911468815,2000000.0,3244571.4324972536,0.6164142296169628,3455211.0644818805,0.5788358403222196
Jonathan Burkardt,Frankfurt,GER,2025-2026,Delantero,25.0,1336,22.0,4.0,625.0,0.06736526946107785,0.33682634730538924,right,0.8083832335329341,1.0104790419161678,0.875748502994012,181.0,0.06736526946107785,4.0,0.6818181818181818,0.2694610778443114,44,8,0.04500786754341718,0.883629100096083,0.06736526946107785,30000000.0,21048924.490102444,1.425250967768282,51704114.68296284,0.5802246143068645
Jean-Victor Makengo,Lorient,FRA,2025-2026,Centrocampista,27.0,1800,31.0,0.999315537303217,729.0,0.1,0.9,left,0.6000000000000001,1.75,0.2,177.0,0.7,0.0,0.7419354838709677,0.8,45,9,0.09561228449456392,0.16954979607835413,0.1,6000000.0,6789545.051690644,0.883711641107081,10338936.249319263,0.5803304958375242
Sekou Mara,Auxerre,FRA,2025-2026,Delantero,23.0,1226,27.0,3.0006844626967832,529.0,0.1468189233278956,0.0,right,1.9820554649265905,1.9820554649265905,0.22022838499184338,183.0,0.22022838499184338,0.0,0.5185185185185185,0.5138662316476346,34,15,0.08053129323155028,0.22421222426252496,0.0,4000000.0,6288985.318948248,0.6360326502827564,6882297.680833576,0.5812012478244801
Mariano Troilo,Parma,ITA,2025-2026,Defensa,22.0,1625,21.0,4.0,484.0,0.0,0.055384615384615386,both,1.4953846153846153,1.1076923076923078,0.055384615384615386,194.0,0.8861538461538462,0.0,0.8571428571428571,0.9969230769230769,45,12,0.03637110762298107,0.054121564087959435,0.4430769230769231,10000000.0,11519346.19833565,0.8681048236439696,17177654.382917248,0.5821516591895546
Grischa Prömel,Hoffenheim,GER,2025-2026,Centrocampista,30.0,1758,33.0,3.0006844626967832,900.0,0.10238907849829351,0.5631399317406144,right,1.1774744027303754,1.433447098976109,0.35836177474402725,184.0,0.7679180887372014,0.0,0.48484848484848486,0.8191126279863481,61,5,0.13410435026390763,0.2626333976285246,0.25597269624573377,3500000.0,6383953.262267749,0.5482496278108258,6003276.5606679255,0.5830149526895342
Álex Sancris,Getafe,ESP,2025-2026,Centrocampista,28.0,708,18.0,0.999315537303217,784.0,0.1271186440677966,7.5,both,2.0338983050847457,1.5254237288135593,0.0,181.0,0.2542372881355932,0.0,0.2777777777777778,0.635593220338983,51,7,0.12663798625738817,0.05059636415029734,0.5084745762711864,1500000.0,2591345.5744491797,0.578849851131431,2561972.8487315695,0.5854862984760548
Rômulo,RB Leipzig,GER,2025-2026,Delantero,23.0,2188,30.0,4.0,529.0,0.16453382084095064,0.0,right,0.8226691042047533,0.8226691042047533,0.3702010968921389,193.0,0.4524680073126143,0.0,0.9,0.7815356489945156,65,3,0.14836024536395367,0.6555290790564181,0.12340036563071298,30000000.0,51840909.74379486,0.5786935481700507,51089041.12829689,0.5872100814079241
Jan-Niklas Beste,Freiburg,GER,2025-2026,Centrocampista,26.0,1704,28.0,4.0,676.0,0.1056338028169014,5.598591549295775,left,0.897887323943662,1.9014084507042253,0.1056338028169014,175.0,0.897887323943662,0.0,0.7142857142857143,1.267605633802817,47,7,0.19942805682584436,0.18473950650831553,0.2640845070422535,10000000.0,9786402.336825313,1.021825963803975,17009818.121425953,0.5878957628243993
Christian Eriksen,Wolfsburg,GER,2025-2026,Centrocampista,33.0,2410,31.0,0.999315537303217,1089.0,0.3360995850622407,4.8921161825726145,right,0.4854771784232365,0.18672199170124482,0.11203319502074688,182.0,0.6721991701244814,3.0,0.8709677419354839,0.7468879668049793,29,16,0.2951768802293418,0.20804495039430768,0.14937759336099585,2500000.0,2264560.233841016,1.1039671025926499,4248107.863864775,0.5884972981184123
Reda Belahyane,Lazio,ITA,2025-2026,Centrocampista,21.0,609,13.0,3.0006844626967832,441.0,0.29556650246305416,0.14778325123152708,right,1.6256157635467978,0.4433497536945813,0.0,173.0,0.4433497536945813,0.0,0.38461538461538464,1.1822660098522166,54,9,0.16673619487309105,0.03059638214522395,0.14778325123152708,6800000.0,10682044.845194096,0.636582236692196,11548768.182347907,0.5888073855698033
Assan Ouédraogo,RB Leipzig,GER,2025-2026,Centrocampista,19.0,948,19.0,3.0006844626967832,361.0,0.2848101265822785,0.37974683544303794,right,0.37974683544303794,2.088607594936709,0.37974683544303794,191.0,0.2848101265822785,0.0,0.6842105263157895,0.569620253164557,65,3,0.28579276131725384,0.2665036574854881,0.0,28000000.0,36717141.966837,0.7625865876295509,47492075.602161475,0.5895720421771934
Fabiano Parisi,Fiorentina,ITA,2025-2026,Centrocampista,24.0,1520,23.0,3.0006844626967832,576.0,0.05921052631578947,2.3092105263157894,left,0.8289473684210525,3.9078947368421058,0.05921052631578947,178.0,1.006578947368421,0.0,0.782608695652174,0.8289473684210525,42,15,0.11361855518464979,0.07710650052850772,0.35526315789473684,6000000.0,9708316.632151239,0.6180268142604324,10148410.784584237,0.5912255748569217
Anthony Jung,Freiburg,GER,2025-2026,Defensa,33.0,526,12.0,0.999315537303217,1089.0,0.0,0.0,left,0.6844106463878327,0.5133079847908746,0.0,186.0,1.7110266159695817,0.0,0.3333333333333333,0.17110266159695817,47,7,0.03845939527800441,0.006272290326909874,0.34220532319391633,600000.0,552339.8215538226,1.0862877826047406,1014521.5634236316,0.5914117763798179
Philip Otele,Hamburger SV,GER,2025-2026,Centrocampista,26.0,471,9.0,2.001368925393566,676.0,0.19108280254777069,2.2929936305732483,right,1.5286624203821655,0.7643312101910827,0.19108280254777069,178.0,0.5732484076433121,0.0,0.7777777777777778,0.38216560509554137,38,13,0.18377714179408777,0.19232405029284727,0.5732484076433121,4000000.0,3039297.7903021686,1.3160934781590843,6748409.363126684,0.5927322698969634
Phillipp Mwene,Mainz 05,GER,2025-2026,Centrocampista,31.0,2069,29.0,,961.0,0.08699855002416626,3.262445625906235,right,0.9569840502658289,1.3919768003866602,0.04349927501208313,170.0,0.6089898501691638,0.0,0.8275862068965517,0.8699855002416625,40,10,,,0.17399710004833252,1500000.0,2275197.6387552614,0.6592833846384596,2526573.837385852,0.5936893582148353
Romain Del Castillo,Brest,FRA,2025-2026,Centrocampista,29.0,2625,32.0,2.001368925393566,841.0,0.10285714285714287,6.788571428571428,left,0.96,1.4742857142857144,0.30857142857142855,172.0,0.96,6.0,1.0,1.2342857142857142,39,12,0.22525440516216416,0.28752111669097624,0.06857142857142857,7000000.0,5039971.6086079,1.388896712839516,11737770.620490344,0.5963653768953593
Mouctar Diakhaby,Valencia,ESP,2025-2026,Defensa,28.0,543,8.0,0.999315537303217,784.0,0.0,0.0,right,1.160220994475138,0.49723756906077343,0.16574585635359115,192.0,1.4917127071823204,0.0,0.875,0.9944751381215469,49,9,0.009124234154079501,0.10477901945785922,0.49723756906077343,1500000.0,2234380.1827043784,0.6713271141639278,2510508.024725882,0.5974886298815087
Maxime Lopez,Paris FC,FRA,2025-2026,Centrocampista,27.0,1960,26.0,0.999315537303217,729.0,0.1377551020408163,3.8112244897959187,right,1.239795918367347,0.3673469387755102,0.0,167.0,0.5051020408163265,0.0,0.8461538461538461,0.7806122448979592,76,1,0.24362584674844937,0.054911125232750664,0.5051020408163265,5000000.0,14469442.562613122,0.3455558138030316,8329252.261485938,0.6002939811439929
Boubacar Traoré,Metz,FRA,2025-2026,Centrocampista,23.0,1387,20.0,0.999315537303217,529.0,0.0,0.12977649603460706,right,2.076423936553713,0.32444124008651765,0.06488824801730353,183.0,0.9733237202595529,0.0,0.8,1.6870944484498918,17,18,0.014404667301000066,0.06104956092964253,0.2595529920692141,4000000.0,3555144.60436006,1.1251300425570216,6641400.407142965,0.6022826143260263
Javi Galán,Osasuna,ESP,2025-2026,Defensa,30.0,1672,20.0,2.001368925393566,900.0,0.053827751196172245,4.6291866028708135,left,1.6148325358851674,1.9916267942583732,0.0,172.0,1.4533492822966507,0.0,0.95,1.6148325358851674,42,16,0.10466805424175836,0.010695951076170973,0.16148325358851676,1800000.0,2501241.7038616207,0.7196425668183181,2984100.629960413,0.6031968164638867
Salis Abdul Samed,Nice,FRA,2025-2026,Centrocampista,25.0,911,18.0,2.001368925393566,625.0,0.0,0.19758507135016465,right,1.8770581778265643,0.9879253567508234,0.0,179.0,1.0867178924259056,0.0,0.6666666666666666,0.6915477497255763,32,16,0.0012905634714762805,0.0014906624101028746,0.29637760702524696,4000000.0,2722361.3272623336,1.4693126735026345,6625514.494127363,0.6037266997974976
Nicolás Capaldo,Hamburger SV,GER,2025-2026,Defensa,26.0,2001,26.0,2.001368925393566,676.0,0.13493253373313344,0.9445277361319341,right,1.394302848575712,2.0689655172413794,0.04497751124437781,177.0,1.5742128935532234,0.0,0.9230769230769231,2.0689655172413794,38,13,0.08304161694029283,0.12099236168939134,0.44977511244377816,8000000.0,5671845.81025427,1.410475578432792,13249952.650131818,0.6037757425435336
Ansu Fati,Monaco,FRA,2025-2026,Centrocampista,22.0,1093,25.0,4.0,484.0,0.0,0.6587374199451053,right,0.7410795974382433,0.4940530649588289,0.9057639524245197,178.0,0.16468435498627632,3.0,0.4,0.7410795974382433,54,7,,,0.08234217749313816,15000000.0,19501338.582383256,0.7691779688164797,24825670.50166628,0.6042132879751712
Takuma Asano,Mallorca,ESP,2025-2026,Centrocampista,30.0,664,20.0,,900.0,0.0,1.897590361445783,right,1.2198795180722892,1.355421686746988,0.13554216867469882,173.0,0.13554216867469882,0.0,0.4,1.355421686746988,42,17,0.13804129975657148,0.3035292484943407,0.27108433734939763,1500000.0,1152573.5432710939,1.3014353910492191,2476070.057243234,0.6057986912010257
Lucas Boyé,Alavés,ESP,2025-2026,Delantero,29.0,1958,29.0,3.0006844626967832,841.0,0.04596527068437181,0.45965270684371806,right,2.665985699693565,1.7926455566905006,0.5056179775280899,183.0,0.32175689479060265,3.0,0.7586206896551724,1.1491317671092953,43,14,0.1245478568532037,0.5103895392657026,0.18386108273748725,5000000.0,4822961.892677779,1.0367073411031922,8237595.283456604,0.6069732522598432
Patrik Schick,Leverkusen,GER,2025-2026,Delantero,29.0,1988,28.0,4.0,841.0,0.1358148893360161,0.0,left,0.9959758551307847,0.9054325955734407,0.7243460764587526,191.0,0.1358148893360161,4.0,0.8214285714285714,0.18108651911468815,59,6,0.1445088095277158,0.8792351766243967,0.09054325955734407,18000000.0,15525586.53179898,1.159376488813032,29558966.460920203,0.6089522792956151
Michel Aebischer,Pisa,ITA,2025-2026,Centrocampista,28.0,2892,35.0,,784.0,0.06224066390041494,1.338174273858921,right,1.3692946058091287,1.1825726141078838,0.03112033195020747,183.0,1.0892116182572615,0.0,0.9428571428571428,1.1514522821576763,18,20,0.10693883827667204,0.02582708204597915,0.24896265560165975,4000000.0,3030806.4042545334,1.3197807667243109,6561794.946836129,0.6095893017700381
Anton Kade,Augsburg,GER,2025-2026,Centrocampista,21.0,1743,28.0,3.0006844626967832,441.0,0.0,1.1359724612736661,right,1.0327022375215147,0.9294320137693632,0.3098106712564544,185.0,0.6712564543889845,0.0,0.6428571428571429,0.7228915662650601,43,9,0.15976928815681635,0.34659000120018313,0.1549053356282272,10000000.0,11800062.515584085,0.8474531373705197,16386070.543178119,0.6102744385024768
Yassin Belkhdim,Angers,FRA,2025-2026,Centrocampista,23.0,2135,27.0,2.001368925393566,529.0,0.08430913348946135,1.7704918032786887,right,1.2224824355971897,1.2224824355971897,0.08430913348946135,175.0,1.3489461358313817,0.0,0.9629629629629629,1.8126463700234192,36,13,0.06443761970926365,0.09710574886419175,0.2107728337236534,7000000.0,6299145.860850604,1.1112617733628343,11447069.464488316,0.6115102229191286
Tiago Gabriel,Lecce,ITA,2025-2026,Defensa,20.0,3219,37.0,0.999315537303217,400.0,0.0,0.05591798695246971,right,0.8108108108108109,1.1183597390493942,0.05591798695246971,196.0,1.2861136999068035,0.0,0.972972972972973,1.1183597390493942,38,17,0.0007843793059967438,0.11137990593451934,0.195712954333644,15000000.0,11254225.421491476,1.3328327306609176,24509285.160489522,0.6120129535308082
Nhoa Sangui,Paris FC,FRA,2025-2026,Defensa,19.0,1737,26.0,4.0,361.0,0.0,1.9170984455958548,left,0.25906735751295334,0.8808290155440415,0.0,178.0,1.0880829015544042,0.0,0.6923076923076923,0.7253886010362693,76,1,0.06444600492793044,0.027651573902893557,0.0,10000000.0,23582490.358035102,0.42404342578657167,16316560.165893378,0.6128742760930133
Ulisses Garcia,Sassuolo,ITA,2025-2026,Defensa,29.0,943,13.0,2.001368925393566,841.0,0.19088016967126195,3.244962884411453,left,1.0498409331919407,0.19088016967126195,0.09544008483563098,182.0,0.7635206786850478,0.0,0.7692307692307693,0.9544008483563097,49,11,0.21424086908646886,0.006288111581213274,0.2863202545068929,3000000.0,2858244.647390758,1.0495952481669641,4884794.169947956,0.6141507493716901
Serge Gnabry,Bayern Munich,GER,2025-2026,Centrocampista,30.0,1219,21.0,2.001368925393566,900.0,0.44298605414273995,1.5504511894995898,right,0.6644790812141099,0.44298605414273995,0.59064807219032,176.0,0.29532403609516,0.0,0.7619047619047619,0.7383100902379,89,1,0.3802802886086546,0.46251549164690475,0.07383100902379,18000000.0,40571580.01831705,0.44366031571542075,29299483.29721972,0.6143453049121878
Valentín Barco,Strasbourg,FRA,2025-2026,Centrocampista,21.0,2168,27.0,7.000684462696783,441.0,0.16605166051660517,4.275830258302583,left,0.9963099630996309,2.532287822878229,0.08302583025830258,170.0,0.5811808118081181,0.0,0.8888888888888888,1.3699261992619927,53,8,0.21982147672808147,0.13657012309129882,0.20756457564575645,40000000.0,35184338.56357625,1.1368694604766294,64903344.21316165,0.6163010625250411
Oumar Ngom,Lecce,ITA,2025-2026,Centrocampista,21.0,842,15.0,3.0006844626967832,441.0,0.0,0.32066508313539194,right,1.6033254156769596,0.6413301662707839,0.0,190.0,1.2826603325415677,0.0,0.6666666666666666,1.6033254156769596,38,17,0.02039408247094964,0.025735638610965565,0.10688836104513065,3000000.0,3297740.2581223897,0.909713854088705,4859870.879475145,0.6173003510587083
Benedict Hollerbach,Mainz 05,GER,2025-2026,Delantero,24.0,872,14.0,3.0006844626967832,576.0,0.3096330275229358,2.064220183486239,both,1.8577981651376148,1.2385321100917432,0.10321100917431193,181.0,0.10321100917431193,0.0,0.9285714285714286,0.8256880733944955,40,10,0.1942185840543804,0.3074748229893317,0.0,8000000.0,5856616.691307648,1.3659763685531183,12958456.13261352,0.6173574936805781
Edmond Tapsoba,Leverkusen,GER,2025-2026,Defensa,26.0,2575,29.0,4.999315537303217,676.0,0.10485436893203884,0.45436893203883494,right,1.083495145631068,0.06990291262135923,0.17475728155339806,194.0,0.7339805825242718,0.0,1.0,0.5242718446601942,59,6,0.05971488216258947,0.1481743015168072,0.2446601941747573,35000000.0,32393394.245828234,1.080467200639447,56647004.46107563,0.6178614444484857
Rav van den Berg,Köln,GER,2025-2026,Defensa,21.0,1131,14.0,4.0,441.0,0.07957559681697612,0.07957559681697612,right,0.7957559681697614,0.23872679045092837,0.0,191.0,1.1140583554376657,0.0,0.8571428571428571,0.636604774535809,32,14,0.03944551201650888,0.008520046421956636,0.0,7000000.0,6082181.11122711,1.1509029198552945,11322696.722054921,0.6182272802878351
Yannik Engelhardt,Gladbach,GER,2025-2026,Centrocampista,24.0,2487,31.0,,576.0,0.07237635705669482,0.21712907117008443,right,1.4837153196622437,1.2303980699638117,0.07237635705669482,184.0,1.3027744270205066,0.0,0.9354838709677419,0.8323281061519904,38,12,,,0.25331724969843183,7000000.0,8568289.23206063,0.8169658855361184,11314469.445954122,0.6186768220495829
Ernest Poku,Leverkusen,GER,2025-2026,Centrocampista,21.0,1482,29.0,0.999315537303217,441.0,0.3036437246963563,0.7894736842105263,right,0.242914979757085,1.0323886639676114,0.3036437246963563,176.0,0.48582995951417,0.0,0.5517241379310345,0.5465587044534413,59,6,0.19181294246060163,0.22635756143432878,0.0,25000000.0,27278582.11230631,0.9164699212398446,40248219.236402735,0.6211454934977249
Antonio Caracciolo,Pisa,ITA,2025-2026,Defensa,35.0,3073,35.0,0.999315537303217,1225.0,0.0,0.0878620240807029,right,1.2007809957696063,0.3221607549625773,0.05857468272046859,185.0,1.669378457533355,0.0,0.9714285714285714,1.2886430198503092,18,20,0.004741442036714067,0.06926095421831198,0.292873413602343,800000.0,842455.0479302639,0.9496055628907832,1285845.5993935748,0.6221586793758852
Héctor Fort,Elche,ESP,2025-2026,Defensa,18.0,482,14.0,4.999315537303217,324.0,0.37344398340248963,1.4937759336099585,right,0.9336099585062241,0.18672199170124482,0.37344398340248963,185.0,0.9336099585062241,0.0,0.5,0.5601659751037344,43,13,0.03982045343802678,0.13319570339319617,0.0,12000000.0,7397472.498070267,1.6221756827254667,19281022.561954714,0.6223736298964964
Unai López,Rayo Vallecano,ESP,2025-2026,Centrocampista,29.0,1612,28.0,3.0006844626967832,841.0,0.22332506203473945,3.4615384615384617,right,2.06575682382134,0.7816377171215881,0.0,170.0,1.1724565756823822,0.0,0.6785714285714286,0.8933002481389578,50,8,0.1407406526784096,0.05623210512134004,0.4466501240694789,2500000.0,3250866.1352048228,0.7690258214346578,4016812.7580008362,0.6223840020972866
Alexis Vossah,Toulouse,FRA,2025-2026,Centrocampista,17.0,1092,23.0,4.0,289.0,0.08241758241758242,0.4945054945054945,both,1.4835164835164836,0.8241758241758242,0.08241758241758242,181.0,0.5769230769230769,0.0,0.5217391304347826,0.5769230769230769,44,10,0.057150589527337106,0.03688862406556587,0.4120879120879121,15000000.0,13025082.525326876,1.1516241813311323,24095865.899601527,0.6225134246056729
Tommaso Barbieri,Cremonese,ITA,2025-2026,Centrocampista,22.0,1707,29.0,2.001368925393566,484.0,0.05272407732864675,4.1124780316344465,right,2.10896309314587,1.3708260105448153,0.0,181.0,0.7381370826010545,0.0,0.6206896551724138,1.3708260105448153,34,18,0.09668183884532673,0.052139973136971204,0.421792618629174,3800000.0,3561124.993474274,1.0670785234900382,6103940.450341928,0.6225486685059539
Oier Zarraga,Udinese,ITA,2025-2026,Centrocampista,26.0,475,24.0,0.999315537303217,676.0,0.0,2.2736842105263158,right,1.5157894736842106,0.9473684210526315,0.0,175.0,1.3263157894736841,0.0,0.08333333333333333,1.1368421052631579,50,10,0.02513440329777567,0.1131057670241908,0.37894736842105264,1500000.0,2709956.0742966468,0.553514506831745,2399861.648374505,0.6250360311462092
Ruben Kluivert,Lyon,FRA,2025-2026,Defensa,24.0,772,16.0,4.0,576.0,0.23316062176165803,0.11658031088082901,right,1.16580310880829,0.46632124352331605,0.11658031088082901,187.0,0.9326424870466321,0.0,0.5625,1.16580310880829,60,4,0.08501756917009701,0.06489061321001596,0.46632124352331605,8000000.0,9808219.106966594,0.8156424640144662,12795151.96876962,0.6252368099672738
Franco Vázquez,Cremonese,ITA,2025-2026,Delantero,36.0,524,15.0,1.5030800821355237,1296.0,0.17175572519083968,3.263358778625954,left,1.5458015267175573,2.748091603053435,0.17175572519083968,187.0,0.6870229007633587,0.0,0.26666666666666666,2.0610687022900764,34,18,0.32492345078130264,0.2489013343388286,0.17175572519083968,600000.0,579095.5661734393,1.036098418029158,958925.5797658111,0.6257002760803733
Kassoum Ouattara,Monaco,FRA,2025-2026,Centrocampista,20.0,967,15.0,4.0,400.0,0.2792140641158221,4.653567735263702,left,2.047569803516029,0.9307135470527405,0.0,184.0,1.7683557394002067,0.0,0.8,1.7683557394002067,54,7,0.25152278499679703,0.11029659669303106,0.2792140641158221,12000000.0,18415010.059995882,0.6516423266077045,19159514.818467855,0.6263206617546078
Valentin Rosier,Osasuna,ESP,2025-2026,Defensa,28.0,2547,31.0,2.001368925393566,784.0,0.0353356890459364,1.6254416961130742,,1.1660777385159011,0.7067137809187279,0.0353356890459364,,1.5194346289752652,0.0,0.967741935483871,1.1307420494699647,42,16,0.06885576815518811,0.033157817894336195,0.21201413427561835,3000000.0,4908990.9756626375,0.61112355163681,4786301.567962915,0.6267887548249121
Haissem Hassan,Oviedo,ESP,2025-2026,Centrocampista,23.0,1942,37.0,4.0,529.0,0.13903192584963955,5.23686920700309,left,0.5561277033985582,1.1585993820803295,0.0,175.0,0.2780638516992791,0.0,0.5405405405405406,1.2049433573635426,29,20,0.0833024652952944,0.09091383297030885,0.04634397528321318,8000000.0,4337197.762871595,1.8445089288949825,12756766.04687547,0.6271181873684554
Ruslan Malinovskyi,Genoa,ITA,2025-2026,Centrocampista,32.0,2235,34.0,3.0006844626967832,1024.0,0.12080536912751677,2.738255033557047,left,1.4496644295302015,1.0469798657718121,0.24161073825503354,181.0,0.6442953020134229,3.0,0.8235294117647058,0.7651006711409396,41,16,,,0.40268456375838924,2500000.0,3322504.4307570974,0.752444444274323,3986004.6846028757,0.6271944460218501
Josué Casimir,Auxerre,FRA,2025-2026,Centrocampista,23.0,1522,31.0,2.001368925393566,529.0,0.0,3.1931668856767415,right,2.0105124835742445,1.8922470433639949,0.05913272010512484,178.0,0.6504599211563732,0.0,0.5161290322580645,1.0052562417871223,34,15,0.0832457804707284,0.16193242087646947,0.354796320630749,3000000.0,5025331.410627725,0.5969755534242992,4779941.164495599,0.6276227879714025
Michael Kayode,Brentford,ENG,2025-2026,Defensa,21.0,3258,37.0,6.0013689253935665,441.0,0.027624309392265192,1.5469613259668509,right,0.7182320441988951,1.3812154696132597,0.027624309392265192,179.0,1.0773480662983426,0.0,1.0,1.298342541436464,53,9,0.08797572894814265,0.032295882444602346,0.22099447513812154,40000000.0,77980815.93068743,0.5129466718526471,63578755.583096236,0.6291409706457805
Cristian Volpato,Sassuolo,ITA,2025-2026,Delantero,21.0,1064,24.0,2.001368925393566,441.0,0.3383458646616541,4.144736842105263,left,1.607142857142857,0.9304511278195489,0.16917293233082706,187.0,0.5075187969924811,0.0,0.4583333333333333,0.9304511278195489,49,11,0.24496821605222285,0.14794359349512629,0.3383458646616541,10000000.0,7814182.4414656125,1.2797244081396721,15888586.16888772,0.6293826205620189
Nadiem Amiri,Mainz 05,GER,2025-2026,Centrocampista,28.0,2083,26.0,2.001368925393566,784.0,0.08641382621219394,5.8761401824291895,right,0.8641382621219396,1.1233797407585213,0.5184829572731637,180.0,0.8209313490158426,8.0,0.9230769230769231,0.7777244359097455,40,10,0.283440800702921,0.4625176511744267,0.25924147863658187,17000000.0,12563370.573023455,1.3531400591257765,27002743.699960783,0.6295656541014641
Pavel Šulc,Lyon,FRA,2025-2026,Delantero,24.0,1566,27.0,3.0006844626967832,576.0,0.17241379310344826,0.7471264367816092,right,1.6091954022988506,0.8620689655172413,0.632183908045977,177.0,0.3448275862068965,0.0,0.6296296296296297,0.7471264367816092,60,4,0.19823616284919882,0.4713178971975014,0.17241379310344826,20000000.0,21338507.261531107,0.9372726852386644,31760956.483385053,0.6297039577653305
Alexis Saelemaekers,Milan,ITA,2025-2026,Centrocampista,26.0,2788,35.0,4.999315537303217,676.0,0.09684361549497847,2.6470588235294117,right,0.8393113342898134,2.065997130559541,0.09684361549497847,180.0,0.9684361549497849,0.0,0.9428571428571428,1.2266857962697275,70,5,0.15456015694755498,0.11615401283213855,0.16140602582496413,20000000.0,28828592.865348436,0.6937556783785905,31717851.506134324,0.6305597337238288
Fisayo Dele-Bashiru,Lazio,ITA,2025-2026,Centrocampista,24.0,1187,24.0,2.001368925393566,576.0,0.0,0.7582139848357202,right,0.6065711878685762,0.22746419545071608,0.07582139848357203,186.0,0.3032855939342881,0.0,0.4583333333333333,1.1373209772535806,54,9,0.08492741137491923,0.04436889109409649,0.0,6000000.0,9647216.723344436,0.621941039790382,9512543.85165322,0.6307461067795486
Félix Lemaréchal,Strasbourg,FRA,2025-2026,Centrocampista,21.0,555,11.0,3.0006844626967832,441.0,0.32432432432432434,2.4324324324324325,right,1.4594594594594597,0.972972972972973,0.0,180.0,0.4864864864864865,0.0,0.6363636363636364,0.972972972972973,53,8,0.2004234007484204,0.14778635973060453,0.16216216216216217,6000000.0,13092216.122943489,0.4582875766529155,9485879.15616147,0.6325191267171849
Sebastian Nanasi,Strasbourg,FRA,2025-2026,Centrocampista,23.0,1050,19.0,3.0006844626967832,529.0,0.17142857142857143,2.057142857142857,right,0.6857142857142857,0.2571428571428571,0.6000000000000001,178.0,0.4285714285714286,0.0,0.5789473684210527,0.34285714285714286,53,8,0.20936148874461652,0.40896878753389626,0.0,15000000.0,13110232.088236082,1.1441445047688836,23703606.20924691,0.6328151027985107
Nicolas Fonseca,Oviedo,ESP,2025-2026,Centrocampista,26.0,1018,19.0,2.5051334702258727,676.0,0.0,0.3536345776031434,right,2.387033398821218,1.0609037328094302,0.0,181.0,1.5029469548133596,0.0,0.631578947368421,2.2102161100196462,29,20,0.008628090371493037,0.016111979491584195,0.5304518664047151,3000000.0,2150771.8673127433,1.3948480755182626,4738630.876865179,0.6330942582268905
Tete Morente,Elche,ESP,2025-2026,Centrocampista,28.0,929,13.0,2.001368925393566,784.0,0.0968783638320775,4.456404736275565,right,1.9375672766415502,0.9687836383207751,0.0968783638320775,184.0,1.0656620021528525,0.0,0.8461538461538461,1.0656620021528525,43,13,0.1271662599656759,0.07306166759123715,0.0968783638320775,1800000.0,2230322.6780454894,0.8070581076534646,2839232.0247598644,0.6339742522988201
Junior Dina Ebimbe,Brest,FRA,2025-2026,Centrocampista,24.0,1165,27.0,2.001368925393566,576.0,0.0,0.30901287553648066,right,1.6995708154506437,1.1587982832618027,0.38626609442060084,184.0,0.46351931330472107,0.0,0.5555555555555556,1.2360515021459226,39,12,,,0.23175965665236054,6000000.0,4766649.367201651,1.2587458270551184,9460819.102486702,0.6341945591606278
Tete Morente,Lecce,ITA,2025-2026,Delantero,28.0,859,16.0,2.001368925393566,784.0,0.0,3.038416763678696,right,1.362048894062864,1.2572759022118742,0.0,184.0,0.31431897555296856,0.0,0.5625,0.9429569266589057,38,17,0.13752905181386835,0.07901547053813657,0.20954598370197905,1800000.0,1636276.5538950805,1.1000585418859565,2837071.714918666,0.6344569968163821
Yan Diomandé,RB Leipzig,GER,2025-2026,Delantero,18.0,2472,33.0,7.000684462696783,324.0,0.29126213592233013,1.6383495145631066,right,0.691747572815534,1.2378640776699028,0.4368932038834951,180.0,0.5825242718446603,0.0,0.8484848484848485,0.691747572815534,65,3,0.3658571261776955,0.29236194056015713,0.07281553398058253,90000000.0,90976572.88788892,0.9892656663480569,141658778.0300205,0.63532949564853
Pathé Ciss,Rayo Vallecano,ESP,2025-2026,Centrocampista,31.0,1999,29.0,0.999315537303217,961.0,0.04502251125562781,0.04502251125562781,right,1.3506753376688345,0.5852926463231616,0.09004502251125562,186.0,1.5757878939469734,0.0,0.6896551724137931,1.5757878939469734,50,8,0.021593926517314288,0.17827730809896064,0.40520260130065033,1800000.0,1743475.6211855542,1.0324205157374151,2825378.846984744,0.6370827055355665
Andrei Ratiu,Rayo Vallecano,ESP,2025-2026,Defensa,27.0,2807,35.0,4.0,729.0,0.1282508015675098,3.3665835411471323,,0.7053794086213039,0.6733167082294265,0.0,,1.2504453152832207,0.0,0.8857142857142857,1.4107588172426078,50,8,0.1986226691035962,0.07610232217252616,0.28856430352689705,18000000.0,8355318.50775195,2.154316437284808,28211768.330544896,0.6380316111029237
Danel Sinani,St Pauli,GER,2025-2026,Centrocampista,28.0,2069,30.0,2.001368925393566,784.0,0.13049782503624938,5.872402126631223,left,1.6964717254712423,1.1744804253262446,0.21749637506041564,185.0,0.21749637506041564,3.0,0.7666666666666667,0.6959884001933301,26,18,0.1611765231865149,0.25003153832567204,0.17399710004833252,3000000.0,3521947.1080574933,0.8518015483925396,4700000.139319936,0.6382978534196562
Ferran Torres,Barcelona,ESP,2025-2026,Delantero,25.0,1965,33.0,4.999315537303217,625.0,0.0916030534351145,0.13740458015267176,right,0.5954198473282443,0.9160305343511451,0.732824427480916,183.0,0.183206106870229,0.0,0.696969696969697,0.2748091603053435,94,1,0.14463003363659363,0.7412231438544417,0.0916030534351145,55000000.0,80011472.3201485,0.6874014238849332,86093539.2223527,0.638840039529008
Tom Cairney,Fulham,ENG,2025-2026,Centrocampista,34.0,775,24.0,0.999315537303217,1156.0,0.0,0.6967741935483871,left,1.1612903225806452,1.2774193548387098,0.23225806451612904,185.0,0.4645161290322581,0.0,0.25,0.4645161290322581,52,11,0.07998980456782925,0.09435053722512338,0.34838709677419355,500000.0,1151168.7331560566,0.43434119221531897,782631.6822074284,0.6388701241811985
Amos Pieper,Werder Bremen,GER,2025-2026,Defensa,27.0,1502,19.0,,729.0,0.0,0.4793608521970706,right,0.5992010652463382,0.8388814913448736,0.0,192.0,1.5579227696404792,0.0,1.0,1.4380825565912116,32,15,0.004177240310075597,0.02319019063364729,0.2396804260985353,4000000.0,4482119.064825513,0.8924350161491567,6259537.290857354,0.6390248694328218
Branco van den Boomen,Angers,FRA,2025-2026,Centrocampista,30.0,1238,15.0,3.0006844626967832,900.0,0.07269789983844911,5.016155088852989,right,1.381260096930533,0.654281098546042,0.0,188.0,0.5088852988691438,0.0,0.9333333333333333,1.0904684975767367,36,13,0.16976542525619318,0.07731774823005899,0.21809369951534732,2500000.0,1798207.3964316042,1.3902734495259257,3911171.2290360597,0.6391947203539196
Antonio Sánchez,Mallorca,ESP,2025-2026,Centrocampista,28.0,1073,30.0,0.999315537303217,784.0,0.0,2.4324324324324325,right,1.342031686859273,0.8387698042870456,0.0,179.0,1.342031686859273,0.0,0.3,1.0065237651444547,42,17,0.08880991651871886,0.04481151712171296,0.4193849021435228,2000000.0,1547568.040153313,1.2923502864545238,3126640.1446790225,0.6396642745739829
Vladimír Coufal,Hoffenheim,GER,2025-2026,Defensa,32.0,3012,34.0,2.001368925393566,1024.0,0.2390438247011952,6.245019920318724,right,0.9561752988047808,1.254980079681275,0.0298804780876494,175.0,1.1653386454183268,0.0,1.0,1.045816733067729,61,5,0.22346692784982491,0.02954666539878247,0.1195219123505976,2500000.0,4432083.039676664,0.5640688537691261,3900343.2262758147,0.6409692314148179
Yassine Benhattab,Nantes,FRA,2025-2026,Centrocampista,22.0,477,10.0,2.001368925393566,484.0,0.0,4.716981132075471,left,0.5660377358490566,0.5660377358490566,0.0,170.0,0.0,0.0,0.5,1.1320754716981132,23,17,0.13085358336849034,0.033813587056016024,0.0,2000000.0,1930455.0090613668,1.0360251809092653,3117583.412716503,0.6415225305093929
Armand Lauriente,Sassuolo,ITA,2025-2026,Delantero,26.0,2592,38.0,3.0006844626967832,676.0,0.3125,3.7847222222222223,right,1.4583333333333333,1.6319444444444444,0.24305555555555555,177.0,0.24305555555555555,0.0,0.868421052631579,0.5208333333333333,49,11,0.2956572714093555,0.15250864112102944,0.1388888888888889,19000000.0,13802958.873410873,1.376516453772848,29574839.926065207,0.6424379657674739
Gideon Mensah,Auxerre,FRA,2025-2026,Defensa,27.0,2327,30.0,2.001368925393566,729.0,0.07735281478298238,2.475290073055436,left,1.4310270734851742,1.3149978513107003,0.0,178.0,0.8895573700042975,0.0,0.8666666666666667,1.4310270734851742,34,15,0.06371852191390015,0.0005073746090789286,0.3094112591319295,4000000.0,3441149.533193981,1.1624022616324114,6208472.737764695,0.6442808350705852
Jonas Hofmann,Leverkusen,GER,2025-2026,Centrocampista,33.0,1013,23.0,0.999315537303217,1089.0,0.17769002961500494,3.2872655478775914,right,0.35538005923000987,0.7996051332675221,0.17769002961500494,176.0,0.17769002961500494,0.0,0.4782608695652174,0.8884501480750246,59,6,0.24479354103808343,0.19443877517573924,0.2665350444225074,1500000.0,2057570.7482044129,0.7290150296455226,2327521.2768775676,0.6444624222779567
Carlos Soler,Real Sociedad,ESP,2025-2026,Centrocampista,28.0,2317,33.0,3.0006844626967832,784.0,0.11652999568407424,2.835563228312473,,1.0876132930513596,0.7768666378938283,0.15537332757876565,,0.6214933103150626,0.0,0.7878787878787878,0.8545533016832111,46,10,0.19581716543446986,0.12693633438346455,0.11652999568407424,7000000.0,5425310.14746863,1.2902488170682918,10858050.174692912,0.6446829667738181
Mason Greenwood,Marseille,FRA,2025-2026,Centrocampista,23.0,2462,32.0,4.0,529.0,0.255889520714866,4.094232331437856,both,0.8042242079610074,1.2428919577579203,0.5848903330625508,181.0,0.1462225832656377,6.0,0.90625,0.4752233956133225,59,5,0.2793706103041163,0.5241036140015705,0.1462225832656377,55000000.0,54823665.145601675,1.0032164003251154,85299465.28943631,0.644787160310738
Armel Bella Kotchap,Hellas Verona,ITA,2025-2026,Defensa,23.0,1347,19.0,4.0,529.0,0.0,0.06681514476614699,right,1.469933184855234,1.135857461024499,0.0,190.0,1.9376391982182628,0.0,0.7368421052631579,0.8017817371937639,21,19,0.003120160530962233,0.005093005409086733,0.20044543429844097,7000000.0,3989028.428218668,1.754813264924739,10854333.980728617,0.6449036866221535
Marcos Alonso,Celta Vigo,ESP,2025-2026,Defensa,34.0,2768,32.0,2.001368925393566,1156.0,0.0,0.6177745664739884,,0.7478323699421965,0.6502890173410405,0.03251445086705202,,0.9754335260115606,1.0,0.96875,0.7803468208092484,54,6,0.05100203920263431,0.07473031132592352,0.16257225433526012,1200000.0,1894710.0347931245,0.6333422940524105,1860721.6511130724,0.6449110748414021
Ante Budimir,Osasuna,ESP,2025-2026,Delantero,34.0,2938,37.0,0.999315537303217,1156.0,0.0,0.12253233492171545,,1.592920353982301,1.1027910142954391,0.5207624234172906,,0.18379850238257317,6.0,0.9459459459459459,0.4901293396868618,42,16,0.05245414222073928,0.5879029456381493,0.09189925119128659,2800000.0,2196541.176172697,1.2747313960573157,4335076.677671329,0.6458939963904109
Fares Chaïbi,Frankfurt,GER,2025-2026,Centrocampista,22.0,1792,28.0,2.001368925393566,484.0,0.4520089285714286,4.5703125,right,0.703125,1.0546875,0.10044642857142856,183.0,0.6529017857142857,0.0,0.75,1.0546875,44,8,0.25287602880520615,0.17701553748858193,0.10044642857142856,15000000.0,13237108.038413739,1.1331780292546072,23220193.705732908,0.6459894430724151
Marius Wolf,Augsburg,GER,2025-2026,Centrocampista,30.0,1019,29.0,0.999315537303217,900.0,0.08832188420019627,3.7978410206084394,right,0.8832188420019628,0.17664376840039253,0.08832188420019627,188.0,1.1481844946025515,0.0,0.41379310344827586,0.8832188420019628,43,9,0.3260366482270829,0.15141865824394007,0.35328753680078506,2500000.0,1666543.791346805,1.5001105959415826,3868367.182976028,0.6462675029924874
Andreas Hanche-Olsen,Mainz 05,GER,2025-2026,Defensa,28.0,851,13.0,4.999315537303217,784.0,0.10575793184488837,0.0,right,1.3748531139835487,0.6345475910693302,0.0,185.0,1.3748531139835487,0.0,0.6153846153846154,0.5287896592244419,40,10,0.07501313189256906,0.024932389192449503,0.3172737955346651,3500000.0,2957407.5730757816,1.1834689380875252,5415410.41304386,0.6463037393379649
Zian Flemming,Burnley,ENG,2025-2026,Delantero,26.0,1769,29.0,4.0,676.0,0.0,0.30525720746184287,right,2.594686263425664,1.3227812323346524,0.5596382136800452,185.0,0.30525720746184287,2.0,0.7241379310344828,0.5087620124364047,22,19,0.03484189282911116,0.48611165799301614,0.25438100621820237,12000000.0,20454913.25155115,0.5866561178933383,18541671.419182863,0.6471908453509227
Guillermo Maripán,Torino,ITA,2025-2026,Defensa,31.0,2145,27.0,2.001368925393566,961.0,0.0,0.1258741258741259,right,1.132867132867133,0.2937062937062937,0.08391608391608392,193.0,1.132867132867133,0.0,0.8888888888888888,1.1748251748251748,45,13,0.014466266427840387,0.10216098560111506,0.16783216783216784,2000000.0,2525700.394675297,0.7918595587253409,3085839.033644992,0.6481219461527132
Idrissa Touré,Pisa,ITA,2025-2026,Centrocampista,27.0,2279,32.0,2.001368925393566,729.0,0.0,2.6458973233874508,right,0.9082931110136024,0.750329091706889,0.03949100482667837,188.0,0.9872751206669591,0.0,0.8125,1.1057481351469944,18,20,0.14084752318467708,0.1183902535762453,0.15796401930671347,5000000.0,3115476.514265568,1.604890929880331,7707094.71727824,0.6487528937189122
Mathias Løvik,Parma,ITA,2025-2026,Centrocampista,21.0,471,9.0,4.503764544832307,441.0,0.0,2.8662420382165603,left,0.5732484076433121,0.38216560509554137,0.0,183.0,1.3375796178343948,0.0,0.5555555555555556,1.5286624203821655,45,12,0.027153915280749084,0.03438615180836741,0.0,4000000.0,4527450.437039775,0.8834994563994294,6165509.435825333,0.6487703962883561
Abdelhamid Ait Boudlal,Rennes,FRA,2025-2026,Defensa,19.0,1403,20.0,2.001368925393566,361.0,0.06414825374198146,0.12829650748396293,right,0.8980755523877406,0.6414825374198148,0.12829650748396293,190.0,1.1546685673556665,0.0,0.85,0.7056307911617962,59,6,0.03409258187539392,0.11681485422624703,0.19244476122594442,12000000.0,18653602.252779454,0.6433073803861105,18404926.27645477,0.651999351681809
Jon Aramburu,Real Sociedad,ESP,2025-2026,Defensa,23.0,2773,35.0,4.0,529.0,0.0,1.5578795528308693,,2.2394518571943745,1.4605120807789398,0.03245582401730977,,1.5254237288135593,0.0,0.8857142857142857,2.142084385142445,46,10,0.014401010710852181,0.0667643824607682,0.3570140641904075,15000000.0,10329830.804350916,1.4521051006645735,22983735.36915177,0.6526354293189717
Hugo Bolin,Gladbach,GER,2025-2026,Centrocampista,22.0,550,13.0,4.0,484.0,0.16363636363636364,2.7818181818181817,right,0.32727272727272727,1.9636363636363638,0.16363636363636364,179.0,0.16363636363636364,0.0,0.38461538461538464,0.32727272727272727,38,12,0.08304413482546806,0.1900472565130754,0.0,6000000.0,7058814.606753736,0.8500010744380958,9178548.709368125,0.6536981161167751
Charles Vanhoutte,Nice,FRA,2025-2026,Centrocampista,26.0,1772,26.0,4.0,676.0,0.10158013544018057,0.6602708803611739,right,1.7776523702031604,0.4063205417607223,0.0,182.0,1.0665914221218962,0.0,0.8076923076923077,1.4221218961625284,32,16,0.05836068667286406,0.012806433896296585,0.3555304740406321,7000000.0,4846423.190323152,1.4443641681925121,10676347.384798279,0.6556549489919262
Aitor Paredes,Athletic Club,ESP,2025-2026,Defensa,25.0,1630,19.0,3.0006844626967832,625.0,0.0,0.05521472392638037,right,1.049079754601227,0.3865030674846626,0.11042944785276074,185.0,1.4355828220858897,0.0,0.9473684210526315,0.6625766871165644,45,12,0.0419452151546449,0.0816074378697053,0.22085889570552147,7500000.0,7533837.716623627,0.9955085684220457,11427109.828938141,0.6563339385263381
Timo Hübers,Köln,GER,2025-2026,Defensa,29.0,675,8.0,0.999315537303217,841.0,0.0,0.13333333333333333,right,1.0666666666666667,1.3333333333333335,0.0,190.0,1.3333333333333335,0.0,1.0,1.2000000000000002,32,14,0.0,0.0,0.0,1500000.0,1359512.7535319692,1.1033364682332325,2283641.1563067357,0.6568457552349884
Florian Neuhaus,Gladbach,GER,2025-2026,Centrocampista,28.0,930,17.0,0.999315537303217,784.0,0.0967741935483871,0.8709677419354839,right,0.8709677419354839,0.8709677419354839,0.0,185.0,0.8709677419354839,0.0,0.6470588235294118,0.6774193548387097,38,12,0.09702750872219762,0.13474861374725738,0.0,2500000.0,2245348.073408792,1.1134131182630436,3778474.3085273006,0.6616427149863038
Matteo Cancellieri,Lazio,ITA,2025-2026,Delantero,23.0,1725,30.0,0.999315537303217,529.0,0.10434782608695652,1.0956521739130434,left,2.0347826086956524,3.4956521739130437,0.20869565217391303,185.0,1.2521739130434784,0.0,0.7,1.4608695652173913,54,9,0.10036208389893822,0.2722242123406866,0.3130434782608696,7000000.0,16983986.194353025,0.4121529492485938,10503844.432584517,0.6664226650468033
Eren Dinkçi,Heidenheim,GER,2025-2026,Centrocampista,23.0,1131,14.0,0.999315537303217,529.0,0.07957559681697612,1.750663129973475,right,0.7161803713527851,0.3183023872679045,0.23872679045092837,188.0,0.3978779840848807,0.0,0.9285714285714286,1.0344827586206897,26,17,,,0.23872679045092837,6000000.0,3758852.758491689,1.5962317189587427,9002626.042504918,0.666472201741098
Adama Boiro,Athletic Club,ESP,2025-2026,Defensa,23.0,815,14.0,0.999315537303217,529.0,0.0,2.6503067484662575,left,0.6625766871165644,1.2147239263803682,0.0,183.0,1.9877300613496933,0.0,0.5714285714285714,1.2147239263803682,45,12,0.01545041826970738,0.005871516383864397,0.11042944785276074,2500000.0,3653773.686203479,0.684224096703064,3735405.8712253706,0.6692713151355343
Senne Lynen,Werder Bremen,GER,2025-2026,Centrocampista,26.0,2752,31.0,4.0,676.0,0.0,0.45784883720930236,right,1.242732558139535,0.39244186046511625,0.0,185.0,2.518168604651163,0.0,1.0,1.0792151162790697,32,15,0.040465412440785574,0.032736471435190505,0.1308139534883721,8000000.0,9502026.488410572,0.8419256681464146,11948119.292008715,0.669561443477607
Daniel Elfadli,Hamburger SV,GER,2025-2026,Defensa,28.0,1253,21.0,0.999315537303217,784.0,0.0,0.0,right,1.4365522745411012,1.077414205905826,0.0,188.0,1.4365522745411012,0.0,0.7142857142857143,1.005586592178771,38,13,0.012243984732405244,0.04345358818388898,0.4309656823623304,3000000.0,2970842.721789596,1.0098144805837583,4477017.1750418935,0.670089008530982
Jenson Seelt,Wolfsburg,GER,2025-2026,Defensa,22.0,681,9.0,0.917180013689254,484.0,0.0,0.0,right,0.6607929515418502,0.7929515418502203,0.0,195.0,0.6607929515418502,0.0,0.8888888888888888,1.1894273127753305,29,16,0.0,0.0,0.0,5000000.0,3070612.6564301504,1.628339539840537,7445142.7960424265,0.6715787912970349
Joris Chotard,Brest,FRA,2025-2026,Centrocampista,23.0,2773,33.0,3.0006844626967832,529.0,0.03245582401730977,1.6552470248827984,right,0.9087630724846737,0.38946988820771733,0.06491164803461955,179.0,1.5578795528308693,0.0,0.9393939393939394,1.1034980165885324,39,12,0.017237471197615924,0.04143888323899967,0.06491164803461955,7000000.0,9512510.084627379,0.7358730700651028,10379926.91190375,0.6743785442238872
Mert Kömür,Augsburg,GER,2025-2026,Centrocampista,20.0,1464,28.0,3.0006844626967832,400.0,0.2459016393442623,3.6885245901639343,both,1.5983606557377048,1.1065573770491803,0.12295081967213115,184.0,0.4918032786885246,0.0,0.6071428571428571,0.7991803278688524,43,9,0.170090824945784,0.2855842919317914,0.06147540983606557,12000000.0,8948519.26442611,1.3410039857325589,17778814.052034657,0.6749606562551728
Pedro,Lazio,ITA,2025-2026,Delantero,38.0,982,29.0,,1444.0,0.18329938900203666,2.841140529531568,both,0.9164969450101833,2.3828920570264764,0.45824847250509165,167.0,0.3665987780040733,2.0,0.3103448275862069,0.5498981670061099,54,9,0.2571442539191022,0.20654750503258223,0.3665987780040733,1000000.0,1178526.3160963042,0.8485173273960938,1480307.445976114,0.6755353441734535
Ragnar Ache,Köln,GER,2025-2026,Delantero,27.0,1718,29.0,3.0006844626967832,729.0,0.20954598370197905,0.05238649592549476,right,0.9429569266589057,1.519208381839348,0.36670547147846333,183.0,0.20954598370197905,0.0,0.6206896551724138,0.4190919674039581,32,14,0.15565041510108532,0.5763842842440805,0.15715948777648428,9000000.0,5391385.953342906,1.6693295708906886,13320046.481313797,0.6756733178540908
Ugo Raghouber,Levante,ESP,2025-2026,Centrocampista,22.0,706,16.0,,484.0,0.0,0.254957507082153,left,1.274787535410765,1.7847025495750708,0.0,188.0,1.9121813031161474,0.0,0.5,1.274787535410765,42,18,0.02200095099067215,0.01059430960048697,0.1274787535410765,3000000.0,1945985.2251430352,1.5416355485327449,4434886.460596319,0.6764547472984499
Saud Abdulhamid,Lens,FRA,2025-2026,Centrocampista,26.0,1352,25.0,3.0006844626967832,676.0,0.2662721893491124,3.1286982248520707,right,1.7307692307692308,0.9319526627218936,0.1331360946745562,172.0,0.599112426035503,0.0,0.56,1.4644970414201184,70,2,0.18301324384320067,0.07340925565187836,0.2662721893491124,9000000.0,11782771.182089394,0.7638271049242309,13289990.947659807,0.6772013642029442
Nicolai Remberg,Hamburger SV,GER,2025-2026,Centrocampista,25.0,2880,32.0,2.001368925393566,625.0,0.0625,0.15625,right,1.375,1.5,0.0,188.0,1.34375,0.0,1.0,0.84375,38,13,0.06732079538051039,0.03292160289129242,0.34375,9000000.0,7321769.911781728,1.2292109842891634,13286857.27991451,0.6773610802311492
Jakub Piotrowski,Udinese,ITA,2025-2026,Centrocampista,27.0,1696,33.0,3.0006844626967832,729.0,0.05306603773584905,1.3266509433962264,right,1.5389150943396226,1.5389150943396226,0.05306603773584905,188.0,0.7959905660377359,0.0,0.6060606060606061,1.3266509433962264,50,10,0.04130787085434246,0.17009828307771319,0.1061320754716981,4500000.0,5215611.853547222,0.8627942658231895,6622768.715203866,0.6794741283459539
Ebenezer Akinsanmiro,Pisa,ITA,2025-2026,Centrocampista,20.0,1444,24.0,0.999315537303217,400.0,0.062326869806094184,0.5609418282548477,right,1.8698060941828254,1.745152354570637,0.0,184.0,1.6828254847645427,0.0,0.6666666666666666,1.5581717451523547,18,20,0.10241367946407266,0.06934036767120548,0.12465373961218837,7000000.0,5467921.980527661,1.280193833220073,10280627.934835704,0.6808922610924026
Alejandro Rego,Athletic Club,ESP,2025-2026,Centrocampista,22.0,1279,29.0,4.0,484.0,0.07036747458952307,0.42220484753713844,right,2.8146989835809224,0.42220484753713844,0.07036747458952307,192.0,1.4777169663799845,0.0,0.3793103448275862,1.4073494917904612,45,12,0.05626220542987032,0.037374839592984266,0.42220484753713844,5000000.0,6209841.951441622,0.8051734712570654,7317828.827896474,0.6832627706375665
Christian Kabasele,Udinese,ITA,2025-2026,Defensa,34.0,2247,30.0,0.999315537303217,1156.0,0.0,0.0,right,1.3217623497997328,1.0013351134846462,0.12016021361815754,187.0,1.3217623497997328,0.0,0.9333333333333333,0.520694259012016,50,10,0.0025398254354741766,0.06703759017630477,0.20026702269692923,750000.0,1306069.2902468203,0.5742421214561023,1097204.1307056947,0.6835555745835722
Bamo Meïté,Lorient,FRA,2025-2026,Defensa,23.0,1979,25.0,2.001368925393566,529.0,0.13643254168772107,0.5457301667508843,right,1.3643254168772108,1.1369378473976754,0.0,184.0,0.5912076806467913,0.0,0.88,0.6821627084386054,45,9,0.05642429117006054,0.03973527795937761,0.22738756947953512,7000000.0,9684551.574986074,0.7228006320994853,10238765.967934782,0.6836761404569872
Stephan Zagadou,Le Havre,FRA,2025-2026,Defensa,16.0,495,8.0,,256.0,0.0,0.0,right,1.2727272727272727,0.18181818181818182,0.18181818181818182,186.0,0.18181818181818182,0.0,0.75,0.9090909090909092,35,14,0.019196622581644493,0.018277429721572182,0.0,4000000.0,4649339.485998133,0.8603372612488995,5849138.029945109,0.6838614475366617
Isak Jansson,Nice,FRA,2025-2026,Delantero,23.0,644,22.0,,529.0,0.0,2.2360248447204967,right,1.3975155279503106,1.1180124223602483,0.13975155279503104,175.0,0.6987577639751553,0.0,0.3181818181818182,1.1180124223602483,32,16,0.13250437787855449,0.1970404829043224,0.4192546583850932,4000000.0,2373784.878024987,1.6850726605555093,5841939.934846254,0.6847040614266895
Mahmoud Dahoud,Frankfurt,GER,2025-2026,Centrocampista,29.0,716,15.0,,841.0,0.3770949720670391,1.005586592178771,right,2.011173184357542,0.25139664804469275,0.25139664804469275,178.0,1.2569832402234635,0.0,0.5333333333333333,1.005586592178771,44,8,0.0405985250933793,0.09869858084048805,0.0,2000000.0,3037363.4218388265,0.6584658212513784,2917706.8994217175,0.6854698120624779
Dominik Kohr,Mainz 05,GER,2025-2026,Defensa,31.0,2338,29.0,2.001368925393566,961.0,0.0,0.6544054747647562,right,1.5397775876817792,1.6552609067579127,0.07698887938408897,183.0,1.693755346449957,0.0,0.9655172413793104,1.347305389221557,40,10,0.07359803265472117,0.07247694034266411,0.42343883661248927,2000000.0,2496842.974875874,0.8010115254041662,2916688.1501834136,0.6857092349328575
Joe Rodon,Leeds United,ENG,2025-2026,Defensa,27.0,2951,35.0,4.0,729.0,0.0,0.18298881735005082,right,0.5184683158251441,0.579464588275161,0.060996272450016945,193.0,0.9149440867502541,0.0,0.9428571428571428,0.579464588275161,47,14,0.014074256530669696,0.05630096138503259,0.09149440867502541,18000000.0,24953036.95663777,0.7213550811983153,26236860.428927638,0.6860576953846952
Isaac Romero,Sevilla,ESP,2025-2026,Delantero,25.0,1484,29.0,2.001368925393566,625.0,0.0,0.6064690026954178,left,1.7587601078167117,1.4555256064690028,0.24258760107816713,183.0,0.3032345013477089,0.0,0.6206896551724138,0.6064690026954178,43,15,0.06563401280217013,0.33613293878533285,0.3638814016172507,5000000.0,5672673.857453421,0.8814185559831571,7287921.989802305,0.686066619126316
Gvidas Gineitis,Torino,ITA,2025-2026,Centrocampista,21.0,1756,29.0,3.0006844626967832,441.0,0.05125284738041002,3.2801822323462413,left,2.203872437357631,1.6400911161731206,0.0,191.0,1.1788154897494305,0.0,0.7931034482758621,1.4350797266514808,45,13,0.1371179653357095,0.04799073009384724,0.25626423690205014,5500000.0,9339926.109295823,0.5888697550322128,8016262.399077207,0.6861052852552747
Alidu Seidu,Rennes,FRA,2025-2026,Defensa,25.0,1186,21.0,3.0006844626967832,625.0,0.07588532883642496,0.8347386172006745,right,1.2141652613827993,2.3524451939291735,0.0,173.0,1.2900505902192243,0.0,0.6190476190476191,1.669477234401349,59,6,0.08812664688406215,0.007484000981871736,0.07588532883642496,6000000.0,10875973.182492593,0.5516747696342609,8725825.891504964,0.6876139948931718
Toni Martínez,Alavés,ESP,2025-2026,Delantero,28.0,2714,37.0,2.001368925393566,784.0,0.09948415622697127,0.46425939572586583,,1.5254237288135593,1.2269712601326455,0.46425939572586583,,0.13264554163596168,1.0,0.8648648648648649,0.49742078113485627,43,14,,,0.06632277081798084,7500000.0,6486051.63806354,1.156327519193045,10899562.153134504,0.6881010351267316
Jean-Philippe Krasso,Paris FC,FRA,2025-2026,Delantero,28.0,1092,25.0,0.999315537303217,784.0,0.16483516483516483,0.32967032967032966,left,1.6483516483516485,1.565934065934066,0.16483516483516483,187.0,0.08241758241758242,1.0,0.48,0.6593406593406593,76,1,,,0.0,3500000.0,9970509.495962044,0.3510352205589358,5076233.224484902,0.6894876269904154
Rani Khedira,Union Berlin,GER,2025-2026,Centrocampista,31.0,2830,32.0,0.999315537303217,961.0,0.03180212014134275,0.8268551236749117,right,1.6537102473498233,0.5724381625441697,0.15901060070671377,188.0,1.176678445229682,0.0,1.0,1.1130742049469964,39,11,0.07364528657137927,0.07222564481593695,0.2226148409893993,2000000.0,2828415.706120814,0.7071096358544161,2897099.0257518752,0.6903457500838951
Chidera Ejuke,Sevilla,ESP,2025-2026,Centrocampista,27.0,932,27.0,0.999315537303217,729.0,0.09656652360515021,2.6072961373390555,right,0.48283261802575106,1.5450643776824033,0.09656652360515021,176.0,0.6759656652360515,0.0,0.2222222222222222,1.255364806866953,43,15,0.08975372394914599,0.1852515962698333,0.0,4000000.0,2812051.658201541,1.42244897540688,5779279.6408623755,0.6921277821059245
Ismaël Koné,Sassuolo,ITA,2025-2026,Centrocampista,23.0,2737,35.0,4.0,529.0,0.0,0.16441359152356594,right,0.8220679576178298,1.7756667884545123,0.19729630982827914,188.0,0.3945926196565583,0.0,0.9428571428571428,0.5918889294848374,49,11,0.057865322629111635,0.16715139175799584,0.16441359152356594,25000000.0,19414561.52255323,1.28769325904983,36120171.91417997,0.6921340258124729
Tajon Buchanan,Villarreal,ESP,2025-2026,Centrocampista,26.0,1819,34.0,4.0,676.0,0.049477735019241346,1.6327652556349643,right,0.8905992303463441,1.7811984606926883,0.34634414513468936,183.0,1.0885101704233093,0.0,0.6176470588235294,0.9400769653655855,72,3,0.12847313011262756,0.1357022825825126,0.39582188015393077,12000000.0,21027061.804310713,0.570693143515653,17288763.375622824,0.6940924425468171
Jayden Bogle,Leeds United,ENG,2025-2026,Centrocampista,25.0,2793,34.0,4.0,625.0,0.0644468313641246,2.158968850698174,right,1.2567132116004298,0.9344790547798068,0.0322234156820623,178.0,0.966702470461869,0.0,0.9411764705882353,1.385606874328679,47,14,0.11359257597544267,0.06096876844579692,0.19334049409237378,15000000.0,33168477.500416614,0.4522366153168047,21514583.726256672,0.6972014978702009
Ander Barrenetxea,Real Sociedad,ESP,2025-2026,Centrocampista,23.0,1763,30.0,4.0,529.0,0.25524673851389673,3.6755530346001133,right,1.8888258650028362,1.5314804310833807,0.15314804310833807,175.0,0.867838910947249,0.0,0.7333333333333333,0.9188882586500283,46,10,0.33672943248524967,0.15998934177968122,0.25524673851389673,18000000.0,10932353.064894306,1.6464890854834484,25692556.208119646,0.7005920257288935
Santiago Colombatto,Oviedo,ESP,2025-2026,Centrocampista,28.0,2064,32.0,0.999315537303217,784.0,0.0436046511627907,2.921511627906977,left,1.9186046511627908,1.7877906976744187,0.0,178.0,0.6104651162790697,0.0,0.71875,0.9593023255813954,29,20,0.12299890194066562,0.0319456102104511,0.2616279069767442,2500000.0,2521151.946454643,0.991610205610817,3558396.77301493,0.7025635867699542
Thomas Kristensen,Udinese,ITA,2025-2026,Defensa,23.0,2472,28.0,0.999315537303217,529.0,0.0,0.14563106796116507,right,0.8737864077669902,0.3276699029126214,0.10922330097087378,198.0,0.9830097087378641,0.0,1.0,0.5461165048543689,50,10,,,0.14563106796116507,12000000.0,11802111.811711729,1.0167671846738393,17060036.996252015,0.7033982401466261
Jaidon Anthony,Burnley,ENG,2025-2026,Centrocampista,25.0,2722,37.0,4.0,625.0,0.06612784717119764,2.645113886847906,right,0.8927259368111683,1.5540044085231446,0.26451138868479057,183.0,0.5290227773695811,0.0,0.8648648648648649,0.6943423952975754,22,19,0.14463483032268867,0.1839826924898809,0.13225569434239529,20000000.0,24538327.74311451,0.8150514659912809,28422112.722574767,0.7036774568878071
Bryan Gil,Girona,ESP,2025-2026,Centrocampista,24.0,1578,29.0,4.0,576.0,0.17110266159695817,2.9657794676806084,left,1.1406844106463878,2.1102661596958177,0.0,175.0,0.5133079847908746,0.0,0.6896551724137931,1.0266159695817492,41,19,,,0.34220532319391633,8000000.0,4850965.950085637,1.649156081967298,11363024.9586907,0.7040378797972646
Arthur Atta,Udinese,ITA,2025-2026,Centrocampista,22.0,2557,32.0,4.999315537303217,484.0,0.10559249120062572,1.9710598357450138,right,0.8095424325381306,1.1263199061400078,0.17598748533437622,189.0,0.8095424325381306,0.0,0.90625,0.5983574501368791,50,10,0.11451999949328498,0.1490577968550605,0.10559249120062572,25000000.0,21790158.553361095,1.1473069339435253,35399220.57659591,0.7062302387677054
Johann Lepenant,Nantes,FRA,2025-2026,Centrocampista,22.0,2173,27.0,3.0006844626967832,484.0,0.04141739530602853,3.023469857340083,right,1.2011044638748274,1.9880349746893695,0.0,176.0,1.0768522779567418,0.0,0.8518518518518519,1.946617579383341,23,17,0.09161042074385295,0.03521689473965505,0.16566958122411413,7000000.0,5338201.6314477585,1.3113030348577428,9895489.253192881,0.7073930172519138
Aimar Oroz,Osasuna,ESP,2025-2026,Centrocampista,23.0,2139,31.0,3.0006844626967832,529.0,0.08415147265077139,1.3464235624123422,right,1.3884992987377278,2.8190743338008417,0.0,177.0,0.33660589060308554,0.0,0.8387096774193549,0.7573632538569425,42,16,0.1574050752918901,0.06918923244883435,0.25245441795231416,7500000.0,11208495.018930383,0.669135328813816,10595111.893049853,0.7078736001759288
Javi López,Oviedo,ESP,2025-2026,Defensa,23.0,1711,25.0,0.999315537303217,529.0,0.05260081823495032,3.1560490940970194,left,1.9988310929281123,1.3676212741087084,0.0,183.0,1.0520163646990064,0.0,0.8,1.2098188194038575,29,20,,,0.15780245470485096,5000000.0,3592246.269233797,1.3918867542081037,7043789.10023645,0.709845216665013
Sergi Darder,Mallorca,ESP,2025-2026,Centrocampista,31.0,2680,38.0,2.001368925393566,961.0,0.16791044776119401,5.541044776119403,,0.7052238805970149,0.9738805970149255,0.033582089552238806,,0.7723880597014926,0.0,0.7894736842105263,0.43656716417910446,42,17,0.18615137528864414,0.07583177672462789,0.10074626865671642,3000000.0,2269711.1452248353,1.3217540947056605,4226191.104011271,0.7098590494766228
Gessime Yassine,Strasbourg,FRA,2025-2026,Centrocampista,19.0,510,12.0,4.0,361.0,0.1764705882352941,3.176470588235294,left,1.588235294117647,3.3529411764705883,0.0,172.0,0.1764705882352941,0.0,0.5,1.588235294117647,53,8,0.2811314581948168,0.0891280309023226,0.0,12000000.0,13312072.118303655,0.9014374241182483,16898758.1517231,0.7101113521040838
Pep Chavarría,Rayo Vallecano,ESP,2025-2026,Defensa,27.0,2682,33.0,4.0,729.0,0.06711409395973154,3.187919463087248,,1.1073825503355705,1.174496644295302,0.03355704697986577,,1.0738255033557047,0.0,0.8787878787878788,1.0402684563758389,50,8,0.12425376746128469,0.021638003390457405,0.20134228187919462,10000000.0,7282242.637861767,1.3732033519465685,14070247.465894321,0.7107195537420058
Gonçalo Guedes,Real Sociedad,ESP,2025-2026,Centrocampista,28.0,1823,32.0,2.001368925393566,784.0,0.1974766867800329,3.4558420186505763,right,0.8886450905101482,1.6291826659352715,0.3949533735600658,179.0,0.1974766867800329,0.0,0.6875,0.7899067471201316,46,10,0.13158926337720336,0.204500676486774,0.14810751508502468,6000000.0,5584317.762673884,1.0744374254818694,8437209.094410995,0.711135629431602
Jari Vandeputte,Cremonese,ITA,2025-2026,Centrocampista,29.0,1944,32.0,2.001368925393566,841.0,0.23148148148148148,7.5,right,1.5740740740740742,1.1574074074074074,0.0462962962962963,177.0,0.8333333333333333,0.0,0.71875,0.9722222222222222,34,18,0.2901854731694416,0.09770861800966991,0.1388888888888889,3000000.0,2064310.5744222044,1.4532696955445732,4213157.3430426745,0.7120550588868937
Florian Thauvin,Lens,FRA,2025-2026,Centrocampista,32.0,2443,33.0,2.001368925393566,1024.0,0.22103970528039293,7.44167007777323,left,0.6999590667212444,1.2525583299222267,0.4052394596807204,181.0,0.4052394596807204,2.0,0.8787878787878788,0.6262791649611134,70,2,0.36339891868606483,0.4459169721196555,0.22103970528039293,5000000.0,7033321.854919728,0.7109016341264913,7012596.392058296,0.7130026769631939
Ayoze Pérez,Villarreal,ESP,2025-2026,Delantero,32.0,1124,25.0,2.001368925393566,1024.0,0.32028469750889677,0.7206405693950179,right,1.3612099644128113,1.8416370106761566,0.40035587188612104,178.0,0.2402135231316726,1.0,0.48,0.8807829181494662,72,3,0.20625617981513836,0.4694051729031305,0.32028469750889677,5000000.0,4112939.697655035,1.2156754943065944,7003983.892179201,0.7138794259054632
Moritz Jenz,Wolfsburg,GER,2025-2026,Defensa,26.0,1787,22.0,0.999315537303217,676.0,0.0,0.05036373810856184,right,1.5612758813654168,0.35254616675993283,0.05036373810856184,190.0,0.604364857302742,0.0,0.9090909090909091,1.1080022383883605,29,16,0.0034328448890005333,0.033432920351332635,0.4029099048684947,5000000.0,6057407.850283422,0.8254355862410773,6998878.613363079,0.7144001598275207
Jacobo Ramón,Como,ITA,2025-2026,Defensa,20.0,2742,32.0,4.0,400.0,0.0,0.36105032822757116,right,1.0831509846827134,0.3938730853391685,0.06564551422319474,196.0,1.2472647702407003,0.0,0.9375,1.0503282275711159,71,4,0.03372403436403567,0.17961927504162556,0.36105032822757116,30000000.0,32168638.759002227,0.9325853115747602,41671304.99959918,0.719919858528274
Ritsu Doan,Frankfurt,GER,2025-2026,Centrocampista,27.0,2364,31.0,4.0,729.0,0.19035532994923857,4.225888324873097,left,0.9898477157360407,1.33248730964467,0.19035532994923857,172.0,0.6472081218274112,0.0,0.9032258064516129,0.8756345177664975,44,8,0.24812616015486608,0.15707589336079994,0.19035532994923857,17000000.0,12529224.625589607,1.3568277772975121,23478349.439553156,0.7240713425689411
Ismaëlo Ganiou,Lens,FRA,2025-2026,Defensa,20.0,2014,23.0,4.0,400.0,0.0,0.759682224428997,right,1.1171797418073486,0.9831181727904666,0.13406156901688182,182.0,1.2959285004965242,0.0,0.9565217391304348,1.2065541211519364,70,2,,,0.17874875868917575,20000000.0,32323385.217607833,0.6187470732213161,27604786.419490375,0.7245120355605791
İsak Vural,Pisa,ITA,2025-2026,Centrocampista,19.0,752,15.0,2.001368925393566,361.0,0.0,0.598404255319149,right,1.9148936170212765,3.9494680851063833,0.0,189.0,0.23936170212765956,0.0,0.6,0.8377659574468085,18,20,0.02026097219873299,0.09118894123759597,0.4787234042553191,5000000.0,4595563.817375225,1.0880057809437125,6885918.693027913,0.7261195234649762
Mario Martín,Getafe,ESP,2025-2026,Centrocampista,21.0,2125,35.0,4.0,441.0,0.042352941176470586,0.5505882352941177,right,3.007058823529412,1.44,0.08470588235294117,177.0,0.6776470588235294,0.0,0.7428571428571429,1.3552941176470588,51,7,0.03879884726422674,0.12498534358599607,0.4658823529411765,10000000.0,9687168.153469186,1.0322934258572545,13755732.012924256,0.7269696727592874
Ricardo Rodríguez,Real Betis,ESP,2025-2026,Defensa,32.0,1547,23.0,,1024.0,0.058177117000646414,0.8726567550096962,left,0.6399482870071105,0.29088558500323203,0.0,182.0,0.4654169360051713,0.0,0.782608695652174,0.8144796380090499,60,5,0.028384883479295273,0.008208307725965553,0.0,1400000.0,2037530.278809972,0.6871063534906955,1924534.026365939,0.7274488166071001
Jahmai Simpson-Pusey,Köln,GER,2025-2026,Defensa,19.0,863,11.0,4.0,361.0,0.0,0.20857473928157588,right,0.41714947856315177,0.41714947856315177,0.0,187.0,1.2514484356894553,0.0,0.9090909090909091,0.8342989571263035,32,14,0.010358343895865757,0.03189675035095436,0.20857473928157588,9000000.0,6754199.392822542,1.3325043393838794,12362337.706279535,0.7280176463249656
Hákon Haraldsson,Lille,FRA,2025-2026,Centrocampista,22.0,2460,32.0,4.0,484.0,0.07317073170731707,2.74390243902439,right,1.024390243902439,1.573170731707317,0.2926829268292683,178.0,0.43902439024390244,0.0,0.90625,0.5487804878048781,61,3,0.165756232536784,0.2998790261449247,0.21951219512195122,25000000.0,38262900.51884641,0.6533744086569244,34311407.95131582,0.7286206393941134
Karim Adeyemi,Dortmund,GER,2025-2026,Centrocampista,23.0,1195,28.0,4.999315537303217,529.0,0.301255230125523,0.8284518828451883,left,1.5815899581589958,1.8828451882845187,0.5271966527196653,180.0,0.602510460251046,0.0,0.5357142857142857,0.301255230125523,73,2,0.26044255777195907,0.39277814970854436,0.37656903765690375,40000000.0,31779089.777192883,1.2586892916205257,54758303.382814564,0.730482822310263
Brenden Aaronson,Leeds United,ENG,2025-2026,Centrocampista,24.0,2449,37.0,3.0006844626967832,576.0,0.18374846876276033,1.3597386688444262,right,0.7349938750510413,1.874234381380155,0.14699877501020825,177.0,0.6247447937933851,0.0,0.8108108108108109,0.9922417313189057,47,14,0.20810285255331173,0.21613556057330344,0.11024908125765619,22000000.0,36759582.2620064,0.5984834061277823,30029208.783963256,0.7326200353220376
Manor Solomon,Fiorentina,ITA,2025-2026,Delantero,26.0,890,16.0,3.0006844626967832,676.0,0.10112359550561799,4.752808988764045,right,0.20224719101123598,1.6179775280898878,0.20224719101123598,170.0,0.0,0.0,0.5625,1.1123595505617978,42,15,0.047723516570718105,0.06152633292956299,0.10112359550561799,8000000.0,4710642.0106286025,1.6982823109779162,10876350.204711523,0.7355408615414464
Johan Mojica,Mallorca,ESP,2025-2026,Defensa,32.0,2724,35.0,0.999315537303217,1024.0,0.13215859030837004,4.394273127753304,,0.9581497797356828,0.9911894273127754,0.0,,0.7929515418502203,0.0,0.8571428571428571,0.9911894273127754,42,17,0.12977451552731284,0.02663609162506356,0.19823788546255508,1500000.0,1489310.4090423607,1.0071775439778956,2032665.5732547438,0.7379472647820619
Hugo Duro,Valencia,ESP,2025-2026,Delantero,25.0,1979,36.0,2.001368925393566,625.0,0.0,0.045477513895907026,left,1.0005053057099544,1.7281455280444669,0.45477513895907024,177.0,0.13643254168772107,1.0,0.6111111111111112,0.40929762506316325,49,9,0.07897001813989869,0.4576141758812022,0.1819100555836281,12000000.0,10742739.493182082,1.1170335097128476,16259347.764633479,0.7380369848599831
Marius Marin,Pisa,ITA,2025-2026,Centrocampista,26.0,1281,23.0,2.001368925393566,676.0,0.0,1.2646370023419204,right,2.529274004683841,1.405152224824356,0.0,180.0,0.9836065573770492,0.0,0.782608695652174,1.826697892271663,18,20,0.001544104387386063,0.006011970956271091,0.4918032786885246,2800000.0,2872575.9892625227,0.9747348757582719,3793170.1847113837,0.7381688307278118
Santiago Bueno,Wolves,ENG,2025-2026,Defensa,26.0,2553,29.0,2.001368925393566,676.0,0.03525264394829612,0.21151586368977673,right,1.0223266745005877,0.38777908343125733,0.10575793184488837,191.0,0.9518213866039954,0.0,0.9655172413793104,1.0575793184488838,20,20,0.03181282271106851,0.07033873117418322,0.1410105757931845,10000000.0,14439570.582783632,0.6925413704423486,13530200.322644131,0.7390873572850217
Joaquín Panichelli,Strasbourg,FRA,2025-2026,Delantero,22.0,2193,27.0,4.0,484.0,0.04103967168262654,0.0,right,1.7647058823529411,1.8057455540355676,0.6566347469220246,190.0,0.533515731874145,5.0,0.8888888888888888,0.4103967168262654,53,8,0.12116860580489182,0.603939452643026,0.12311901504787962,35000000.0,41067653.1838544,0.8522522541843254,47345896.78869517,0.7392404067496084
Arthur Chaves,Augsburg,GER,2025-2026,Defensa,24.0,829,11.0,3.0006844626967832,576.0,0.0,0.10856453558504221,right,0.8685162846803377,0.8685162846803377,0.21712907117008443,188.0,0.8685162846803377,0.0,0.8181818181818182,1.4113389626055488,43,9,0.02523203047870943,0.11364158961935412,0.10856453558504221,5000000.0,3705269.0533320475,1.3494296711067812,6754161.189081969,0.7402843758130097
Nicolò Zaniolo,Udinese,ITA,2025-2026,Delantero,26.0,2257,32.0,3.0006844626967832,676.0,0.23925564909171468,4.785112981834294,left,2.4324324324324325,2.4324324324324325,0.19937970757642887,190.0,0.1595037660611431,0.0,0.875,0.8373947718210013,50,10,0.22701485692797826,0.24499433718400557,0.3190075321222862,15000000.0,12761292.446773326,1.1754295313397294,20247359.08537076,0.7408373574427238
Jesús Areso,Athletic Club,ESP,2025-2026,Defensa,26.0,1506,26.0,4.999315537303217,676.0,0.0597609561752988,5.139442231075697,right,1.1354581673306772,0.41832669322709165,0.0,182.0,1.1952191235059761,0.0,0.5384615384615384,0.9561752988047808,45,12,0.09326020853067063,0.0057061702621529296,0.17928286852589642,5000000.0,4911927.2006227495,1.017930395907758,6745500.480607779,0.7412348445269836
Djibril Sow,Sevilla,ESP,2025-2026,Centrocampista,28.0,2187,33.0,4.0,784.0,0.1646090534979424,0.9053497942386832,right,1.7283950617283952,1.1934156378600822,0.205761316872428,183.0,0.9465020576131686,0.0,0.8181818181818182,1.1111111111111112,43,15,0.08307307115430204,0.06384058468381074,0.24691358024691357,7500000.0,7766446.098412381,0.965692661091558,10116577.341398478,0.741357451922888
Tarik Muharemovic,Sassuolo,ITA,2025-2026,Defensa,22.0,2835,32.0,4.999315537303217,484.0,0.0634920634920635,0.0634920634920635,left,0.761904761904762,0.6349206349206349,0.0634920634920635,192.0,1.4285714285714284,0.0,1.0,0.761904761904762,49,11,0.029450274471725733,0.08997297442207733,0.2222222222222222,35000000.0,21463308.17145512,1.6306899067194054,47196883.98738751,0.7415743804051365
Dimitri Foulquier,Valencia,ESP,2025-2026,Defensa,32.0,1150,15.0,0.999315537303217,1024.0,0.0,0.8608695652173912,right,1.2521739130434784,0.5478260869565217,0.0,183.0,0.6260869565217392,0.0,0.8,0.7043478260869566,49,9,0.018528154978285666,0.03326175548136234,0.0782608695652174,900000.0,1003144.4637159151,0.8971788536480175,1211498.6468321667,0.7428815561233394
Diego Rico,Getafe,ESP,2025-2026,Defensa,32.0,1758,28.0,0.999315537303217,1024.0,0.0,3.378839590443686,left,1.1262798634812288,1.7918088737201365,0.0,183.0,1.689419795221843,0.0,0.6428571428571429,1.484641638225256,51,7,0.044910680413653016,0.014986672133537894,0.20477815699658702,1000000.0,1457415.3823103171,0.6861461818900145,1345271.4334889427,0.7433444099875919
Lovro Majer,Wolfsburg,GER,2025-2026,Centrocampista,27.0,1371,28.0,4.0,729.0,0.19693654266958424,1.8380743982494532,left,1.9693654266958425,1.4442013129102846,0.13129102844638948,178.0,0.5251641137855579,0.0,0.5714285714285714,1.1816192560175054,29,16,0.19246078844241293,0.23600359492134343,0.3282275711159738,8000000.0,4634615.791371384,1.7261409273437958,10757460.80364202,0.7436699185826027
Abner,Lyon,FRA,2025-2026,Defensa,25.0,2150,26.0,3.0006844626967832,625.0,0.08372093023255814,2.5534883720930233,left,0.9627906976744186,0.25116279069767444,0.12558139534883722,181.0,0.33488372093023255,0.0,0.9615384615384616,1.0046511627906978,60,4,0.13059657035005648,0.09383672052171342,0.16744186046511628,10000000.0,17947438.152588736,0.5571825858922156,13434054.381668441,0.7443769182329342
Tyrhys Dolan,Espanyol,ESP,2025-2026,Centrocampista,23.0,2415,36.0,2.001368925393566,529.0,0.1863354037267081,3.9130434782608696,,1.3788819875776397,1.7142857142857144,0.07453416149068323,,0.5590062111801242,0.0,0.7777777777777778,1.3043478260869565,46,11,0.16473615574448006,0.10298580884563258,0.2608695652173913,10000000.0,8937715.320314176,1.1188541636889462,13413131.069899669,0.7455380811450463
Alexis Sánchez,Sevilla,ESP,2025-2026,Delantero,36.0,1308,28.0,0.999315537303217,1296.0,0.13761467889908258,1.720183486238532,right,1.1009174311926606,1.7889908256880733,0.27522935779816515,169.0,0.481651376146789,1.0,0.39285714285714285,0.8944954128440367,43,15,0.12601648235198007,0.24086457215796372,0.20642201834862386,1200000.0,1140763.7159111227,1.0519268655398681,1600626.0189231255,0.7497066683992429
Pascal Struijk,Leeds United,ENG,2025-2026,Defensa,25.0,2936,34.0,4.999315537303217,625.0,0.030653950953678472,0.061307901907356945,left,0.8276566757493189,0.6743869209809263,0.0,190.0,0.9809264305177111,0.0,0.9705882352941176,0.6743869209809263,47,14,0.03352690390717208,0.09096214606754013,0.15326975476839236,22000000.0,34557913.14720278,0.6366125149481355,29323808.943113636,0.7502436004367178
Robert Glatzel,Hamburger SV,GER,2025-2026,Delantero,31.0,612,19.0,2.001368925393566,961.0,0.29411764705882354,0.14705882352941177,both,1.3235294117647058,1.911764705882353,0.4411764705882353,193.0,0.0,1.0,0.3684210526315789,0.14705882352941177,38,13,0.12701184077955344,0.4183553233194877,0.0,1500000.0,1933917.6906576892,0.7756276325751372,1997787.8559877414,0.7508304725670553
Adrien Truffert,Bournemouth,ENG,2025-2026,Defensa,23.0,3379,38.0,4.0,529.0,0.13317549570878956,3.7821840781296245,left,1.0387688665285586,0.8523231725362533,0.026635099141757917,176.0,1.1453092630955906,0.0,1.0,1.3583900562296536,57,6,0.11741099672981288,0.05296895769431627,0.13317549570878956,30000000.0,61297715.3920713,0.48941465123315875,39943007.35995723,0.7510701367487649
Arsène Kouassi,Lorient,FRA,2025-2026,Centrocampista,20.0,2605,31.0,3.0006844626967832,400.0,0.2072936660268714,4.111324376199616,left,0.5182341650671786,1.831094049904031,0.0690978886756238,178.0,0.8291746641074856,0.0,0.967741935483871,0.6218809980806141,45,9,0.17037588278557425,0.022261596283019162,0.1381957773512476,15000000.0,17073264.168705937,0.8785666204060686,19953762.832241047,0.7517379115964625
Nikolas Nartey,Stuttgart,GER,2025-2026,Centrocampista,25.0,1256,28.0,2.001368925393566,625.0,0.21496815286624202,1.003184713375796,left,1.2898089171974523,1.6480891719745223,0.28662420382165604,186.0,0.7165605095541401,0.0,0.5,0.8598726114649681,62,4,0.24035647736897894,0.31539205068746096,0.14331210191082802,10000000.0,16946027.062224384,0.5901088180303762,13287743.499471862,0.7525732266277915
Hugo Sotelo,Celta Vigo,ESP,2025-2026,Centrocampista,21.0,1338,20.0,0.999315537303217,441.0,0.13452914798206278,2.9596412556053813,right,1.8161434977578474,0.874439461883408,0.0,180.0,0.874439461883408,0.0,0.8,1.0762331838565022,54,6,0.14883213567927547,0.0060325639631448845,0.20179372197309417,5000000.0,9177822.926344197,0.5447915088498717,6623506.840146551,0.7548871195684265
Nico Elvedi,Gladbach,GER,2025-2026,Defensa,28.0,2966,33.0,3.0006844626967832,784.0,0.060687795010114634,0.030343897505057317,right,0.5461901550910316,0.4855023600809171,0.0,189.0,1.2137559002022926,0.0,1.0,0.9710047201618341,38,12,0.04133246658810754,0.011568671586626257,0.15171948752528658,8000000.0,5290136.3195335,1.5122483650299325,10578480.756357715,0.7562522619509389
Mateo Pellegrino,Parma,ITA,2025-2026,Delantero,24.0,2984,37.0,4.999315537303217,576.0,0.030160857908847184,0.36193029490616624,left,2.623994638069705,2.14142091152815,0.2714477211796246,192.0,0.12064343163538874,1.0,0.918918918918919,0.30160857908847183,45,12,0.06457774307835977,0.29888832738470716,0.15080428954423591,15000000.0,18221409.742664233,0.823207436298328,19798405.13909668,0.7576367841053477
Sheraldo Becker,Mainz 05,GER,2025-2026,Delantero,30.0,946,14.0,,900.0,0.2854122621564482,2.9492600422832984,right,1.236786469344609,0.7610993657505286,0.2854122621564482,180.0,0.2854122621564482,0.0,0.7857142857142857,0.0,40,10,0.0238212596538455,0.01570902126851092,0.19027484143763215,1500000.0,2401892.002446828,0.6245076791429162,1977464.6404080223,0.7585470654436055
Antoine Mendy,Nice,FRA,2025-2026,Defensa,21.0,2097,25.0,2.001368925393566,441.0,0.0,0.9012875536480687,right,1.2875536480686696,0.9442060085836911,0.04291845493562232,187.0,0.8154506437768241,0.0,0.96,1.5021459227467813,32,16,0.001597825453772565,0.09416517561757257,0.21459227467811157,10000000.0,8985648.095443815,1.11288578116814,13181955.587285113,0.7586127819794566
Riccardo Orsolini,Bologna,ITA,2025-2026,Centrocampista,28.0,2111,35.0,4.999315537303217,784.0,0.04263382283278067,1.7479867361440073,left,0.895310279488394,1.8758882046423495,0.42633822832780677,186.0,0.2984367598294647,4.0,0.7428571428571429,0.63950734249171,56,8,0.07285475939131077,0.46429005298412335,0.08526764566556135,15000000.0,16438354.183512736,0.9125001099589781,19759932.916405026,0.7591118888640938
Ignace Van Der Brempt,Como,ITA,2025-2026,Defensa,23.0,931,20.0,0.999315537303217,529.0,0.09667024704618689,1.0633727175080558,right,1.8367346938775508,1.4500537056928036,0.0,187.0,0.7733619763694951,0.0,0.55,1.3533834586466165,71,4,0.0788564188956062,0.015752495423551532,0.19334049409237378,3000000.0,9015798.885642054,0.3327492148008753,3948439.300057092,0.759793876014916
Luca Koleosho,Paris FC,FRA,2025-2026,Centrocampista,20.0,554,16.0,4.999315537303217,400.0,0.1624548736462094,2.436823104693141,right,1.6245487364620939,0.6498194945848376,0.48736462093862815,175.0,0.48736462093862815,0.0,0.1875,2.436823104693141,76,1,0.0030763802666633998,0.0039430838817939,0.0,6000000.0,14975360.242481083,0.4006581412966353,7892316.2044658605,0.7602330981879445
Moi Gómez,Osasuna,ESP,2025-2026,Centrocampista,31.0,1201,26.0,0.999315537303217,961.0,0.1498751040799334,2.697751873438801,right,1.4987510407993339,1.6486261448792674,0.0,176.0,0.8243130724396337,0.0,0.46153846153846156,0.6744379683597003,42,16,0.1432002418605513,0.03133880939151623,0.2248126561199001,1500000.0,1554321.8030933775,0.9650511219843488,1972741.612094652,0.7603631366640581
Vladyslav Vanat,Girona,ESP,2025-2026,Delantero,23.0,1942,27.0,4.0,529.0,0.04634397528321318,0.23171987641606592,left,1.297631307929969,0.7878475798146242,0.41709577754891863,182.0,0.13903192584963955,3.0,1.0,0.13903192584963955,41,19,0.09751352798059415,0.44012096534980927,0.1853759011328527,15000000.0,14804748.647878055,1.0131884273597533,19703386.33804639,0.7612904575207788
Sergio Carreira,Celta Vigo,ESP,2025-2026,Centrocampista,24.0,2694,34.0,3.0006844626967832,576.0,0.03340757238307349,1.0690423162583518,,0.6681514476614699,1.2026726057906458,0.06681514476614699,,0.9020044543429845,0.0,0.8529411764705882,0.6013363028953229,54,6,0.05491767654232763,0.06356585208733125,0.06681514476614699,12000000.0,15222761.476111654,0.788293242249839,15731116.160267519,0.7628193624498626
Largie Ramazani,Valencia,ESP,2025-2026,Centrocampista,24.0,1234,27.0,0.917180013689254,576.0,0.07293354943273905,1.9692058346839547,right,1.239870340356564,1.458670988654781,0.4376012965964344,168.0,1.0210696920583469,3.0,0.4074074074074074,0.8752025931928687,49,9,0.17914646084011326,0.47175015040599355,0.2917341977309562,8000000.0,8023265.164500198,0.9971002872243164,10448625.637253633,0.7656509360883522
Brendan Chardonnet,Brest,FRA,2025-2026,Defensa,30.0,2546,29.0,0.999315537303217,900.0,0.10604870384917518,0.2474469756480754,right,0.9897879025923016,0.7069913589945012,0.03534956794972506,181.0,1.2018853102906522,0.0,1.0,0.6362922230950511,39,12,0.08953494594109779,0.03591783553616488,0.21209740769835037,4000000.0,3150290.590285665,1.2697241366667968,5216373.72401602,0.7668162236122243
Christopher Trimmel,Union Berlin,GER,2025-2026,Centrocampista,38.0,1861,29.0,0.999315537303217,1444.0,0.14508328855454056,8.559914024717893,right,1.3057495969908652,0.43524986566362167,0.0,189.0,0.4836109618484685,0.0,0.7586206896551724,1.1606663084363245,39,11,0.24626841567444713,0.0035618136355163974,0.3868887694787749,600000.0,866869.3820673137,0.6921457977545793,779652.1524896226,0.7695739671647814
Michael Keane,Everton,ENG,2025-2026,Defensa,32.0,2591,33.0,0.999315537303217,1024.0,0.03473562331146276,0.03473562331146276,right,0.5557699729834041,0.2084137398687765,0.10420686993438825,188.0,1.2852180625241219,0.0,0.8787878787878788,0.833654959475106,49,13,0.004520017146167034,0.12397365118346357,0.03473562331146276,3000000.0,5621392.678344456,0.5336755803516512,3891552.1476549967,0.7709006294076682
César Tárrega,Valencia,ESP,2025-2026,Defensa,23.0,2598,32.0,4.0,529.0,0.0,0.03464203233256351,,1.3856812933025404,0.45034642032332567,0.0,,0.8314087759815242,0.0,0.90625,0.8314087759815242,49,9,0.003123324704259703,0.02295656327596988,0.24249422632794457,9000000.0,11399287.21276591,0.7895230492939085,11662521.401891094,0.7717027639100956
Chrislain Matsima,Augsburg,GER,2025-2026,Defensa,23.0,1489,18.0,4.0,529.0,0.06044325050369376,0.24177300201477503,right,0.6044325050369376,0.24177300201477503,0.06044325050369376,193.0,1.8132975151108126,0.0,0.9444444444444444,0.6648757555406313,43,9,0.03532819398613165,0.03416285579279816,0.3022162525184688,22000000.0,9463308.186537476,2.324768417803116,28470318.02427066,0.7727346066610573
Krépin Diatta,Monaco,FRA,2025-2026,Centrocampista,26.0,1013,18.0,,676.0,0.08884501480750247,3.464955577492596,right,0.7107601184600197,0.8884501480750246,0.0,173.0,1.332675222112537,0.0,0.5555555555555556,1.4215202369200395,54,7,0.15631212872202047,0.08228157967814453,0.17769002961500494,6000000.0,6813277.562362321,0.8806334315726396,7756998.244975811,0.7734950828287457
Rasmus Nicolaisen,Toulouse,FRA,2025-2026,Defensa,28.0,2564,32.0,3.0006844626967832,784.0,0.0,0.07020280811232449,left,0.982839313572543,0.7371294851794072,0.035101404056162244,191.0,1.40405616224649,0.0,0.9375,0.5616224648985959,44,10,0.0034263713776414373,0.03096708030092665,0.14040561622464898,5000000.0,6133922.57979798,0.8151390786162602,6460036.316100139,0.7739894569228136
Mohamed Kaba,Lecce,ITA,2025-2026,Centrocampista,23.0,633,15.0,0.999315537303217,529.0,0.0,1.1374407582938388,right,1.7061611374407584,2.9857819905213274,0.0,185.0,0.5687203791469194,0.0,0.3333333333333333,0.9952606635071091,38,17,0.031132779538772682,0.06262130134902294,0.14218009478672985,2500000.0,3010210.1931222794,0.8305067884335764,3209999.340710937,0.7788163593349245
Tanner Tessmann,Lyon,FRA,2025-2026,Centrocampista,23.0,1953,29.0,3.0006844626967832,529.0,0.0,0.783410138248848,right,0.967741935483871,0.8755760368663595,0.04608294930875576,188.0,0.5990783410138248,0.0,0.7586206896551724,0.967741935483871,60,4,0.0646188138439084,0.11836306797125923,0.09216589861751152,10000000.0,16931215.630956855,0.5906250453580018,12831978.048090328,0.779303078802275
Pau Navarro,Villarreal,ESP,2025-2026,Defensa,20.0,1921,23.0,4.999315537303217,400.0,0.0,0.09370119729307652,right,1.592920353982301,0.5153565851119208,0.0,185.0,0.8433107756376887,0.0,1.0,1.639770952628839,72,3,0.020413785971185306,0.002627477674264575,0.18740239458615304,15000000.0,24977915.83565416,0.600530488560162,19205202.215988565,0.7810383786280739
Josh Cullen,Burnley,ENG,2025-2026,Centrocampista,29.0,1514,18.0,0.999315537303217,841.0,0.11889035667107001,0.71334214002642,right,0.9511228533685601,1.07001321003963,0.11889035667107001,175.0,1.42668428005284,0.0,1.0,1.1294583883751652,22,19,0.10800376909697623,0.06029088357697232,0.11889035667107001,4000000.0,5994449.275755073,0.6672839848988716,5106480.407127978,0.7833183878305934
Lorenzo Colombo,Genoa,ITA,2025-2026,Delantero,23.0,2326,38.0,3.0006844626967832,529.0,0.03869303525365434,0.6190885640584695,left,1.5864144453998281,2.128116938950989,0.27085124677558037,183.0,0.03869303525365434,1.0,0.7894736842105263,0.4643164230438521,41,16,0.0724325771183288,0.3635493647715562,0.07738607050730868,10000000.0,16163081.400018277,0.6186939082042049,12759720.494990705,0.7837162266936698
Keane Lewis-Potter,Brentford,ENG,2025-2026,Defensa,24.0,1972,36.0,4.999315537303217,576.0,0.13691683569979715,3.149087221095335,right,0.6845841784989858,1.643002028397566,0.13691683569979715,170.0,0.4563894523326572,0.0,0.6111111111111112,0.6389452332657201,53,9,0.1238770485793299,0.14672587111849208,0.04563894523326572,25000000.0,37080154.535904594,0.6742150973452007,31851614.563677885,0.7848895681573659
Samuel Amo-Ameyaw,Strasbourg,FRA,2025-2026,Centrocampista,19.0,1047,25.0,3.0006844626967832,361.0,0.17191977077363896,4.2979942693409745,left,1.2893982808022924,2.2349570200573066,0.17191977077363896,174.0,0.25787965616045844,0.0,0.36,1.0315186246418337,53,8,0.10571056755425083,0.10182203911778578,0.17191977077363896,8000000.0,10254410.307650704,0.7801521257669285,10183115.374378633,0.7856141962339452
M'Bala Nzola,Sassuolo,ITA,2025-2026,Delantero,28.0,473,14.0,0.999315537303217,784.0,0.19027484143763215,0.0,left,2.0930232558139537,1.7124735729386893,0.19027484143763215,185.0,0.19027484143763215,0.0,0.2857142857142857,0.3805496828752643,49,11,0.2357215115733555,1.3922659651894147,0.19027484143763215,4000000.0,3758705.5000231876,1.0641961707229588,5087440.85156653,0.786249927361478
Marcão,Sevilla,ESP,2025-2026,Defensa,29.0,938,13.0,2.001368925393566,841.0,0.0,0.09594882729211088,left,2.1108742004264394,2.014925373134328,0.09594882729211088,185.0,0.3837953091684435,0.0,0.8461538461538461,0.3837953091684435,43,15,0.0,0.0878728530419343,0.47974413646055436,2500000.0,1680973.8307092304,1.4872331468391802,3173644.616833368,0.7877378540557815
Florian Lejeune,Rayo Vallecano,ESP,2025-2026,Defensa,34.0,3230,36.0,2.001368925393566,1156.0,0.027863777089783284,0.22291021671826627,,1.3095975232198143,0.39009287925696595,0.05572755417956657,,1.3095975232198143,0.0,1.0,1.3095975232198143,50,8,0.03265625403634627,0.07278454825916433,0.19504643962848298,1800000.0,1366716.7054562466,1.317024949511473,2284572.6666119606,0.7878935200032023
Rasmus Højlund,Napoli,ITA,2025-2026,Delantero,22.0,2750,33.0,4.0,484.0,0.16363636363636364,0.09818181818181819,left,1.210909090909091,1.7345454545454544,0.39272727272727276,191.0,0.0,1.0,0.9696969696969697,0.03272727272727272,76,2,0.10692973516881465,0.4356767614253542,0.03272727272727272,60000000.0,81275641.21767311,0.7382285651774496,76144208.17408773,0.7879785139116898
Warren Bondo,Cremonese,ITA,2025-2026,Centrocampista,21.0,1762,27.0,3.0006844626967832,441.0,0.0,0.1532349602724177,right,1.9920544835414302,1.6855845629965946,0.0,177.0,0.45970488081725314,0.0,0.8148148148148148,0.8172531214528944,34,18,0.008263769903126153,0.014589026234156022,0.25539160045402953,6000000.0,4457833.054613798,1.3459454238175383,7608510.899021064,0.788590577003968
Jordy Makengo,Freiburg,GER,2025-2026,Defensa,23.0,1178,20.0,2.001368925393566,529.0,0.07640067911714771,2.4448217317487266,left,0.7640067911714771,0.6876061120543294,0.0,191.0,1.0696095076400678,0.0,0.6,0.7640067911714771,47,7,0.05554946003472259,0.0,0.07640067911714771,6000000.0,5446279.232786655,1.101669551549972,7563784.910289403,0.7932536515994649
Matthis Abline,Nantes,FRA,2025-2026,Delantero,22.0,2494,32.0,4.999315537303217,484.0,0.14434643143544507,2.2373696872493984,right,1.1547714514835605,1.5156375300721732,0.2165196471531676,182.0,0.3247794707297514,0.0,0.84375,0.46912590216519645,23,17,0.14744435468391362,0.30319302831272316,0.2165196471531676,20000000.0,10183712.435990345,1.9639203410062749,25195046.709204324,0.7938068236521088
Aljoscha Kemlein,Union Berlin,GER,2025-2026,Centrocampista,20.0,1959,30.0,3.0006844626967832,400.0,0.09188361408882083,0.41347626339969373,right,1.010719754977029,0.5053598774885145,0.0,188.0,0.8269525267993875,0.0,0.7666666666666667,1.1485451761102603,39,11,0.07215610044975558,0.06433072244637228,0.18376722817764166,12000000.0,7930342.166446916,1.5131755664682045,15115925.08443476,0.7938647441668453
Antonio Blanco,Alavés,ESP,2025-2026,Centrocampista,25.0,3110,36.0,0.999315537303217,625.0,0.08681672025723472,0.8681672025723474,,2.054662379421222,1.2443729903536977,0.057877813504823156,,1.4758842443729905,0.0,1.0,1.4180064308681672,43,14,0.04588438073993687,0.0352879967270988,0.2604501607717042,10000000.0,7753302.564334319,1.2897729602351171,12582003.430808606,0.7947859857925131
Lamine Yamal,Barcelona,ESP,2025-2026,Centrocampista,18.0,2262,28.0,4.999315537303217,324.0,0.43766578249336874,3.0636604774535807,,1.1140583554376657,2.0689655172413794,0.636604774535809,,0.3183023872679045,3.0,0.9285714285714286,0.7957559681697614,94,1,0.5000130818361312,0.5834757265899162,0.03978779840848806,220000000.0,277210768.98539615,0.7936199621869304,276489960.9714063,0.7956889256559724
Ferran Jutglà,Celta Vigo,ESP,2025-2026,Delantero,26.0,1652,30.0,3.0006844626967832,676.0,0.16343825665859565,1.0351089588377724,right,1.3075060532687652,1.6343825665859564,0.4903147699757869,175.0,0.4358353510895884,0.0,0.7,0.16343825665859565,54,6,0.0846714515816285,0.3594529596563275,0.2179176755447942,10000000.0,13318190.692158384,0.7508527420235768,12548602.485711686,0.7969014885431568
Danilo Cataldi,Lazio,ITA,2025-2026,Centrocampista,30.0,1985,27.0,0.999315537303217,900.0,0.13602015113350124,2.17632241813602,right,0.9974811083123425,0.544080604534005,0.13602015113350124,180.0,0.9521410579345089,2.0,0.8888888888888888,0.9974811083123425,54,9,0.09301175189296004,0.12296539082447588,0.2720403022670025,3500000.0,4615028.792754808,0.7583918014757988,4391233.700925201,0.7970425257172205
Rocco Reitz,Gladbach,GER,2025-2026,Centrocampista,23.0,2627,31.0,4.999315537303217,529.0,0.13703844689760183,2.946326608298439,right,1.199086410354016,1.8842786448420252,0.0,176.0,1.6787209744956222,0.0,1.0,1.438903692424819,38,12,0.13679105832784244,0.09083585842357622,0.27407689379520367,20000000.0,12960803.801392585,1.5431141699599744,25084845.024492018,0.7972941423585698
Filip Ugrinic,Valencia,ESP,2025-2026,Centrocampista,26.0,1504,27.0,3.0006844626967832,676.0,0.17952127659574466,3.351063829787234,right,1.0172872340425532,0.7779255319148937,0.0,184.0,0.6582446808510638,0.0,0.6296296296296297,0.9574468085106382,49,9,0.2226002269456698,0.037157418927118345,0.17952127659574466,6000000.0,5206422.719382486,1.1524227523176676,7501538.68216054,0.7998359075676889
Cameron Puertas,Werder Bremen,GER,2025-2026,Centrocampista,26.0,1846,28.0,0.999315537303217,676.0,0.09750812567713976,3.754062838569881,right,1.8039003250270855,1.0725893824485373,0.04875406283856988,178.0,0.9263271939328277,0.0,0.7857142857142857,1.8039003250270855,32,15,0.11815010312690379,0.10824757851135562,0.2925243770314193,7000000.0,5406222.659719351,1.2948042358957124,8721636.166331552,0.8026016984086488
Junior Messias,Genoa,ITA,2025-2026,Centrocampista,34.0,685,20.0,0.999315537303217,1156.0,0.1313868613138686,2.1021897810218975,left,1.313868613138686,2.8905109489051095,0.39416058394160586,174.0,0.656934306569343,1.0,0.25,1.313868613138686,41,16,0.13890159015890455,0.24483417363388696,0.1313868613138686,1100000.0,1115362.0016470593,0.9862268916958133,1369921.3081954543,0.8029658298030188
Patrizio Masini,Genoa,ITA,2025-2026,Centrocampista,24.0,1413,28.0,0.999315537303217,576.0,0.06369426751592357,0.89171974522293,right,2.484076433121019,2.8662420382165603,0.0,182.0,1.6560509554140128,0.0,0.4642857142857143,2.484076433121019,41,16,0.07885621878419333,0.12930465174044015,0.3184713375796178,4200000.0,5261577.705559418,0.7982396602376988,5229850.86799413,0.8030821730889773
Andoni Gorosabel,Athletic Club,ESP,2025-2026,Defensa,28.0,1360,24.0,0.999315537303217,784.0,0.0661764705882353,3.6397058823529416,right,0.8602941176470589,0.7941176470588235,0.0,174.0,1.1911764705882353,0.0,0.625,1.588235294117647,45,12,0.08535438966389526,0.014260102467447081,0.19852941176470587,3000000.0,3101520.091666247,0.967267633719662,3709941.855577606,0.8086380101859915
Montassar Talbi,Lorient,FRA,2025-2026,Defensa,27.0,2610,29.0,0.999315537303217,729.0,0.034482758620689655,0.17241379310344826,right,0.24137931034482757,0.4482758620689655,0.0,190.0,0.9310344827586207,0.0,1.0,0.6551724137931034,45,9,0.029828254326150334,0.02975882573759761,0.10344827586206896,8000000.0,6682104.180516471,1.197227667195944,9891218.754699126,0.8087982076222261
André Almeida,Valencia,ESP,2025-2026,Centrocampista,25.0,1017,22.0,0.999315537303217,625.0,0.17699115044247787,5.752212389380531,right,1.0619469026548671,1.9469026548672568,0.0,176.0,0.7079646017699115,0.0,0.5,0.9734513274336284,49,9,0.1933628956960366,0.0774031366526553,0.0,6000000.0,5105821.368099796,1.1751292431589682,7395441.985267672,0.8113105358614797
Yann Gboho,Toulouse,FRA,2025-2026,Centrocampista,24.0,2601,31.0,0.999315537303217,576.0,0.10380622837370243,1.1418685121107266,right,0.5536332179930796,2.387543252595156,0.2768166089965398,178.0,0.44982698961937717,0.0,0.967741935483871,0.657439446366782,44,10,0.1435144463470238,0.19536471103920655,0.03460207612456748,18000000.0,14975021.608018942,1.202001604482575,22151064.525769856,0.8126020299863856
Pape Demba Diop,Toulouse,FRA,2025-2026,Centrocampista,21.0,1181,15.0,4.0,441.0,0.15241320914479253,1.0668924640135478,right,1.1430990685859441,1.2955122777307366,0.07620660457239627,182.0,2.2099915325994917,0.0,0.8666666666666667,1.5241320914479255,44,10,,,0.15241320914479253,9000000.0,11658320.654708896,0.7719808252456003,11067862.093396757,0.8131651735495988
Morten Thorsby,Genoa,ITA,2025-2026,Centrocampista,29.0,731,13.0,2.001368925393566,841.0,0.12311901504787962,0.615595075239398,right,1.8467852257181943,0.615595075239398,0.24623803009575923,188.0,0.3693570451436389,0.0,0.6153846153846154,0.12311901504787962,41,16,0.09803845378966485,0.33475602954045125,0.24623803009575923,2800000.0,2532015.1137520038,1.1058385808175093,3439022.8978651506,0.8141847504819354
Eliezer Mayenda,Sunderland,ENG,2025-2026,Delantero,20.0,759,20.0,4.999315537303217,400.0,0.0,0.11857707509881424,left,0.7114624505928854,1.3043478260869565,0.23715415019762848,183.0,0.11857707509881424,0.0,0.4,0.3557312252964427,54,7,0.0880470792413229,0.23844578954954393,0.0,16000000.0,34001693.43639434,0.4705647978954514,19624172.173007082,0.815321016292748
Borja Mayoral,Getafe,ESP,2025-2026,Delantero,28.0,1058,16.0,0.999315537303217,784.0,0.08506616257088848,0.5103969754253308,right,0.5103969754253308,0.5954631379962193,0.3402646502835539,182.0,0.3402646502835539,0.0,0.75,0.42533081285444235,51,7,0.04772038510622059,0.2969280041803541,0.0,6000000.0,5280870.361881361,1.136176347616767,7354848.961199313,0.8157883365998605
Santiago Castro,Bologna,ITA,2025-2026,Delantero,20.0,2359,35.0,4.999315537303217,400.0,0.07630351844001695,0.1526070368800339,right,1.3353115727002969,1.9075879610004238,0.26706231454005935,179.0,0.03815175922000848,0.0,0.7428571428571429,0.3052140737600678,56,8,0.10425436413511728,0.3166248052862235,0.11445527766002545,32000000.0,35277701.262000345,0.9070885816040699,39211328.57971539,0.8160906849903086
Marc Bartra,Real Betis,ESP,2025-2026,Defensa,34.0,1978,25.0,0.999315537303217,1156.0,0.0,0.0910010111223458,right,0.6825075834175935,0.5005055611729019,0.0455005055611729,184.0,1.3195146612740143,0.0,0.84,0.8190091001011123,60,5,0.0055472376776145365,0.03542579890344635,0.1365015166835187,900000.0,1700055.9170780294,0.5293943516557236,1100671.740533646,0.8176824813941775
Lennard Maloney,Mainz 05,GER,2025-2026,Defensa,25.0,485,21.0,2.001368925393566,625.0,0.0,0.3711340206185567,right,2.4123711340206184,0.5567010309278351,0.0,188.0,1.4845360824742269,0.0,0.19047619047619047,1.4845360824742269,40,10,0.007987865928522091,0.10227958205127224,0.18556701030927836,2500000.0,2278071.961118784,1.0974192398962783,3056658.481830523,0.8178865957255519
Amine Gouiri,Marseille,FRA,2025-2026,Delantero,25.0,1326,22.0,3.0006844626967832,625.0,0.20361990950226247,2.51131221719457,right,1.1538461538461537,1.0859728506787332,0.5429864253393666,180.0,0.20361990950226247,0.0,0.6818181818181818,0.6108597285067874,59,5,0.2707167346519313,0.4912038187062309,0.06787330316742082,28000000.0,24468629.74406177,1.1443223544953613,34207580.45373977,0.8185320221015187
Martial Godo,Strasbourg,FRA,2025-2026,Centrocampista,22.0,1584,28.0,4.0,484.0,0.05681818181818182,1.7613636363636365,right,0.8522727272727273,1.8181818181818183,0.5681818181818181,177.0,0.8522727272727273,0.0,0.6428571428571429,0.7386363636363638,53,8,0.12837191175838764,0.48937599428675393,0.11363636363636365,22000000.0,23290195.946598414,0.9446034739442865,26831753.228218902,0.81992405836763
Romain Faivre,Auxerre,FRA,2025-2026,Centrocampista,27.0,581,10.0,0.999315537303217,729.0,0.3098106712564544,2.168674698795181,left,0.7745266781411358,1.5490533562822717,0.0,180.0,0.9294320137693632,0.0,0.7,0.6196213425129088,34,15,0.16270231987748826,0.06590560565922224,0.0,4000000.0,2676558.8115320927,1.494456233416502,4868320.733083782,0.8216385524513801
Jorge Cuenca,Fulham,ENG,2025-2026,Defensa,25.0,938,15.0,2.001368925393566,625.0,0.0,0.19189765458422176,left,0.9594882729211087,0.09594882729211088,0.0,190.0,1.439232409381663,0.0,0.7333333333333333,0.9594882729211087,52,11,0.049497627420847345,0.004876262780382181,0.5756929637526652,8000000.0,15687386.386155995,0.5099638526823016,9733336.904121215,0.8219175066890679
Pablo Marín,Real Sociedad,ESP,2025-2026,Centrocampista,22.0,1502,34.0,3.0006844626967832,484.0,0.05992010652463382,1.018641810918775,right,1.3182423435419441,1.378162450066578,0.0,178.0,0.5392809587217043,0.0,0.4411764705882353,1.0785619174434087,46,10,0.11107731844917355,0.0747712776337697,0.11984021304926765,7000000.0,5545108.203830975,1.2623739235897826,8499556.331534093,0.8235723991885778
András Schäfer,Union Berlin,GER,2025-2026,Centrocampista,26.0,1421,28.0,0.999315537303217,676.0,0.0633356790992259,1.1400422237860661,right,2.0267417311752287,1.3933849401829697,0.1266713581984518,178.0,1.266713581984518,0.0,0.5714285714285714,1.3933849401829697,39,11,0.04920490896152326,0.11265820592253833,0.1266713581984518,4500000.0,3924993.890290712,1.1464985999422024,5434746.652629804,0.8280054780147862
Keven Schlotterbeck,Augsburg,GER,2025-2026,Defensa,28.0,2031,24.0,3.0006844626967832,784.0,0.044313146233382575,0.2658788774002954,left,1.1078286558345642,0.8862629246676514,0.0,188.0,1.4623338257016247,0.0,0.9166666666666666,1.1078286558345642,43,9,0.045601350242929585,0.057615531633224235,0.310192023633678,6000000.0,6071905.103150123,0.9881577360105944,7236374.630662452,0.8291444689135354
Orri Steinn Óskarsson,Real Sociedad,ESP,2025-2026,Delantero,20.0,835,20.0,4.0,400.0,0.0,0.5389221556886228,right,1.6167664670658681,0.7544910179640718,0.9700598802395209,186.0,0.10778443113772455,0.0,0.4,0.5389221556886228,46,10,,,0.5389221556886228,20000000.0,10605455.128306333,1.8858219433336054,24095476.041692793,0.8300313289263792
Nnamdi Collins,Frankfurt,GER,2025-2026,Defensa,21.0,1500,23.0,4.0,441.0,0.12,0.24,right,1.32,1.14,0.06,188.0,1.44,0.0,0.6956521739130435,2.28,44,8,0.027369467988610268,0.04113886903971434,0.24,20000000.0,10637604.64169861,1.8801225157025958,24056071.210364226,0.8313909542878006
Valentín Gómez,Real Betis,ESP,2025-2026,Defensa,22.0,1882,28.0,4.0,484.0,0.0,0.5738575982996812,left,1.2433581296493093,0.5260361317747078,0.04782146652497343,181.0,1.099893730074389,0.0,0.6785714285714286,1.1955366631243358,60,5,0.10090486195995439,0.045602324880920864,0.23910733262486716,12000000.0,15022559.764315745,0.7987986194273318,14409402.940526053,0.8327895367718761
Luca Pellegrini,Lazio,ITA,2025-2026,Defensa,26.0,1469,24.0,0.999315537303217,676.0,0.0,3.124574540503744,left,1.592920353982301,0.7351940095302927,0.06126616746085772,178.0,1.0415248468345812,0.0,0.7083333333333334,0.9189925119128659,54,9,0.050926820810572315,0.03946032209627437,0.4901293396868618,4500000.0,7574411.962935779,0.5941055255536745,5399180.217265702,0.8334598622231076
Tommaso Pobega,Bologna,ITA,2025-2026,Centrocampista,26.0,1434,26.0,2.001368925393566,676.0,0.06276150627615062,0.12552301255230125,left,2.1338912133891212,0.7531380753138075,0.18828451882845187,188.0,1.1924686192468619,0.0,0.6538461538461539,1.1924686192468619,56,8,0.03458263132347098,0.1155099072629999,0.12552301255230125,8000000.0,10884117.469596064,0.7350159553447837,9585832.127535371,0.8345650010936393
Jon Guridi,Alavés,ESP,2025-2026,Centrocampista,30.0,1238,28.0,2.001368925393566,900.0,0.0,0.8723747980613893,left,1.0904684975767367,0.5815831987075929,0.0,179.0,0.7269789983844911,0.0,0.5357142857142857,1.381260096930533,43,14,0.0393742379493205,0.11779917292718163,0.07269789983844911,1800000.0,1317894.416769356,1.3658150281966155,2151303.180850772,0.8367021515248061
Adrià Pedrosa,Elche,ESP,2025-2026,Defensa,27.0,1090,26.0,0.999315537303217,729.0,0.08256880733944955,4.2110091743119265,left,1.4862385321100917,0.6605504587155964,0.08256880733944955,172.0,1.3211009174311927,0.0,0.3076923076923077,1.5688073394495414,43,13,0.1297443652517,0.0794198373588947,0.3302752293577982,2800000.0,2060289.624367809,1.3590322287135568,3339563.261366044,0.8384329868495031
Nikola Vlašić,Torino,ITA,2025-2026,Centrocampista,27.0,3043,37.0,0.999315537303217,729.0,0.08872822872165627,1.4196516595465003,right,1.3013473545842917,1.3309234308248439,0.2366086099244167,179.0,0.6506736772921459,5.0,0.972972972972973,1.1534669733815315,45,13,0.13842870732582677,0.21910315527018456,0.2070325336838646,10000000.0,8530854.089974478,1.1722155712113367,11917475.551779976,0.8391038820722745
Mauro Arambarri,Getafe,ESP,2025-2026,Centrocampista,29.0,3249,37.0,2.5051334702258727,841.0,0.055401662049861494,0.5263157894736842,,1.662049861495845,1.8559556786703602,0.16620498614958448,,0.5817174515235457,2.0,1.0,1.1911357340720221,51,7,0.02705300944003372,0.22378593451057116,0.16620498614958448,8000000.0,5138533.484050635,1.556864429283374,9532200.497219088,0.8392605676238042
Max Rosenfelder,Freiburg,GER,2025-2026,Defensa,22.0,492,12.0,,484.0,0.0,0.0,right,0.3658536585365854,0.9146341463414633,0.0,186.0,0.9146341463414633,0.0,0.4166666666666667,0.9146341463414633,47,7,0.0,0.003159287862661408,0.0,6000000.0,3514595.94408957,1.7071663700318347,7146036.166660424,0.8396263131150644
Quentin Merlin,Rennes,FRA,2025-2026,Defensa,23.0,2533,33.0,3.0006844626967832,529.0,0.17765495459928937,5.542834583497829,left,0.7816818002368733,1.0659297275957362,0.035530990919857876,174.0,1.0303987366758784,0.0,0.8181818181818182,1.3501776549545994,59,6,0.15964801532451314,0.06561976737253429,0.07106198183971575,15000000.0,22006108.93995912,0.6816289077240143,17773878.373083066,0.8439351100048116
Christian Ordoñez,Parma,ITA,2025-2026,Centrocampista,21.0,1091,28.0,4.0,441.0,0.0,0.989917506874427,right,1.319890009165903,0.9074243813015582,0.08249312557286893,177.0,0.7424381301558203,0.0,0.42857142857142855,1.0724106324472962,45,12,0.02231047783255249,0.03707744064207311,0.41246562786434465,6500000.0,6195049.497145591,1.0492248694695525,7700511.263669817,0.844099797719445
Yerson Mosquera,Wolves,ENG,2025-2026,Defensa,24.0,2136,27.0,4.0,576.0,0.0,0.7584269662921348,right,1.4325842696629214,1.8539325842696628,0.0,188.0,1.053370786516854,0.0,0.8888888888888888,1.5168539325842696,20,20,0.05067797031075683,0.1249655435552423,0.5056179775280899,12000000.0,18180669.345609583,0.6600417053895685,14211762.24403639,0.8443710071940937
Daniel Parejo,Villarreal,ESP,2025-2026,Centrocampista,36.0,1392,32.0,,1296.0,0.0,2.521551724137931,right,1.0344827586206897,1.745689655172414,0.06465517241379311,182.0,0.9051724137931034,1.0,0.5,1.875,72,3,0.11459148820120327,0.05776934502325181,0.1939655172413793,1000000.0,1409722.7910234774,0.7093593196957444,1181454.8927765035,0.8464140324899992
Domenico Berardi,Sassuolo,ITA,2025-2026,Delantero,30.0,1958,26.0,3.0006844626967832,900.0,0.18386108273748725,2.665985699693565,left,1.4249233912155261,1.5628192032686414,0.3677221654749745,183.0,1.1031664964249233,2.0,0.9230769230769231,0.7814096016343207,49,11,0.2325049281668249,0.31180723244467023,0.09193054136874362,7000000.0,5850306.361424698,1.1965185355344918,8258779.638959784,0.8475828519480475
Adrian Bernabe,Parma,ITA,2025-2026,Centrocampista,24.0,2470,32.0,0.999315537303217,576.0,0.03643724696356275,2.951417004048583,left,0.5465587044534413,2.2226720647773277,0.10931174089068826,174.0,0.6194331983805669,0.0,0.96875,0.8380566801619433,45,12,0.169121252022201,0.09556902730121061,0.0,15000000.0,11565604.048676874,1.2969491205879582,17694937.384804375,0.8477000892289867
Kiko Femenía,Getafe,ESP,2025-2026,Defensa,34.0,2008,28.0,0.999315537303217,1156.0,0.044820717131474105,1.9272908366533863,right,0.9412350597609561,0.49302788844621515,0.044820717131474105,174.0,1.6135458167330679,0.0,0.8928571428571429,1.0756972111553784,51,7,0.08600573150062585,0.043112658058382214,0.2689243027888446,700000.0,1159181.6084120327,0.6038743152239386,825659.9635440618,0.8478066406360809
Denis Vavro,Wolfsburg,GER,2025-2026,Defensa,29.0,1176,17.0,2.001368925393566,841.0,0.0,0.30612244897959184,right,0.6887755102040816,0.38265306122448983,0.07653061224489796,189.0,1.0714285714285714,0.0,0.7647058823529411,0.38265306122448983,29,16,0.013605472156587911,0.12742228972326433,0.15306122448979592,5000000.0,2954398.267920544,1.6923920022195433,5894258.097102308,0.8482831796011892
Mathys Tel,Tottenham,ENG,2025-2026,Centrocampista,20.0,1349,31.0,4.999315537303217,400.0,0.06671608598962193,6.137879911045218,right,1.267605633802817,1.5344699777613044,0.26686434395848774,183.0,0.3335804299481097,0.0,0.41935483870967744,0.8005930318754633,41,17,0.22776860068569454,0.18856034605170818,0.06671608598962193,22000000.0,31252972.174618404,0.7039330492178579,25911989.19810653,0.8490278315494052
Montrell Culbreath,Leverkusen,GER,2025-2026,Centrocampista,17.0,736,12.0,4.999315537303217,289.0,0.0,2.934782608695652,right,0.6114130434782609,1.345108695652174,0.12228260869565218,172.0,0.9782608695652174,0.0,0.75,1.9565217391304348,59,6,0.04887581853519963,0.2471826452275981,0.0,15000000.0,27556698.54687789,0.544332260066744,17662533.04852891,0.8492553111598753
Diego Coppola,Paris FC,FRA,2025-2026,Defensa,21.0,1170,13.0,4.999315537303217,441.0,0.15384615384615385,0.0,right,0.46153846153846156,0.23076923076923078,0.0,193.0,0.5384615384615385,0.0,1.0,0.6923076923076923,76,1,0.0,0.0,0.07692307692307693,18000000.0,23646924.829538114,0.7611983431146039,21195007.690762095,0.8492565920532953
Kiernan Dewsbury-Hall,Everton,ENG,2025-2026,Centrocampista,26.0,2626,31.0,4.0,676.0,0.1370906321401371,3.8385376999238385,left,1.0967250571210967,1.6450875856816451,0.2741812642802742,176.0,0.4798172124904798,0.0,0.967741935483871,0.8910891089108911,49,13,0.22532656639871124,0.14840304349341288,0.20563594821020564,35000000.0,44336666.28450628,0.7894143365540084,41181536.56908257,0.8498954365456237
Hans Nicolussi Caviglia,Fiorentina,ITA,2025-2026,Centrocampista,25.0,585,11.0,4.0,625.0,0.15384615384615385,4.615384615384615,right,2.3076923076923075,2.3076923076923075,0.0,184.0,0.46153846153846156,0.0,0.6363636363636364,1.076923076923077,42,15,0.2683964062195558,0.1317972891892378,0.6153846153846154,6000000.0,6773833.948166859,0.8857613053274985,7037939.617510365,0.8525222332217833
Dango Ouattara,Brentford,ENG,2025-2026,Centrocampista,23.0,2276,32.0,4.0,529.0,0.11862917398945519,4.231107205623902,left,1.0676625659050967,1.5421792618629175,0.27680140597539543,177.0,0.9490333919156415,0.0,0.78125,0.5536028119507909,53,9,0.2318484541470666,0.34380009135981016,0.19771528998242532,35000000.0,58792887.9564761,0.5953100998527274,41009134.43041174,0.8534683915211958
Aihen Muñoz,Real Sociedad,ESP,2025-2026,Defensa,27.0,848,21.0,0.999315537303217,729.0,0.0,2.547169811320755,left,0.7429245283018868,0.31839622641509435,0.1061320754716981,175.0,0.5306603773584906,0.0,0.42857142857142855,1.910377358490566,46,10,0.04389324427564752,0.04945671866770904,0.1061320754716981,2500000.0,2256553.036820727,1.1078844410952853,2924933.327179383,0.854720337304522
Brooke Norton-Cuffy,Genoa,ITA,2025-2026,Centrocampista,21.0,2212,27.0,4.999315537303217,441.0,0.0406871609403255,3.25497287522604,right,0.9358047016274864,0.650994575045208,0.081374321880651,181.0,0.4475587703435805,0.0,0.9259259259259259,1.2613019891500903,41,16,0.0766581472070049,0.08165910636255043,0.2034358047016275,15000000.0,14949341.43600062,1.00338868198417,17538805.7768993,0.8552463714352085
Roman Yaremchuk,Lyon,FRA,2025-2026,Delantero,29.0,561,11.0,2.001368925393566,841.0,0.16042780748663102,0.16042780748663102,right,1.1229946524064172,0.6417112299465241,0.6417112299465241,191.0,0.0,0.0,0.45454545454545453,0.48128342245989303,60,4,0.09705398062413388,0.5260861585325098,0.16042780748663102,3500000.0,5604378.395065126,0.6245117216000059,4076913.592885922,0.8584925631260331
Lucas Tousart,Brest,FRA,2025-2026,Centrocampista,28.0,834,24.0,0.999315537303217,784.0,0.0,0.32374100719424465,right,2.2661870503597124,0.539568345323741,0.1079136690647482,184.0,0.9712230215827339,0.0,0.375,1.2949640287769786,39,12,0.05176354072344817,0.0752569745100445,0.0,2000000.0,1553131.0760506499,1.287721320395998,2329634.509646125,0.8585037660280036
Eric Smith,St Pauli,GER,2025-2026,Defensa,28.0,2311,27.0,0.999315537303217,784.0,0.07788836001730852,2.4924275205538726,right,0.584162700129814,1.1293812202509736,0.07788836001730852,192.0,0.9346603202077023,0.0,0.9629629629629629,0.895716140199048,26,18,0.034874427260864045,0.03173174078635507,0.15577672003461704,5000000.0,2440554.22377005,2.04871498092603,5822325.263441574,0.8587634276283119
Axel Witsel,Girona,ESP,2025-2026,Centrocampista,36.0,2526,32.0,,1296.0,0.07125890736342043,0.035629453681710214,,1.211401425178147,1.3182897862232779,0.035629453681710214,,1.0688836104513064,0.0,0.9375,0.8551068883610452,41,19,0.07903601308386428,0.09234636946804733,0.07125890736342043,1200000.0,1146942.968216592,1.0462595205286516,1396294.0561194506,0.8594178244481061
Hugo Álvarez,Celta Vigo,ESP,2025-2026,Delantero,22.0,1340,28.0,2.001368925393566,484.0,0.13432835820895522,1.5447761194029852,right,1.0746268656716418,1.1417910447761193,0.26865671641791045,176.0,0.6716417910447761,0.0,0.5357142857142857,0.6044776119402985,54,6,0.16460144215388528,0.15263670685687172,0.13432835820895522,8000000.0,11364795.211296353,0.7039282143903639,9297732.185453879,0.8604248692510035
Rafa Marín,Villarreal,ESP,2025-2026,Defensa,23.0,1979,23.0,3.0006844626967832,529.0,0.0,0.0,right,0.7276402223345124,0.3638201111672562,0.045477513895907026,191.0,0.9095502779181405,0.0,0.9130434782608695,1.0005053057099544,72,3,0.044885375934637456,0.010557181332232135,0.045477513895907026,12000000.0,15357335.768807855,0.7813855333145149,13938390.165015277,0.8609315608139204
Danilho Doekhi,Union Berlin,GER,2025-2026,Defensa,27.0,3060,34.0,3.0006844626967832,729.0,0.0,0.1764705882352941,right,0.823529411764706,0.4411764705882353,0.14705882352941177,190.0,1.2352941176470589,0.0,1.0,0.911764705882353,39,11,0.016108966843389413,0.1435067455886918,0.11764705882352941,13000000.0,8755124.697547797,1.4848446423203019,15094727.83219723,0.8612278501816275
Alessandro Circati,Parma,ITA,2025-2026,Defensa,21.0,2664,31.0,4.999315537303217,441.0,0.0,0.16891891891891891,right,1.0135135135135134,0.6081081081081081,0.033783783783783786,191.0,0.9121621621621622,0.0,1.0,0.8445945945945946,45,12,0.00831143810992708,0.024879603155863444,0.20270270270270271,18000000.0,19124305.689958725,0.9412106401044904,20847174.206395015,0.8634263724087063
Santi Comesaña,Villarreal,ESP,2025-2026,Centrocampista,28.0,2407,34.0,2.001368925393566,784.0,0.22434565849605317,0.44869131699210635,,1.607810552555048,1.0469464063149148,0.11217282924802659,,1.1591192355629414,0.0,0.8235294117647058,0.9347735770668882,72,3,,,0.18695471541337763,8000000.0,11768212.218082355,0.6797973941791823,9256558.565810451,0.8642520806326865
Sergio Gómez,Real Sociedad,ESP,2025-2026,Defensa,24.0,2701,35.0,4.0,576.0,0.1999259533506109,5.098111810440578,,1.4994446501295815,0.4998148833765272,0.0,,1.066271751203258,0.0,0.8571428571428571,1.766012587930396,46,10,0.24707111423805506,0.02832346300669332,0.16660496112550907,15000000.0,10018081.848108437,1.4972926182303274,17343004.12866834,0.8649020601456637
Álex Berenguer,Athletic Club,ESP,2025-2026,Centrocampista,30.0,2154,31.0,0.999315537303217,900.0,0.12534818941504178,8.314763231197771,right,1.1699164345403898,1.5877437325905293,0.08356545961002786,175.0,0.5431754874651811,0.0,0.8064516129032258,0.7103064066852367,45,12,0.22860479318020568,0.2202747379945887,0.1671309192200557,4000000.0,3521803.6202918263,1.1357816707759956,4619437.609311893,0.8659062722130446
Mark McKenzie,Toulouse,FRA,2025-2026,Defensa,26.0,2404,29.0,0.999315537303217,676.0,0.07487520798668885,0.1497504159733777,right,1.3103161397670549,0.4492512479201331,0.0,186.0,0.9359400998336106,0.0,0.9310344827586207,1.1231281198003327,44,10,0.08608904223232074,0.009710294660955618,0.26206322795341097,7000000.0,6959172.334839877,1.0058667415025386,8079084.051017024,0.8664348527378937
Daniel Maldini,Lazio,ITA,2025-2026,Delantero,23.0,687,12.0,0.999315537303217,529.0,0.13100436681222707,0.13100436681222707,right,1.834061135371179,2.6200873362445414,0.26200873362445415,188.0,0.5240174672489083,0.0,0.75,1.1790393013100435,54,9,0.15551733938920184,0.3685288877921854,0.0,9000000.0,11971929.756198047,0.751758503706603,10384276.727251923,0.8666949308449087
Jordan Torunarigha,Hamburger SV,GER,2025-2026,Defensa,27.0,1962,24.0,2.001368925393566,729.0,0.0,0.13761467889908258,left,0.8715596330275229,0.5963302752293578,0.0,191.0,1.3761467889908257,0.0,0.875,1.0091743119266054,38,13,0.006499667096575465,0.014209122046691563,0.13761467889908258,4000000.0,3250316.0366194583,1.2306495598994927,4608873.877831413,0.8678909655653447
Sebastiano Esposito,Cagliari,ITA,2025-2026,Delantero,23.0,2675,36.0,0.999315537303217,529.0,0.16822429906542058,4.676635514018692,right,1.5476635514018693,1.8841121495327104,0.2355140186915888,183.0,0.7065420560747664,1.0,0.9444444444444444,1.177570093457944,43,14,0.18766335106724613,0.19327010920393134,0.20186915887850468,15000000.0,11936379.186914263,1.2566624907865154,17241197.374096695,0.8700091805999572
Antony,Real Betis,ESP,2025-2026,Centrocampista,25.0,2447,32.0,4.0,625.0,0.2206783816918676,2.4274621986105434,,0.7355946056395587,1.618308132407029,0.29423784225582345,,0.8091540662035145,0.0,0.9375,0.8459337964854924,60,5,0.2443612125463568,0.33193603326221316,0.2206783816918676,40000000.0,29408655.161906786,1.3601438005166673,45964787.331817426,0.8702313732301656
Beñat Turrientes,Real Sociedad,ESP,2025-2026,Centrocampista,23.0,1348,27.0,4.0,529.0,0.20029673590504452,0.6008902077151335,right,1.8694362017804154,1.5356083086053411,0.0,181.0,0.6008902077151335,0.0,0.5925925925925926,1.5356083086053411,46,10,0.079201713856586,0.058872653558319686,0.46735905044510384,10000000.0,5661943.804012762,1.7661778968757598,11481805.008316357,0.8709432003728443
Albian Hajdari,Hoffenheim,GER,2025-2026,Defensa,22.0,2434,30.0,4.999315537303217,484.0,0.07395234182415776,0.7025472473294988,left,1.589975349219392,0.8504519309778144,0.03697617091207888,189.0,1.552999178307313,0.0,0.9333333333333333,1.4050944946589976,61,5,0.05452030681949124,0.07214960875180944,0.3697617091207889,25000000.0,31800737.449583177,0.7861452911158098,28675627.137261074,0.8718205143459629
Axel Tuanzebe,Burnley,ENG,2025-2026,Defensa,27.0,1201,14.0,0.999315537303217,729.0,0.0,0.0749375520399667,right,0.9741881765195671,0.1498751040799334,0.0749375520399667,188.0,0.8992506244796004,0.0,1.0,0.5995004163197336,22,19,0.0,0.041835215764677,0.0749375520399667,5000000.0,6284230.222467553,0.7956423973971963,5708629.8680784395,0.8758669094941746
Jacen Russell-Rowe,Toulouse,FRA,2025-2026,Delantero,22.0,472,13.0,3.0006844626967832,484.0,0.0,0.5720338983050848,right,1.7161016949152543,0.1906779661016949,0.1906779661016949,183.0,0.1906779661016949,0.0,0.38461538461538464,0.5720338983050848,44,10,0.0386153494197307,0.2984633710693126,0.0,3000000.0,4471394.8088377295,0.6709315836012709,3418485.342759516,0.8775816477768775
Francesco Camarda,Lecce,ITA,2025-2026,Delantero,17.0,687,21.0,4.999315537303217,289.0,0.0,0.13100436681222707,right,1.5720524017467248,0.5240174672489083,0.13100436681222707,189.0,0.0,0.0,0.3333333333333333,0.13100436681222707,38,17,0.07681942418803295,0.3115236104413151,0.13100436681222707,15000000.0,7457242.567969084,2.011467357174238,17090739.26998115,0.8776682952706787
Soumaïla Coulibaly,Brest,FRA,2025-2026,Defensa,21.0,1338,16.0,0.999315537303217,441.0,0.0,0.06726457399103139,left,1.748878923766816,1.3452914798206277,0.0,191.0,0.874439461883408,0.0,0.9375,0.8071748878923767,39,12,0.0009663588881091686,0.020165779907673997,0.20179372197309417,6000000.0,6136381.939881155,0.9777748612753728,6815562.186105673,0.8803382371349655
Jair Cunha,Nottingham,ENG,2025-2026,Defensa,20.0,517,9.0,4.0,400.0,0.0,0.3481624758220503,both,0.0,1.0444874274661509,0.0,198.0,0.8704061895551258,0.0,0.6666666666666666,0.8704061895551258,44,16,,,0.0,15000000.0,18394077.65899392,0.8154798668399468,17030512.79506,0.8807720695498383
Carlos Álvarez,Levante,ESP,2025-2026,Centrocampista,21.0,1890,30.0,0.999315537303217,441.0,0.04761904761904762,2.571428571428571,left,1.0476190476190477,2.3333333333333335,0.14285714285714285,168.0,0.6190476190476191,0.0,0.7666666666666667,0.6190476190476191,42,18,0.2189521106580893,0.12600975860619829,0.14285714285714285,15000000.0,6698687.011108061,2.239244791572786,16994767.743897207,0.8826245951720332
Giovanni Simeone,Torino,ITA,2025-2026,Delantero,30.0,2230,32.0,2.001368925393566,900.0,0.0,0.3632286995515695,right,1.251121076233184,1.6547085201793723,0.4439461883408071,180.0,0.20179372197309417,0.0,0.84375,0.3632286995515695,45,13,0.0749956325423223,0.4512800794562551,0.04035874439461883,7000000.0,5147981.3078144975,1.3597562969729877,7928045.505695852,0.8829414506981444
Adrien Tameze,Torino,ITA,2025-2026,Defensa,31.0,1120,24.0,,961.0,0.0,1.125,right,1.2857142857142856,0.5625,0.0,182.0,1.5267857142857142,0.0,0.5,0.9642857142857143,45,13,0.021303170668293857,0.017885451745574495,0.24107142857142858,1200000.0,1352660.8990571033,0.8871403031140189,1354669.6033442183,0.8858248513420603
Sergi Cardona,Villarreal,ESP,2025-2026,Defensa,26.0,1970,31.0,0.999315537303217,676.0,0.18274111675126906,3.426395939086295,both,1.2791878172588833,1.0507614213197969,0.045685279187817264,186.0,1.6903553299492386,0.0,0.6451612903225806,1.4162436548223352,72,3,0.1379086896588052,0.047024196486560824,0.18274111675126906,9000000.0,13373968.48452739,0.6729490958807237,10140257.683927152,0.8875514094938118
Adam Armstrong,Wolves,ENG,2025-2026,Delantero,28.0,1140,14.0,3.0006844626967832,784.0,0.15789473684210525,0.39473684210526316,right,0.9473684210526315,0.23684210526315788,0.15789473684210525,173.0,0.07894736842105263,1.0,1.0,0.3157894736842105,20,20,0.11852490397072152,0.22172986720933727,0.23684210526315788,6000000.0,9755299.502525806,0.6150503117250784,6742561.055484639,0.8898695837717905
Stephan El Shaarawy,Roma,ITA,2025-2026,Centrocampista,32.0,666,20.0,0.999315537303217,1024.0,0.2702702702702703,2.1621621621621623,right,1.3513513513513513,0.945945945945946,0.13513513513513514,178.0,0.8108108108108109,0.0,0.25,0.945945945945946,73,3,0.23704384629790845,0.272818750424965,0.5405405405405406,2400000.0,3551767.800473312,0.675719848487892,2695060.4773526103,0.8905180496571076
Samson Baidoo,Lens,FRA,2025-2026,Defensa,21.0,1827,23.0,4.0,441.0,0.04926108374384237,0.0,right,0.9852216748768473,0.24630541871921183,0.09852216748768473,190.0,1.2315270935960592,0.0,0.8695652173913043,1.1330049261083743,70,2,0.02244859686112169,0.11791740617545075,0.09852216748768473,25000000.0,26207421.37728268,0.9539282648261875,28049367.047654234,0.8912857091401194
Umar Sadiq,Valencia,ESP,2025-2026,Delantero,28.0,911,20.0,2.001368925393566,784.0,0.19758507135016465,0.4939626783754117,right,2.96377607025247,1.8770581778265643,0.3951701427003293,191.0,0.09879253567508232,0.0,0.4,0.4939626783754117,49,9,0.1696034217239015,0.5387828830715461,0.29637760702524696,4000000.0,3767013.1087132418,1.0618492382593123,4487583.48713182,0.8913483195287688
Unai Vencedor Paris,Levante,ESP,2025-2026,Centrocampista,24.0,812,16.0,0.999315537303217,576.0,0.0,2.5492610837438425,right,2.770935960591133,0.8866995073891626,0.0,176.0,0.4433497536945813,0.0,0.6875,1.4408866995073892,42,18,,,0.33251231527093594,1600000.0,1531850.5016249947,1.0444883481140699,1792097.6809414471,0.8928084763546305
Nikola Krstović,Atalanta,ITA,2025-2026,Delantero,25.0,1791,33.0,4.0,625.0,0.25125628140703515,0.25125628140703515,right,2.261306532663317,1.3567839195979898,0.5025125628140703,185.0,0.15075376884422112,0.0,0.5454545454545454,0.6030150753768845,59,7,0.16234209274302175,0.7876876651791471,0.20100502512562815,30000000.0,26409273.06964439,1.135964625792101,33578481.24698112,0.8934293299133996
Takefusa Kubo,Real Sociedad,ESP,2025-2026,Centrocampista,24.0,1503,24.0,3.0006844626967832,576.0,0.23952095808383234,2.3353293413173652,left,0.5389221556886228,3.0538922155688626,0.11976047904191617,173.0,0.5988023952095808,0.0,0.7083333333333334,1.0778443113772456,46,10,0.27282987079934445,0.15922911989385496,0.11976047904191617,20000000.0,7441733.325829027,2.6875459149528114,22354052.466093477,0.8946923619480588
Rafa Mir,Elche,ESP,2025-2026,Delantero,28.0,1803,27.0,0.999315537303217,784.0,0.0,0.9484193011647254,right,1.9467554076539102,0.7986688851913478,0.3993344425956739,191.0,0.19966722129783696,1.0,0.7777777777777778,0.34941763727121466,43,13,0.08533369182622969,0.41255822925891933,0.19966722129783696,4000000.0,5203356.973840319,0.7687344958475556,4464022.700524242,0.8960527910241701
Samir El Mourabet,Strasbourg,FRA,2025-2026,Centrocampista,19.0,2128,33.0,4.0,361.0,0.08458646616541353,0.7612781954887218,left,0.9727443609022556,1.099624060150376,0.042293233082706765,187.0,1.1419172932330826,0.0,0.7575757575757576,1.5648496240601504,53,8,0.1146153727751155,0.01572277077869337,0.16917293233082706,22000000.0,21099959.98592271,1.042656005730711,24518223.09615233,0.8972917781897695
Santiago Mouriño,Villarreal,ESP,2025-2026,Defensa,23.0,2377,28.0,4.0,529.0,0.07572570466975179,0.22717711400925536,,2.044594026083298,1.3630626840555322,0.03786285233487589,,1.0980227177114008,0.0,0.9642857142857143,2.423222549432057,72,3,0.031933101912005185,0.046568464324799816,0.41649137568363487,20000000.0,22246870.410060104,0.8990028543950136,22288470.91586459,0.8973249028835041
Fisnik Asllani,Hoffenheim,GER,2025-2026,Delantero,22.0,2335,33.0,3.0006844626967832,484.0,0.2698072805139186,0.3854389721627409,both,1.0021413276231264,1.4261241970021414,0.3854389721627409,191.0,0.19271948608137046,0.0,0.9393939393939394,0.2698072805139186,61,5,0.20820402367563012,0.36635304745725444,0.07708779443254818,35000000.0,43031054.99971262,0.8133660678371409,38882716.073276386,0.9001428792690507
Semih Kılıçsoy,Cagliari,ITA,2025-2026,Delantero,19.0,975,22.0,2.001368925393566,361.0,0.0,0.09230769230769231,right,1.2923076923076924,1.3846153846153846,0.36923076923076925,178.0,0.09230769230769231,0.0,0.5,0.36923076923076925,43,14,,,0.09230769230769231,11000000.0,6901871.497865642,1.5937706176363435,12217651.024542207,0.9003367323148901
Jens Castrop,Gladbach,GER,2025-2026,Centrocampista,22.0,1584,26.0,3.0006844626967832,484.0,0.05681818181818182,1.1931818181818181,right,1.7613636363636365,1.4772727272727275,0.17045454545454547,178.0,0.9659090909090908,0.0,0.7692307692307693,1.534090909090909,38,12,0.0798653345555067,0.24438780097460205,0.11363636363636365,10000000.0,6626280.507768097,1.5091422689209786,11103080.432575371,0.900650955446649
Lennon Miller,Udinese,ITA,2025-2026,Centrocampista,18.0,996,24.0,4.0,324.0,0.18072289156626503,2.8915662650602405,right,1.2650602409638554,1.536144578313253,0.0,182.0,0.8132530120481928,0.0,0.375,1.0843373493975905,50,10,0.12157933449888805,0.027669141046613097,0.36144578313253006,10000000.0,8163736.3127429085,1.2249293236469234,11054627.62641425,0.9045985389960769
Ludovic Blas,Rennes,FRA,2025-2026,Centrocampista,27.0,1546,32.0,0.999315537303217,729.0,0.2328589909443726,5.4139715394566625,left,1.3971539456662354,1.571798188874515,0.2910737386804657,180.0,0.8732212160413971,2.0,0.46875,0.5821474773609314,59,6,0.40628558109101165,0.2761856480206412,0.05821474773609315,10000000.0,13015639.931227466,0.7683064415455853,10993231.969445238,0.9096505948199909
Konstantinos Koulierakis,Wolfsburg,GER,2025-2026,Defensa,21.0,2482,29.0,4.999315537303217,441.0,0.0362610797743755,0.72522159548751,left,1.0515713134568896,0.47139403706688154,0.145044319097502,188.0,1.2691377921031428,0.0,0.9310344827586207,0.9065269943593877,29,16,0.06414314110948735,0.12892257052231326,0.1813053988718775,25000000.0,16408742.287452254,1.5235780757625446,27468641.11674419,0.9101287498623524
Dodô,Fiorentina,ITA,2025-2026,Defensa,26.0,3134,36.0,0.999315537303217,676.0,0.05743458838544991,4.393746011486917,right,0.6317804722399489,1.5220165922144226,0.028717294192724955,166.0,0.8902361199744736,0.0,1.0,0.5169112954690491,42,15,0.15471960151664338,0.039545453344332085,0.20102105934907466,16000000.0,10538213.167317193,1.518283958197181,17575454.967827383,0.9103605015795426
Nemanja Gudelj,Sevilla,ESP,2025-2026,Defensa,33.0,2348,34.0,,1089.0,0.0,0.2683134582623509,,1.533219761499148,0.42163543441226575,0.07666098807495741,,0.8816013628620103,0.0,0.7647058823529411,0.8816013628620103,43,15,0.031893466848378696,0.05655405945557104,0.34497444633730834,2000000.0,1235796.917441757,1.6183888887991662,2194512.71758234,0.9113640508783966
Giuliano Simeone,Atlético Madrid,ESP,2025-2026,Centrocampista,22.0,2099,31.0,4.0,484.0,0.2572653644592663,2.0581229156741303,right,0.9004287756074322,1.715102429728442,0.1715102429728442,174.0,0.857551214864221,0.0,0.8064516129032258,1.0719390185802764,86,2,0.23697939598884057,0.2616061466972762,0.0857551214864221,40000000.0,60950725.93851803,0.6562678193586838,43880068.449289136,0.9115756062738778
Robin Koch,Frankfurt,GER,2025-2026,Defensa,29.0,2833,32.0,4.0,841.0,0.03176844334627603,0.06353688669255206,right,0.984821743734557,0.41298976350158845,0.0953053300388281,192.0,1.4931168372749735,0.0,1.0,0.8577479703494528,44,8,0.022856617202417526,0.06120972840941882,0.0953053300388281,10000000.0,9427046.698124725,1.060777603020599,10942754.455267478,0.9138466956266512
Xaver Schlager,RB Leipzig,GER,2025-2026,Centrocampista,27.0,1837,26.0,2.001368925393566,729.0,0.048992923244420256,0.5389221556886228,left,1.2248230811105063,0.7838867719107241,0.14697876973326074,174.0,0.34295046271094176,0.0,0.8076923076923077,1.2248230811105063,65,3,0.10767502988048332,0.10571109557855887,0.2939575394665215,10000000.0,17285697.646187246,0.578512953580773,10911490.718384327,0.9164650603745101
Trai Hume,Sunderland,ENG,2025-2026,Defensa,23.0,3036,38.0,4.0,529.0,0.02964426877470356,2.608695652173913,right,0.8893280632411067,1.1264822134387351,0.05928853754940712,180.0,0.741106719367589,0.0,0.8947368421052632,1.3636363636363638,54,7,0.061784935010810615,0.08027592510088041,0.266798418972332,22000000.0,42835671.27612653,0.5135906440728802,23988680.370408136,0.9170992176434464
Robin Hranáč,Hoffenheim,GER,2025-2026,Defensa,25.0,2251,29.0,2.001368925393566,625.0,0.0,0.23989338071968017,right,1.039537983118614,0.3998223011994669,0.039982230119946685,189.0,0.7996446023989338,0.0,0.896551724137931,0.5997334517992003,61,5,0.005113896237366044,0.08275747838707724,0.19991115059973344,10000000.0,16265830.870764732,0.6147856865998419,10884366.729628034,0.9187489036711044
Jayden Addai,Como,ITA,2025-2026,Centrocampista,19.0,686,12.0,4.0,361.0,0.0,1.3119533527696792,left,1.7055393586005831,1.8367346938775508,0.3935860058309038,177.0,0.26239067055393583,0.0,0.5833333333333334,0.26239067055393583,71,4,0.13401018998669814,0.19868975600265726,0.5247813411078717,20000000.0,20765751.766482107,0.9631242935438483,21765081.769530848,0.9189030490112009
Enzo Boyomo,Osasuna,ESP,2025-2026,Defensa,23.0,2542,30.0,3.0006844626967832,529.0,0.07081038552321008,0.35405192761605037,,1.168371361132966,0.17702596380802518,0.03540519276160504,,0.6018882769472856,0.0,0.9666666666666667,1.2745869394177813,42,16,0.050355308190175724,0.04106237194013586,0.24783634933123525,15000000.0,10295072.435789654,1.4570077183579786,16302711.807294076,0.9200923243511412
Adam Karabec,Lyon,FRA,2025-2026,Centrocampista,22.0,922,21.0,,484.0,0.0,7.809110629067245,left,1.3665943600867678,1.9522776572668112,0.09761388286334056,187.0,0.09761388286334056,0.0,0.5238095238095238,0.2928416485900217,60,4,0.20452045758786144,0.15253825796012507,0.2928416485900217,7000000.0,9116622.298021773,0.7678282340948729,7600987.98263353,0.9209329124047234
Miro Muheim,Hamburger SV,GER,2025-2026,Centrocampista,27.0,2435,29.0,0.999315537303217,729.0,0.14784394250513347,5.470225872689939,left,1.4414784394250513,1.8480492813141682,0.0,182.0,0.997946611909651,0.0,0.9310344827586207,1.2936344969199178,38,13,0.12908623602386618,0.05065587154557084,0.2587268993839836,5000000.0,4278987.025208788,1.1685008555864997,5421823.599284746,0.9221989444030615
Osame Sahraoui,Lille,FRA,2025-2026,Centrocampista,24.0,505,18.0,3.0006844626967832,576.0,0.3564356435643564,0.5346534653465347,right,0.7128712871287128,4.455445544554456,0.1782178217821782,170.0,0.7128712871287128,0.0,0.2222222222222222,0.5346534653465347,61,3,0.1437518522143364,0.2277661062555738,0.0,9000000.0,10706718.85841598,0.8405936607670967,9755161.31154799,0.9225885367314178
Mario Pašalić,Atalanta,ITA,2025-2026,Centrocampista,30.0,1936,33.0,2.001368925393566,900.0,0.1859504132231405,0.5113636363636364,right,1.0227272727272727,0.27892561983471076,0.13946280991735538,188.0,0.6043388429752067,0.0,0.6363636363636364,0.8367768595041323,59,7,0.29051548222172235,0.1605614136003943,0.13946280991735538,6000000.0,6231021.03856247,0.9629240477390897,6503059.725980295,0.9226426102207662
Lilian Brassier,Rennes,FRA,2025-2026,Defensa,25.0,2250,27.0,4.999315537303217,625.0,0.04,0.92,left,1.08,0.8400000000000001,0.0,186.0,1.5199999999999998,0.0,0.9259259259259259,0.52,59,6,0.03631892681121826,0.035788911394774914,0.08,12000000.0,17084811.698115867,0.7023782416825451,12980640.674539132,0.9244535998548509
Akor Adams,Sevilla,ESP,2025-2026,Delantero,25.0,2064,32.0,4.0,625.0,0.1308139534883721,0.741279069767442,right,1.569767441860465,0.5232558139534884,0.436046511627907,190.0,0.0436046511627907,3.0,0.65625,0.1744186046511628,43,15,0.05014060057028261,0.4381108363456807,0.1308139534883721,15000000.0,11854271.176132865,1.265366700080278,16223243.275958328,0.9245993384213694
Archie Gray,Tottenham,ENG,2025-2026,Centrocampista,19.0,1478,24.0,4.0,361.0,0.12178619756427606,0.7307171853856562,right,0.7307171853856562,0.12178619756427606,0.12178619756427606,187.0,1.0351826792963463,0.0,0.75,0.4871447902571042,41,17,0.10098649474952234,0.09673109659307581,0.3044654939106901,35000000.0,36282454.87868236,0.9646535802781122,37836492.73161141,0.925032884212294
Álvaro Fidalgo,Real Betis,ESP,2025-2026,Centrocampista,28.0,542,9.0,4.0,784.0,0.0,0.9963099630996309,right,0.33210332103321033,0.9963099630996309,0.16605166051660517,175.0,0.6642066420664207,0.0,0.8888888888888888,0.8302583025830258,60,5,0.03260260255409343,0.08743613408500418,0.0,6000000.0,6865683.398991021,0.8739115469381763,6479934.580684526,0.9259352737734234
Davide Bartesaghi,Milan,ITA,2025-2026,Centrocampista,19.0,2441,31.0,4.0,361.0,0.0,5.124948791478902,left,0.6636624334289225,0.5161818926669398,0.0737402703809914,193.0,0.5530520278574356,0.0,0.8709677419354839,1.2904547316673496,70,5,0.1442960417527661,0.0506649916974041,0.1106104055714871,22000000.0,35859333.836802594,0.6135083295223209,23640171.585583203,0.9306193028402785
Maxence Lacroix,Crystal Palace,ENG,2025-2026,Defensa,25.0,3085,35.0,6.0013689253935665,625.0,0.05834683954619124,0.1458670988654781,right,0.9918962722852511,0.5542949756888168,0.02917341977309562,190.0,1.312803889789303,0.0,1.0,1.1085899513776336,45,15,0.037542876375407416,0.08771965517760578,0.11669367909238249,50000000.0,58383377.40879474,0.856408145933471,53722672.511057645,0.9307057460648218
Yehor Yarmoliuk,Brentford,ENG,2025-2026,Centrocampista,21.0,2659,37.0,4.999315537303217,441.0,0.06769462203836028,1.0154193305754045,right,1.2523505077096653,0.4061677322301617,0.03384731101918014,180.0,0.947724708537044,0.0,0.8108108108108109,1.5569763068822866,53,9,,,0.236931177134261,32000000.0,54792677.69516853,0.5840196417854876,34284702.5337443,0.933360876283071
Florentino Luís,Burnley,ENG,2025-2026,Centrocampista,25.0,2105,31.0,4.999315537303217,625.0,0.0855106888361045,0.47030878859857483,right,1.7102137767220904,0.342042755344418,0.0,184.0,1.7102137767220904,0.0,0.8064516129032258,2.0950118764845604,22,19,0.022983003053769928,0.04438806971150169,0.25653206650831356,16000000.0,16077362.273579463,0.9951881240054784,17100422.572845038,0.9356493929809386
Ainsley Maitland-Niles,Lyon,FRA,2025-2026,Defensa,27.0,2483,30.0,3.0006844626967832,729.0,0.1449859041482078,1.594844945630286,right,1.3411196133709222,0.43495771244462345,0.03624647603705195,180.0,1.1961337092227144,0.0,0.9333333333333333,1.3048731373338702,60,4,0.12689826433913293,0.09256949483226058,0.25372533225936367,10000000.0,12788956.466234077,0.7819246258600072,10685260.712352732,0.935868601543757
Ilaix Moriba,Celta Vigo,ESP,2025-2026,Centrocampista,22.0,2495,36.0,3.0006844626967832,484.0,0.10821643286573146,0.07214428857715431,,1.442885771543086,2.092184368737475,0.07214428857715431,,0.8657314629258517,0.0,0.7222222222222222,1.5150300601202404,54,6,0.09068649759392938,0.06420712797848399,0.28857715430861725,15000000.0,18192415.677983455,0.8245194187242032,15989431.789292429,0.9381196403767758
Francesco Coppola,Pisa,ITA,2025-2026,Defensa,20.0,458,7.0,3.0006844626967832,400.0,0.0,0.3930131004366812,right,1.3755458515283843,1.5720524017467248,0.0,195.0,0.982532751091703,0.0,0.7142857142857143,0.982532751091703,18,20,0.0,0.01820395786038653,0.5895196506550218,3500000.0,974302.2594058221,3.5923143626234366,3730024.2527410802,0.9383317005051529
Stefano Sabelli,Genoa,ITA,2025-2026,Centrocampista,32.0,913,16.0,2.001368925393566,1024.0,0.0,2.661555312157722,right,0.5914567360350492,1.8729463307776562,0.0,176.0,0.2957283680175246,0.0,0.75,1.380065717415115,41,16,0.031720865089425905,0.039796959618993946,0.0,1300000.0,1846556.4850665946,0.7040131241656096,1384490.5928926712,0.9389735160885841
Arnaud Nordin,Mainz 05,GER,2025-2026,Centrocampista,27.0,469,13.0,3.0006844626967832,729.0,0.0,2.878464818763326,both,0.767590618336887,2.4946695095948828,0.0,170.0,0.5756929637526652,0.0,0.38461538461538464,1.1513859275053304,40,10,0.027027542927244835,0.1385362571808321,0.0,4000000.0,3297636.0373450844,1.212990140422042,4256821.766447856,0.9396681889591625
Nicola Zalewski,Atalanta,ITA,2025-2026,Centrocampista,23.0,1897,33.0,3.0006844626967832,529.0,0.18977332630469163,5.8829731154454405,right,0.9963099630996309,2.419609910384818,0.09488666315234581,175.0,0.7590933052187665,0.0,0.7272727272727273,0.9488666315234581,59,7,0.244022651644729,0.1489167901037804,0.1423299947285187,20000000.0,24652533.43259508,0.8112756465652493,21234114.579749037,0.941880572645774
Prosper Peter,Angers,FRA,2025-2026,Delantero,17.0,1273,29.0,2.001368925393566,289.0,0.0,0.0,right,2.1209740769835035,2.1209740769835035,0.3534956794972506,188.0,0.2827965435978005,0.0,0.4827586206896552,0.21209740769835037,36,13,0.06351442226243131,0.4294504347430705,0.0,15000000.0,7821099.150914485,1.917888996234771,15924611.06063086,0.9419382327699857
Nico Williams,Athletic Club,ESP,2025-2026,Centrocampista,23.0,1674,25.0,8.999315537303216,529.0,0.16129032258064516,4.086021505376344,right,1.3978494623655913,1.5591397849462365,0.3225806451612903,181.0,0.3763440860215054,1.0,0.8,0.4838709677419355,45,12,0.2225023603707712,0.31519111876766526,0.1075268817204301,40000000.0,17457635.04997771,2.2912610949586254,42464474.715857446,0.9419638478434507
Baptiste Santamaria,Valencia,ESP,2025-2026,Centrocampista,30.0,754,19.0,0.999315537303217,900.0,0.11936339522546419,0.35809018567639256,right,1.5517241379310345,1.193633952254642,0.11936339522546419,183.0,0.9549071618037135,0.0,0.3684210526315789,0.596816976127321,49,9,0.08862276623317038,0.06163369523316859,0.23872679045092837,2500000.0,1464821.8181210656,1.7066922195402323,2652471.3823914947,0.9425172375454528
Danny Welbeck,Brighton,ENG,2025-2026,Delantero,34.0,2258,37.0,2.001368925393566,1156.0,0.03985828166519043,0.11957484499557129,right,1.2356067316209034,0.39858281665190437,0.5181576616474757,185.0,0.31886625332152346,1.0,0.7027027027027027,0.5580159433126661,53,8,0.0901805754978642,0.5069535014453032,0.19929140832595219,3000000.0,2401997.052175215,1.2489607334377208,3180311.3504289784,0.9433038685332941
Lucas Beltrán,Valencia,ESP,2025-2026,Delantero,24.0,1365,27.0,0.999315537303217,576.0,0.13186813186813187,0.6593406593406593,right,1.7142857142857144,2.571428571428571,0.06593406593406594,176.0,0.26373626373626374,0.0,0.5925925925925926,0.6593406593406593,49,9,0.13128346360319262,0.31361319390790804,0.06593406593406594,8000000.0,5904409.763614574,1.3549195127511853,8430228.539096547,0.9489659696529824
Lyle Foster,Burnley,ENG,2025-2026,Delantero,24.0,1371,26.0,2.001368925393566,576.0,0.13129102844638948,0.3938730853391685,right,1.4442013129102846,0.8533916849015317,0.19693654266958424,185.0,0.26258205689277897,0.0,0.5769230769230769,0.787746170678337,22,19,0.07522685881255753,0.2358108017944142,0.26258205689277897,8000000.0,10509647.870508116,0.7612053323355752,8416666.98225779,0.9504950138652131
Emil Holm,Bologna,ITA,2025-2026,Defensa,25.0,655,11.0,2.001368925393566,625.0,0.549618320610687,3.1603053435114505,right,1.5114503816793894,1.9236641221374047,0.13740458015267176,191.0,0.9618320610687023,0.0,0.7272727272727273,1.786259541984733,56,8,0.31309506885764254,0.15785842723006965,0.4122137404580153,10000000.0,10860413.794621764,0.9207752291125543,10500127.317851651,0.9523694044165192
Azzedine Ounahi,Girona,ESP,2025-2026,Centrocampista,25.0,1760,24.0,4.0,625.0,0.10227272727272727,2.096590909090909,right,0.9204545454545454,3.221590909090909,0.2556818181818182,182.0,0.8181818181818181,1.0,0.8333333333333334,0.7670454545454545,41,19,,,0.3068181818181818,18000000.0,9875458.129482,1.8227002498510072,18895162.702151716,0.952624768769534
Lukas Nmecha,Leeds United,ENG,2025-2026,Delantero,26.0,1083,31.0,0.999315537303217,676.0,0.08310249307479224,0.8310249307479225,right,1.4958448753462605,1.4958448753462605,0.4986149584487535,185.0,0.24930747922437674,2.0,0.3225806451612903,0.5817174515235457,47,14,0.13998954595579996,0.676479030895844,0.0,10000000.0,15522590.669710333,0.6442223603507938,10496725.371715525,0.9526780634793017
Cédric Bakambu,Real Betis,ESP,2025-2026,Delantero,34.0,569,18.0,,1156.0,0.15817223198594024,0.3163444639718805,right,1.7398945518453426,1.4235500878734622,0.47451669595782076,182.0,0.3163444639718805,0.0,0.2777777777777778,0.3163444639718805,60,5,0.17009981970101437,0.7032698946751275,0.15817223198594024,1200000.0,1408184.0438398148,0.8521613387465024,1258654.363009934,0.9533991501291359
Tiago Tomás,Stuttgart,GER,2025-2026,Centrocampista,23.0,1020,27.0,3.0006844626967832,529.0,0.2647058823529412,1.0588235294117647,right,1.0588235294117647,2.5588235294117645,0.4411764705882353,180.0,0.4411764705882353,0.0,0.37037037037037035,0.7058823529411764,62,4,0.11107618175446986,0.48826486661153684,0.3529411764705882,15000000.0,22453027.053365447,0.6680613693801111,15709655.656256206,0.9548267847631916
Andrea Cambiaso,Juventus,ITA,2025-2026,Centrocampista,25.0,2769,36.0,3.0006844626967832,625.0,0.13001083423618637,3.99783315276273,both,0.9425785482123511,0.6825568797399784,0.09750812567713976,182.0,0.6500541711809318,0.0,0.9722222222222222,1.267605633802817,69,6,0.22258132793017354,0.09409645443150566,0.09750812567713976,20000000.0,24346113.474128474,0.8214863543313846,20919795.607063424,0.9560322851934145
Batista Mendy,Sevilla,ESP,2025-2026,Centrocampista,25.0,1617,27.0,0.999315537303217,625.0,0.0,0.2782931354359926,right,2.0593692022263452,1.50278293135436,0.05565862708719852,191.0,1.0018552875695732,0.0,0.7037037037037037,1.2801484230055657,43,15,0.02727956794451141,0.0480920661081852,0.3339517625231911,7500000.0,5029289.443913844,1.491264339354353,7844336.257226796,0.9561038377326613
Zito Luvumbo,Mallorca,ESP,2025-2026,Delantero,23.0,508,10.0,0.999315537303217,529.0,0.3543307086614173,3.366141732283465,left,2.3031496062992125,3.543307086614173,0.0,171.0,0.0,0.0,0.6,0.0,42,17,,,0.3543307086614173,3000000.0,3425652.1275394936,0.8757456648567459,3133902.750473807,0.957272844393923
Deiver Machado,Nantes,FRA,2025-2026,Defensa,31.0,907,14.0,,961.0,0.09922822491730982,2.183020948180816,left,2.0837927232635063,1.984564498346196,0.0,173.0,0.7938257993384785,0.0,0.8571428571428571,1.587651598676957,23,17,0.13839344616235946,0.09017618572238786,0.19845644983461963,1800000.0,833843.9803972348,2.15867721338289,1879270.1659519917,0.9578186429028764
Marin Pongračić,Fiorentina,ITA,2025-2026,Defensa,27.0,2918,35.0,3.0006844626967832,729.0,0.0,0.12337217272104181,right,2.1281699794379714,0.6477039067854695,0.0,193.0,1.1103495544893762,0.0,0.9428571428571428,0.5243317340644277,42,15,0.02124756463561424,0.018289284512523186,0.3701165181631254,6500000.0,7104949.410590815,0.9148552121019944,6764955.487788063,0.9608341121731911
Loum Tchaouna,Burnley,ENG,2025-2026,Centrocampista,21.0,1272,29.0,4.999315537303217,441.0,0.07075471698113207,2.405660377358491,left,0.8490566037735848,1.1320754716981132,0.14150943396226415,180.0,0.14150943396226415,0.0,0.4827586206896552,0.6367924528301887,22,19,0.08488000669288186,0.08908175096741684,0.14150943396226415,13000000.0,12699560.050714608,1.0236575084558528,13509075.973389186,0.9623160033749172
Kristijan Jakić,Augsburg,GER,2025-2026,Centrocampista,28.0,1653,26.0,2.001368925393566,784.0,0.054446460980036304,0.21778584392014522,right,0.925589836660617,0.925589836660617,0.10889292196007261,181.0,0.925589836660617,0.0,0.6923076923076923,1.3611615245009074,43,9,0.0740887300058956,0.07842361083602407,0.27223230490018147,6000000.0,4867842.330893501,1.2325789522641935,6229895.65734794,0.9630979923272412
Rolando Mandragora,Fiorentina,ITA,2025-2026,Centrocampista,28.0,2421,34.0,3.0006844626967832,784.0,0.11152416356877323,2.5650557620817844,left,1.3754646840148699,2.0817843866171004,0.26022304832713755,183.0,0.5576208178438662,1.0,0.8823529411764706,0.8921933085501859,42,15,0.10708266419105812,0.1745497241796282,0.26022304832713755,9000000.0,9021100.570704151,0.997660976004117,9336366.505720807,0.9639724398656907
Enzo Le Fée,Sunderland,ENG,2025-2026,Centrocampista,25.0,2930,36.0,3.0006844626967832,625.0,0.18430034129692832,3.0102389078498293,right,0.9522184300341296,1.136518771331058,0.15358361774744028,173.0,0.8600682593856654,3.0,0.9166666666666666,1.720136518771331,54,7,0.2318012418746694,0.16183652205602506,0.15358361774744028,28000000.0,45393893.252248906,0.616823056890209,28987173.2632454,0.9659444798469847
Ché Adams,Torino,ITA,2025-2026,Delantero,29.0,1893,33.0,0.999315537303217,841.0,0.09508716323296355,0.6656101426307449,right,0.8557844690966719,0.7131537242472267,0.28526148969889065,175.0,0.04754358161648178,0.0,0.5757575757575758,0.42789223454833597,45,13,0.15258277468265236,0.31424419361088435,0.0,5000000.0,4403051.875372206,1.135575991726723,5169631.23872351,0.9671869750683811
Adam Buksa,Udinese,ITA,2025-2026,Delantero,29.0,922,25.0,0.999315537303217,841.0,0.0,0.09761388286334056,left,2.3427331887201737,1.4642082429501084,0.2928416485900217,191.0,0.2928416485900217,0.0,0.24,0.7809110629067245,50,10,0.09754108994342629,0.2717493176298648,0.2928416485900217,3500000.0,2101356.662091801,1.665590645862048,3601686.4512392883,0.9717669895433847
Aarón Martín,Genoa,ITA,2025-2026,Centrocampista,28.0,2156,33.0,0.999315537303217,784.0,0.20871985157699444,8.098330241187384,left,1.2940630797773656,1.12708719851577,0.041743970315398886,178.0,0.4174397031539889,0.0,0.7878787878787878,1.168831168831169,41,16,0.27417849316063003,0.055018067454957235,0.08348794063079777,5000000.0,6110990.112073943,0.8181980183736713,5143128.295289359,0.9721709653985393
Javi Puado,Espanyol,ESP,2025-2026,Centrocampista,27.0,674,10.0,4.0,729.0,0.0,2.8041543026706233,right,1.4688427299703266,0.9347181008902077,0.26706231454005935,177.0,0.40059347181008903,1.0,0.8,0.26706231454005935,46,11,0.1279116896166292,0.6461533012686612,0.26706231454005935,7500000.0,3911302.030668917,1.9175200332758087,7714368.875295672,0.9722117416523649
Julian Brandt,Dortmund,GER,2025-2026,Centrocampista,29.0,1606,29.0,3.0006844626967832,841.0,0.22415940224159403,1.4009962640099627,right,0.44831880448318806,0.28019925280199254,0.39227895392278955,185.0,0.28019925280199254,0.0,0.5862068965517241,0.44831880448318806,73,2,0.29667066652582935,0.2860413435939352,0.0,15000000.0,13766627.687358556,1.0895914628223737,15405983.14727525,0.9736476962622763
Maximilian Eggestein,Freiburg,GER,2025-2026,Centrocampista,28.0,3060,34.0,,784.0,0.029411764705882353,0.411764705882353,right,0.5294117647058824,0.5882352941176471,0.08823529411764705,181.0,0.911764705882353,0.0,1.0,1.0,47,7,0.04156189839191296,0.09984855479834712,0.11764705882352941,10000000.0,9390879.434182879,1.0648629950034199,10249254.418255974,0.9756807268036979
Giovanni Fabbian,Bologna,ITA,2025-2026,Centrocampista,22.0,705,14.0,0.999315537303217,484.0,0.0,0.25531914893617025,right,1.6595744680851063,2.2978723404255317,0.25531914893617025,190.0,0.6382978723404256,0.0,0.5714285714285714,0.5106382978723405,56,8,0.21102114568682429,0.34026691412672083,0.0,10000000.0,10274285.758045025,0.9733036665998653,10241948.975807153,0.9763766665525606
Daley Blind,Girona,ESP,2025-2026,Defensa,35.0,2606,31.0,0.999315537303217,1225.0,0.0,0.44896392939370683,,0.6561780506523407,0.6907137375287797,0.0,,1.3123561013046814,0.0,0.967741935483871,1.1742133537989254,41,19,0.025530964620725887,0.0091287230730417,0.03453568687643899,1200000.0,673247.7602079853,1.782404741501533,1228556.5278652152,0.9767560326142778
Giovanni Fabbian,Fiorentina,ITA,2025-2026,Centrocampista,22.0,468,15.0,0.999315537303217,484.0,0.0,0.7692307692307693,right,1.1538461538461537,1.7307692307692308,0.0,190.0,0.19230769230769232,0.0,0.26666666666666666,0.38461538461538464,42,15,0.317884418182075,0.5125815693575603,0.38461538461538464,10000000.0,5084630.666192513,1.9667111844503402,10179319.235867763,0.9823839657925341
Ozan Kabak,Hoffenheim,GER,2025-2026,Defensa,25.0,1751,25.0,4.0,625.0,0.0,0.10279840091376356,right,1.3363792118789264,0.41119360365505425,0.20559680182752713,187.0,1.3363792118789264,0.0,0.72,0.8737864077669902,61,5,0.023020768962557964,0.23847568479139486,0.2569960022844089,15000000.0,22891750.064501088,0.6552578967416276,15268272.064515855,0.9824294416956761
Amorim,Genoa,ITA,2025-2026,Centrocampista,20.0,552,11.0,4.0,400.0,0.0,2.608695652173913,right,1.141304347826087,2.934782608695652,0.0,177.0,1.141304347826087,0.0,0.5454545454545454,0.9782608695652174,41,16,,,0.16304347826086957,8000000.0,8014200.842250014,0.9982280401340645,8113552.467612694,0.9860045931709979
Martin Baturina,Como,ITA,2025-2026,Centrocampista,22.0,1569,29.0,4.0,484.0,0.17208413001912046,4.416826003824092,right,0.8604206500956023,2.523900573613767,0.3441682600382409,178.0,0.28680688336520077,0.0,0.5862068965517241,0.8030592734225622,71,4,0.38409966042347204,0.10904927114754857,0.0,45000000.0,25282675.64555915,1.7798749084495793,45568952.03839793,0.9875144805191369
Erling Haaland,Manchester City,ENG,2025-2026,Delantero,25.0,2953,35.0,8.0,625.0,0.24381984422621064,0.09143244158482898,left,0.7314595326786318,0.7619370132069082,0.8228919742634608,195.0,0.12190992211310532,3.0,0.9714285714285714,0.2133423636979343,78,2,0.16786042615377697,0.8776092986222085,0.06095496105655266,220000000.0,268993992.26607597,0.8178621319631055,222398253.94968346,0.9892163993777305
Kristian Thorstvedt,Sassuolo,ITA,2025-2026,Centrocampista,26.0,2460,32.0,0.999315537303217,676.0,0.14634146341463414,0.47560975609756095,left,1.2439024390243902,2.0853658536585367,0.14634146341463414,189.0,1.1341463414634148,0.0,0.84375,0.7317073170731708,49,11,0.09619978633595676,0.2431044851588767,0.32926829268292684,12000000.0,11045267.20514259,1.0864381800028247,12121588.119383011,0.9899692913019718
Obed Vargas,Atlético Madrid,ESP,2025-2026,Centrocampista,19.0,740,12.0,4.0,361.0,0.12162162162162163,0.7297297297297298,right,0.4864864864864865,1.0945945945945947,0.0,175.0,0.972972972972973,0.0,0.6666666666666666,1.945945945945946,86,2,0.023946686534563433,0.024076376437536767,0.24324324324324326,10000000.0,22889543.819058623,0.4368807032175825,10100802.424214326,0.9900203548212491
Maximilian Arnold,Wolfsburg,GER,2025-2026,Centrocampista,31.0,1859,25.0,2.001368925393566,961.0,0.19365250134480902,3.921463152232383,left,0.8230231307154383,1.2587412587412588,0.048413125336202255,184.0,1.1619150080688543,0.0,0.8,0.7261968800430338,29,16,0.20565553105898668,0.017786616982512413,0.24206562668101128,3000000.0,2123548.1679159426,1.4127299042828918,3025630.7110862,0.9915288038978826
Johan Vásquez,Genoa,ITA,2025-2026,Defensa,26.0,3215,36.0,2.001368925393566,676.0,0.0,0.671850699844479,left,0.6438569206842925,1.287713841368585,0.027993779160186624,182.0,1.287713841368585,0.0,1.0,1.0637636080870918,41,16,0.013017113901338717,0.052782958387911416,0.05598755832037325,14000000.0,8746231.746616777,1.600689348920521,14104341.654735783,0.9926021605765095
Bryan Zaragoza,Celta Vigo,ESP,2025-2026,Delantero,23.0,1131,19.0,0.999315537303217,529.0,0.07957559681697612,5.3315649867374,right,0.5570291777188329,1.3527851458885942,0.07957559681697612,164.0,0.15915119363395225,1.0,0.6842105263157895,0.3978779840848807,54,6,0.1801282028106859,0.15202486768997317,0.07957559681697612,8000000.0,7926752.798798898,1.009240505293946,8059072.901330347,0.9926700127851436
Álex Valle,Como,ITA,2025-2026,Defensa,21.0,2026,28.0,3.0006844626967832,441.0,0.17769002961500494,1.9990128331688055,left,1.5103652517275419,0.8440276406712734,0.044422507403751234,178.0,1.0661401776900297,0.0,0.8214285714285714,1.3770977295162883,71,4,0.06563092956571359,0.03933185267446954,0.1332675222112537,12000000.0,21466781.52946183,0.5590032200929023,12080237.65917885,0.9933579403449995
Christian Günter,Freiburg,GER,2025-2026,Defensa,32.0,1547,24.0,,1024.0,0.17453135100193923,4.246929541047188,left,0.5817711700064641,0.34906270200387846,0.0,184.0,0.5817711700064641,0.0,0.75,0.6981254040077569,47,7,0.1299099953701863,0.022804294053631283,0.17453135100193923,2000000.0,1993146.1144177814,1.003438727112197,2012892.8295763182,0.9935948753024114
Harry Wilson,Fulham,ENG,2025-2026,Centrocampista,28.0,2673,36.0,4.0,784.0,0.23569023569023567,3.872053872053872,left,0.43771043771043777,1.2457912457912457,0.33670033670033667,173.0,0.5387205387205387,0.0,0.8888888888888888,0.6397306397306397,52,11,0.1853087937039157,0.19393083918526116,0.23569023569023567,25000000.0,41351354.90348639,0.6045751114649018,25153662.692847624,0.9938910410494087
Raphaël Guerreiro,Bayern Munich,GER,2025-2026,Centrocampista,31.0,784,18.0,,961.0,0.22959183673469385,0.5739795918367347,left,0.3443877551020408,0.22959183673469385,0.5739795918367347,170.0,0.11479591836734693,0.0,0.4444444444444444,0.8035714285714285,89,1,0.2612220324404842,0.4050733310607623,0.0,5000000.0,12091160.722473077,0.4135252284511292,5016350.120835534,0.9967406340383571
Jacob Bruun Larsen,Burnley,ENG,2025-2026,Centrocampista,26.0,1030,28.0,3.0006844626967832,676.0,0.08737864077669903,3.6699029126213594,right,0.08737864077669903,0.0,0.0,183.0,0.5242718446601942,0.0,0.35714285714285715,0.2621359223300971,22,19,0.12043276870424308,0.1251364899708808,0.0,4000000.0,5749653.644508474,0.6956940795591091,4012921.349966545,0.9967800639883827
Neal Maupay,Sevilla,ESP,2025-2026,Delantero,28.0,865,12.0,2.001368925393566,784.0,0.10404624277456648,0.4161849710982659,right,1.5606936416184969,1.6647398843930636,0.20809248554913296,171.0,0.10404624277456648,0.0,0.8333333333333334,0.10404624277456648,43,15,0.05898977509252943,0.22073003890886472,0.20809248554913296,4000000.0,4099783.0084127323,0.9756613927595733,4011967.338488829,0.9970170897519478
Kenny Lala,Brest,FRA,2025-2026,Defensa,33.0,2791,32.0,0.999315537303217,1089.0,0.09673951988534575,3.41812970261555,right,0.5481906126836259,0.7416696524543174,0.0,178.0,0.8384091723396632,0.0,0.96875,0.8384091723396632,39,12,0.11937924498903714,0.007635981901620546,0.12898602651379432,1500000.0,1316145.650593289,1.1396914918374221,1503967.8174109124,0.9973617670770755
Mateus Fernandes,West Ham,ENG,2025-2026,Centrocampista,21.0,3016,36.0,4.999315537303217,441.0,0.11936339522546419,1.5218832891246685,right,1.4622015915119362,1.4622015915119362,0.08952254641909814,180.0,1.0742705570291777,0.0,0.9722222222222222,1.999336870026525,39,18,0.09955055082206977,0.05435936682516665,0.20888594164456234,50000000.0,37016008.063413374,1.3507669415444072,50058371.8512351,0.9988339242952493
Marco Friedl,Werder Bremen,GER,2025-2026,Defensa,27.0,2546,30.0,2.001368925393566,729.0,0.0,0.5302435192458759,left,0.6009426551453261,0.565593087195601,0.03534956794972506,187.0,1.237234878240377,0.0,0.9666666666666667,0.8483896307934015,32,15,0.010364448522910394,0.02577422207948596,0.31814611154752553,10000000.0,5341444.572179587,1.8721527228952375,10004531.100847108,0.9995470951310527
Tiago Gouveia,Nice,FRA,2025-2026,Centrocampista,24.0,532,15.0,0.999315537303217,576.0,0.0,0.6766917293233082,right,1.0150375939849623,1.5225563909774436,0.0,176.0,1.5225563909774436,0.0,0.3333333333333333,0.5075187969924811,32,16,0.10819340698925177,0.15276148670205944,0.5075187969924811,3500000.0,1980776.3077421102,1.7669839781099033,3501423.061886049,0.9995935761372171
Samuel Chukwueze,Fulham,ENG,2025-2026,Centrocampista,26.0,1079,23.0,2.001368925393566,676.0,0.3336422613531047,3.586654309545876,left,0.4170528266913809,1.0009267840593141,0.25023169601482853,172.0,0.5004633920296571,0.0,0.43478260869565216,0.3336422613531047,52,11,0.23655491276014945,0.19462472785944404,0.0,18000000.0,23037936.029554114,0.7813199922470824,17925186.59980287,1.004173646939773
Jaka Bijol,Leeds United,ENG,2025-2026,Defensa,26.0,1890,25.0,4.0,676.0,0.09523809523809525,0.04761904761904762,right,0.9047619047619048,0.47619047619047616,0.04761904761904762,190.0,1.0476190476190477,0.0,0.84,0.6190476190476191,47,14,0.06662775070539544,0.034213493090300334,0.1904761904761905,20000000.0,23515566.237831727,0.8505004641488964,19908967.05071333,1.004572459688882
Unai Núñez,Hellas Verona,ITA,2025-2026,Defensa,28.0,1265,17.0,0.999315537303217,784.0,0.0,0.782608695652174,right,1.9209486166007907,0.7114624505928854,0.0,186.0,1.6363636363636362,0.0,0.8823529411764706,1.2806324110671936,21,19,0.02676020904256421,0.028200706555379238,0.42687747035573126,3500000.0,2311407.0486309445,1.514229180045576,3483517.676540605,1.0047315171013467
Abdoulaye Ndiaye,Parma,ITA,2025-2026,Defensa,23.0,780,11.0,3.0006844626967832,529.0,0.0,0.0,left,1.5,1.3846153846153846,0.0,195.0,1.2692307692307692,0.0,0.8181818181818182,1.1538461538461537,45,12,,,0.5769230769230769,6000000.0,4410914.708476421,1.3602620763602264,5968921.932062165,1.0052066467431746
Eivind Helland,Bologna,ITA,2025-2026,Defensa,20.0,484,6.0,4.0,400.0,0.0,0.0,right,0.9297520661157025,0.1859504132231405,0.0,196.0,1.3016528925619835,0.0,1.0,0.9297520661157025,56,8,0.02786734187590682,0.018536062095283478,0.371900826446281,8000000.0,8226381.8342063865,0.9724809960479757,7942917.145352217,1.007186636043558
Jonas Wind,Wolfsburg,GER,2025-2026,Delantero,26.0,481,11.0,3.0006844626967832,676.0,0.0,0.0,right,0.37422037422037424,2.61954261954262,0.18711018711018712,190.0,0.0,0.0,0.45454545454545453,0.0,29,16,0.049094917512113485,0.2586312633077469,0.18711018711018712,4000000.0,3649333.507222863,1.0960905579287528,3965320.7819113843,1.0087456274021542
Yoel Lago,Celta Vigo,ESP,2025-2026,Defensa,21.0,938,12.0,3.0006844626967832,441.0,0.0,0.0,right,1.6311300639658848,1.3432835820895521,0.0,185.0,0.6716417910447761,0.0,0.9166666666666666,0.9594882729211087,54,6,0.007354478790625326,0.005552699165875469,0.3837953091684435,4000000.0,6127715.756966037,0.6527717927276192,3942973.7224736726,1.0144627587045016
Matthias Ginter,Freiburg,GER,2025-2026,Defensa,31.0,2833,32.0,0.999315537303217,961.0,0.0953053300388281,0.4765266501941405,right,0.5082950935404165,0.6036004235792446,0.0953053300388281,189.0,0.6989057536180727,0.0,1.0,0.44475820684786443,47,7,0.0669510850332417,0.06538591589259252,0.0953053300388281,5000000.0,4029870.160430038,1.240734763391592,4928644.964959408,1.014477617184418
Valentino Lazaro,Torino,ITA,2025-2026,Centrocampista,29.0,2252,31.0,,841.0,0.07992895204262877,5.395204262877442,right,1.4786856127886325,0.35968028419182946,0.0,181.0,0.8792184724689166,0.0,0.8387096774193549,0.9991119005328597,45,13,0.1480090901086878,0.016919844663912036,0.15985790408525755,2500000.0,3610694.345709454,0.6923876021161196,2461893.4924353845,1.0154785362086964
Sergi Altimira,Real Betis,ESP,2025-2026,Centrocampista,23.0,1186,24.0,4.999315537303217,529.0,0.15177065767284992,0.22765598650927485,right,1.0623946037099494,1.669477234401349,0.07588532883642496,188.0,1.5177065767284992,0.0,0.5416666666666666,2.7318718381112985,60,5,0.04216326956604222,0.038495028586225805,0.22765598650927485,20000000.0,14483243.039619304,1.380906192438355,19686750.377694942,1.0159116977812634
Luiz Felipe,Rayo Vallecano,ESP,2025-2026,Defensa,28.0,470,10.0,0.999315537303217,784.0,0.0,0.0,right,0.9574468085106382,0.19148936170212766,0.0,187.0,1.3404255319148937,0.0,0.7,1.5319148936170213,50,8,0.003793927583288639,0.04538406225595068,0.19148936170212766,2000000.0,1908745.2230346308,1.0478087781774705,1961134.9504280114,1.019817631399362
Mikkel Damsgaard,Brentford,ENG,2025-2026,Centrocampista,25.0,2054,33.0,4.0,625.0,0.17526777020447906,4.162609542356377,right,0.7887049659201558,1.0077896786757548,0.17526777020447906,180.0,1.0516066212268744,0.0,0.7272727272727273,1.489776046738072,53,9,0.2834382339651826,0.1303293202761579,0.0,30000000.0,47413799.175750665,0.6327271916936623,29248033.985627923,1.025709967881656
Weston McKennie,Juventus,ITA,2025-2026,Centrocampista,26.0,2835,36.0,4.0,676.0,0.15873015873015872,1.1428571428571428,right,1.3968253968253967,0.3492063492063492,0.15873015873015872,180.0,0.8253968253968255,0.0,0.8888888888888888,0.761904761904762,69,6,0.1711741119977974,0.274411701789451,0.15873015873015872,30000000.0,25494353.285883132,1.1767311633126132,29244521.71656791,1.0258331557190108
Hugo Magnetti,Brest,FRA,2025-2026,Centrocampista,27.0,2688,33.0,0.999315537303217,729.0,0.033482142857142856,0.8705357142857143,right,1.0379464285714286,1.1049107142857142,0.033482142857142856,180.0,1.4732142857142858,0.0,0.9393939393939394,1.5066964285714286,39,12,0.04082308400289289,0.020050342219682146,0.13392857142857142,6000000.0,4850291.899897588,1.2370389501973453,5830168.178646374,1.0291298323049503
Bazoumana Touré,Hoffenheim,GER,2025-2026,Centrocampista,19.0,2308,30.0,4.999315537303217,361.0,0.3509532062391681,4.601386481802426,left,1.7157712305025996,1.1308492201039861,0.1949740034662045,178.0,0.23396880415944543,0.0,0.9666666666666667,0.8578856152512998,61,5,0.281913664145153,0.20050338501323733,0.0779896013864818,50000000.0,61570750.99573741,0.8120739018346802,48493252.67454309,1.031071277803724
Kevin Stöger,Gladbach,GER,2025-2026,Centrocampista,31.0,1324,29.0,0.999315537303217,961.0,0.06797583081570997,4.146525679758308,left,1.5634441087613293,1.9712990936555892,0.06797583081570997,175.0,0.8836858006042296,0.0,0.5172413793103449,1.3595166163141994,38,12,0.1394139658279852,0.13964800622730636,0.20392749244712993,1800000.0,1420994.8865968122,1.2667181402115244,1743567.6738426895,1.032366008503093
Romain Perraud,Lille,FRA,2025-2026,Defensa,27.0,2241,30.0,2.001368925393566,729.0,0.1606425702811245,5.100401606425703,left,0.8433734939759037,1.7670682730923695,0.12048192771084337,173.0,0.9236947791164658,0.0,0.9,1.2449799196787148,61,3,0.16157054080511912,0.06444447812246511,0.1606425702811245,7000000.0,11679184.525000285,0.5993569144331872,6776201.158251758,1.0330271838928085
Cristian Cásseres Jr.,Toulouse,FRA,2025-2026,Centrocampista,25.0,2495,30.0,0.999315537303217,625.0,0.10821643286573146,3.535070140280561,right,1.406813627254509,1.5150300601202404,0.07214428857715431,176.0,1.3346693386773547,0.0,0.9333333333333333,1.5150300601202404,44,10,0.11336342244593797,0.06145694169527543,0.21643286573146292,9000000.0,8433060.15618849,1.0672282461302578,8710075.114738828,1.0332861521217622
Ander Guevara,Alavés,ESP,2025-2026,Centrocampista,28.0,654,25.0,0.999315537303217,784.0,0.13761467889908258,0.8256880733944955,,1.513761467889908,0.6880733944954128,0.13761467889908258,,1.2385321100917432,0.0,0.08,1.1009174311926606,43,14,0.12300140745596054,0.08875930750178636,0.5504587155963303,2500000.0,1554055.0583501526,1.608694612566752,2418871.302168138,1.0335398984473225
Tylel Tati,Nantes,FRA,2025-2026,Defensa,17.0,1721,20.0,4.0,289.0,0.0,0.05229517722254503,left,1.307379430563626,0.7844276583381754,0.0,192.0,0.7321324811156305,0.0,1.0,0.6798373038930854,23,17,0.0008086298139444414,0.025981446043011894,0.26147588611272515,25000000.0,10312135.554161351,2.424328100488508,24080197.655643214,1.0381974582397677
Charles Pickel,Espanyol,ESP,2025-2026,Centrocampista,28.0,707,24.0,2.001368925393566,784.0,0.0,0.2545968882602546,right,1.7821782178217822,0.2545968882602546,0.1272984441301273,187.0,0.7637906647807637,0.0,0.16666666666666666,0.7637906647807637,46,11,0.0044909904050987205,0.09948623188820047,0.5091937765205092,2500000.0,2271516.2239273805,1.1005864601211512,2402445.744240674,1.0406062263812577
Adam Marušić,Lazio,ITA,2025-2026,Defensa,32.0,2778,33.0,2.001368925393566,1024.0,0.06479481641468682,1.1339092872570196,right,0.712742980561555,0.5831533477321814,0.03239740820734341,185.0,1.0691144708423326,0.0,0.9696969696969697,0.5183585313174945,54,9,0.04974827019509821,0.056473906554249526,0.03239740820734341,2500000.0,2943134.862108402,0.8494344014562251,2397205.1922901953,1.042881105063684
Alberto Dossena,Cagliari,ITA,2025-2026,Defensa,26.0,859,12.0,2.001368925393566,676.0,0.10477299185098952,0.0,right,1.1525029103608846,0.8381839348079162,0.0,195.0,0.9429569266589057,0.0,0.75,1.362048894062864,43,14,0.06391520129475521,0.09412094524587755,0.5238649592549477,6000000.0,2571219.661086459,2.3335229155274595,5719629.975285615,1.0490189096018199
Luca Netz,Gladbach,GER,2025-2026,Centrocampista,22.0,940,15.0,4.0,484.0,0.19148936170212766,2.4893617021276593,left,0.7659574468085106,0.19148936170212766,0.0,185.0,0.6702127659574468,0.0,0.6666666666666666,0.9574468085106382,38,12,0.00938851053410388,0.0,0.09574468085106383,8000000.0,4014628.011616877,1.9927126440733494,7617375.406922021,1.0502305023237115
Nordi Mukiele,Sunderland,ENG,2025-2026,Defensa,27.0,2784,32.0,3.0006844626967832,729.0,0.09698275862068965,2.747844827586207,right,1.1314655172413792,0.8405172413793104,0.09698275862068965,187.0,1.1961206896551724,0.0,1.0,1.454741379310345,54,7,0.08899256322083288,0.08983488469625471,0.16163793103448276,16000000.0,28474087.49206657,0.5619144074224647,15204059.211582607,1.0523505451630337
Willi Orban,RB Leipzig,GER,2025-2026,Defensa,32.0,2949,33.0,0.999315537303217,1024.0,0.0,0.2441505595116989,right,0.6103763987792472,0.7019328585961343,0.061037639877924724,186.0,1.3733468972533063,0.0,1.0,1.007121057985758,65,3,0.021760971896494393,0.09590502958157358,0.12207527975584945,5000000.0,5250756.702716287,0.9522437018293826,4748437.294722275,1.052977998794957
Ibrahim Sulemana,Cagliari,ITA,2025-2026,Centrocampista,22.0,860,16.0,0.999315537303217,484.0,0.0,0.20930232558139533,right,1.255813953488372,1.0465116279069768,0.10465116279069767,180.0,0.627906976744186,0.0,0.4375,1.3604651162790697,43,14,,,0.20930232558139533,6000000.0,4229781.909476543,1.4185128520592047,5664571.639229766,1.0592151326054804
Gaetano Oristanio,Parma,ITA,2025-2026,Delantero,22.0,859,20.0,0.999315537303217,484.0,0.0,1.6763678696158324,left,1.362048894062864,2.0954598370197908,0.10477299185098952,174.0,0.20954598370197905,0.0,0.4,0.6286379511059371,45,12,0.06300116792685495,0.2513973711099697,0.10477299185098952,5000000.0,5216384.466215528,0.9585183056162818,4713935.360638386,1.0606848879919462
Matthieu Udol,Lens,FRA,2025-2026,Centrocampista,29.0,3002,34.0,2.001368925393566,841.0,0.20986009327115254,3.4477015323117923,left,0.8994003997335109,0.80946035976016,0.029980013324450366,178.0,1.5289806795469687,0.0,0.9705882352941176,0.6295802798134578,70,2,0.356806092253383,0.13170354677734028,0.05996002664890073,8000000.0,10831056.764627114,0.7386167549344775,7542043.955370935,1.0607204157571821
Kike Salas,Sevilla,ESP,2025-2026,Defensa,23.0,2203,26.0,3.0006844626967832,529.0,0.0,0.40853381752156154,,1.2664548343168407,0.8170676350431231,0.0817067635043123,,1.5115751248297777,0.0,0.9230769230769231,1.4298683613254655,43,15,0.01632494290532224,0.04477056421008074,0.04085338175215615,14000000.0,9655017.53377382,1.4500232600331562,13189263.974867908,1.0614693910651076
Juan Foyth,Villarreal,ESP,2025-2026,Defensa,27.0,934,13.0,3.0006844626967832,729.0,0.0,0.0,right,0.7708779443254818,0.09635974304068523,0.0,187.0,1.4453961456102784,0.0,0.9230769230769231,1.2526766595289078,72,3,0.0,0.007104860275696636,0.19271948608137046,8000000.0,5687703.122059061,1.4065431736359406,7522016.7356327465,1.063544562737143
Leopold Querfeld,Union Berlin,GER,2025-2026,Defensa,21.0,2705,31.0,0.999315537303217,441.0,0.0,0.099815157116451,right,1.530499075785582,0.9316081330868762,0.099815157116451,190.0,1.1645101663585953,2.0,0.967741935483871,0.8983364140480592,39,11,0.0765573668970198,0.12953551432079946,0.23290203327171904,20000000.0,13681505.769876879,1.4618273994398192,18777710.63069367,1.0650925660398878
Alessandro Marcandalli,Genoa,ITA,2025-2026,Defensa,22.0,2597,32.0,3.0006844626967832,484.0,0.0693107431651906,0.346553715825953,right,0.797073546399692,0.3812090874085483,0.0,190.0,0.6237966884867154,0.0,0.90625,0.8317289179822872,41,16,0.022634918197937823,0.009360149636158908,0.1386214863303812,14000000.0,10369001.862259014,1.3501781739433432,13085984.53926772,1.069846900551468
Sven Botman,Newcastle,ENG,2025-2026,Defensa,25.0,1835,25.0,4.0,625.0,0.04904632152588556,0.09809264305177112,left,0.6376021798365122,0.9318801089918256,0.04904632152588556,193.0,1.2261580381471389,0.0,0.84,0.6866485013623979,49,12,0.07274637446416496,0.07607231135873443,0.09809264305177112,35000000.0,34122609.20659402,1.0257128869628303,32667344.47208067,1.0714063406627052
Berat Djimsiti,Atalanta,ITA,2025-2026,Defensa,32.0,2525,34.0,2.001368925393566,1024.0,0.0,0.0712871287128713,right,0.6059405940594059,0.2851485148514852,0.0,190.0,1.497029702970297,0.0,0.8529411764705882,1.0693069306930694,59,7,,,0.1425742574257426,4000000.0,3630245.583052309,1.1018538301303575,3730915.221243987,1.0721229947075273
Noah Sadiki,Sunderland,ENG,2025-2026,Centrocampista,20.0,2889,33.0,4.0,400.0,0.031152647975077885,0.6542056074766356,right,0.9657320872274143,1.2461059190031152,0.0,165.0,1.0280373831775702,0.0,1.0,0.8099688473520249,54,7,0.02895942526489403,0.05043113549062953,0.2803738317757009,35000000.0,54206581.24813548,0.6456780559501506,32620418.90579099,1.0729475946057385
Marcus Tavernier,Bournemouth,ENG,2025-2026,Centrocampista,26.0,2731,34.0,3.0006844626967832,676.0,0.13181984621017942,3.756865616990113,left,1.0216038081288905,1.15342365433907,0.23068473086781396,178.0,0.5272793848407177,2.0,0.9117647058823529,0.6920541926034419,57,6,0.20296162068680154,0.3097020898489005,0.19772976931526912,25000000.0,42949583.953361064,0.5820778154020652,23250248.354219407,1.075257331410959
Luis Henrique,Inter,ITA,2025-2026,Centrocampista,23.0,1624,30.0,4.0,529.0,0.11083743842364532,2.1613300492610836,right,0.2770935960591133,0.0,0.05541871921182266,181.0,0.3879310344827586,0.0,0.6,0.8866995073891626,87,1,0.12137499614962803,0.06383963456845342,0.05541871921182266,22000000.0,23230202.678987563,0.9470429640245748,20446353.968785692,1.0759864586901984
Morgan Sanson,Nice,FRA,2025-2026,Centrocampista,30.0,1772,31.0,0.999315537303217,900.0,0.10158013544018057,1.9808126410835214,right,1.7776523702031604,1.0665914221218962,0.0,180.0,1.2189616252821671,0.0,0.6451612903225806,1.2697516930022574,32,16,0.07442259949234653,0.10600079587318055,0.20316027088036115,3500000.0,1607354.8536983174,2.1774905472472046,3241325.5391944824,1.0798051468998089
Arnaud Kalimuendo,Frankfurt,GER,2025-2026,Delantero,23.0,1417,19.0,4.0,529.0,0.06351446718419196,0.9527170077628794,right,0.5716302046577276,1.1432604093154553,0.38108680310515175,178.0,0.19054340155257588,0.0,0.8947368421052632,0.25405786873676783,44,8,,,0.25405786873676783,25000000.0,17097043.324968394,1.462241132856591,23139863.413851764,1.0803866709530678
Mateus Mane,Wolves,ENG,2025-2026,Centrocampista,17.0,1795,27.0,3.0006844626967832,289.0,0.05013927576601671,4.713091922005571,right,1.3036211699164344,2.3565459610027855,0.15041782729805014,175.0,0.25069637883008355,0.0,0.7037037037037037,0.6518105849582172,20,20,0.16454338054055956,0.098896987321151,0.0,20000000.0,35753639.089244016,0.5593836182682932,18496456.536132786,1.0812881894934874
Jack Harrison,Fiorentina,ITA,2025-2026,Delantero,28.0,981,15.0,4.0,784.0,0.27522935779816515,5.137614678899083,left,0.8256880733944955,0.6422018348623854,0.09174311926605505,175.0,0.1834862385321101,0.0,0.6666666666666666,0.5504587155963303,42,15,0.03101178538908652,0.039804432233539196,0.09174311926605505,6500000.0,4195324.76219062,1.5493437024422338,6005671.529309077,1.0823102742596702
Fer López,Celta Vigo,ESP,2025-2026,Centrocampista,21.0,1170,17.0,4.0,441.0,0.07692307692307693,1.3846153846153846,left,1.8461538461538463,1.3846153846153846,0.07692307692307693,188.0,0.46153846153846156,0.0,0.7647058823529411,0.8461538461538461,54,6,,,0.23076923076923078,16000000.0,13797674.111487951,1.1596157345590872,14759096.184756836,1.0840772225961077
Chancel Mbemba,Lille,FRA,2025-2026,Defensa,30.0,954,13.0,,900.0,0.0,0.0,right,0.9433962264150944,0.5660377358490566,0.0,182.0,1.2264150943396226,0.0,0.6923076923076923,0.7547169811320755,61,3,0.0552244314853594,0.03176182719334116,0.2830188679245283,2000000.0,3236334.0700787827,0.6179831737677544,1841456.0006024803,1.0860970880355805
Michael Folorunsho,Cagliari,ITA,2025-2026,Centrocampista,27.0,1999,27.0,0.999315537303217,729.0,0.0,0.9904952476238119,right,1.5757878939469734,2.206103051525763,0.09004502251125562,190.0,0.4502251125562781,0.0,0.8888888888888888,0.4502251125562781,43,14,0.042499884913650796,0.13268798022247244,0.13506753376688344,5000000.0,4678888.679897651,1.0686298268821761,4599397.514561021,1.0870989046219055
Andrew Omobamidele,Strasbourg,FRA,2025-2026,Defensa,23.0,1357,25.0,0.999315537303217,529.0,0.0,0.0,right,0.862196020633751,0.6632277081798084,0.06632277081798084,188.0,1.0611643330876934,0.0,0.52,0.26529108327192336,53,8,0.0,0.06193865762506018,0.26529108327192336,8000000.0,9107320.705101283,0.878414218521915,7352313.453250567,1.0880928908795477
Jesper Karlström,Udinese,ITA,2025-2026,Centrocampista,30.0,3146,36.0,2.001368925393566,900.0,0.0,0.42911633820724726,right,1.2015257469802925,0.8582326764144945,0.028607755880483154,182.0,1.0584869675778767,0.0,1.0,0.9726636999364273,50,10,0.025708370235762206,0.027016070221408072,0.17164653528289892,4000000.0,3924047.312027441,1.019355701379991,3664817.7624655236,1.0914594556289698
Morten Frendrup,Genoa,ITA,2025-2026,Centrocampista,24.0,3081,36.0,2.001368925393566,576.0,0.0,0.1460564751703992,right,1.1976630963972736,1.139240506329114,0.029211295034079845,178.0,1.1976630963972736,0.0,0.9722222222222222,2.074001947419669,41,16,0.039676898118279,0.008010729129889574,0.1460564751703992,15000000.0,11686596.692681389,1.283521661134554,13742860.447687773,1.0914758290020867
Tijjani Noslin,Lazio,ITA,2025-2026,Delantero,26.0,1148,29.0,3.0006844626967832,676.0,0.156794425087108,0.7839721254355401,right,1.489547038327526,1.8031358885017421,0.313588850174216,178.0,0.23519163763066203,0.0,0.3103448275862069,0.47038327526132406,54,9,0.18717924653769888,0.3386212732295671,0.47038327526132406,8000000.0,9130119.231840486,0.8762207586622424,7328966.617587927,1.0915590720254802
M'Bala Nzola,Pisa,ITA,2025-2026,Delantero,28.0,1052,16.0,0.999315537303217,784.0,0.0,0.5988593155893536,left,1.5399239543726235,1.4543726235741445,0.2566539923954373,185.0,0.08555133079847908,2.0,0.6875,0.17110266159695817,18,20,0.10598505225684139,0.6259903056412481,0.08555133079847908,4000000.0,3231637.02577958,1.2377627710324506,3660506.712812476,1.092744888569452
Francisco Conceição,Juventus,ITA,2025-2026,Centrocampista,22.0,2078,31.0,4.0,484.0,0.21655437921077958,3.984600577478344,left,1.3859480269489894,1.7324350336862366,0.12993262752646775,166.0,0.30317613089509143,0.0,0.8709677419354839,1.1260827718960538,69,6,0.18032074564417128,0.3676119263358306,0.12993262752646775,30000000.0,30722290.436677262,0.9764896944071928,27450341.125487827,1.092882593438695
Nicolas Jackson,Bayern Munich,GER,2025-2026,Delantero,24.0,1007,23.0,4.999315537303217,576.0,0.08937437934458788,0.6256206554121152,right,1.3406156901688182,0.8937437934458788,0.714995034756703,187.0,0.3574975173783515,0.0,0.5217391304347826,0.3574975173783515,89,1,0.18675970413020135,0.7589673746077579,0.17874875868917575,40000000.0,33363289.1524804,1.1989225587797356,36543587.62357708,1.094583279891023
Mikel Jauregizar,Athletic Club,ESP,2025-2026,Centrocampista,21.0,2831,36.0,4.999315537303217,441.0,0.0,2.288943836100318,,1.5577534440127165,1.0808901448251502,0.06358177322500883,,1.525962557400212,0.0,0.9444444444444444,1.4305898975626985,45,12,0.05018984726871946,0.044843788567637016,0.1907453196750265,30000000.0,15789143.662962701,1.900039713386885,27375114.764650647,1.0958858166592549
Ardian Ismajli,Torino,ITA,2025-2026,Defensa,28.0,1906,25.0,0.999315537303217,784.0,0.0472193074501574,0.3777544596012592,right,0.9916054564533054,0.8499475341028332,0.0,187.0,1.6998950682056664,0.0,0.84,0.6610703043022036,45,13,0.025452735725348542,0.03535931966104325,0.23609653725078697,5000000.0,4974361.610003172,1.0051541065983765,4558026.682209127,1.0969659347357448
Anastasios Douvikas,Como,ITA,2025-2026,Delantero,25.0,2273,38.0,3.0006844626967832,625.0,0.03959524857017158,0.15838099428068633,right,1.4254289485261769,1.6630004399472065,0.5543334799824021,186.0,0.15838099428068633,1.0,0.6578947368421053,0.3959524857017158,71,4,,,0.0,25000000.0,28419061.417060103,0.8796912619004502,22778183.259274963,1.0975414375867902
Yannick Gerhardt,Wolfsburg,GER,2025-2026,Centrocampista,31.0,1068,19.0,,961.0,0.0,0.6741573033707865,left,1.6853932584269664,1.1797752808988764,0.08426966292134831,184.0,0.8426966292134832,0.0,0.631578947368421,0.6741573033707865,29,16,0.07624336717168936,0.09709320313642535,0.08426966292134831,1800000.0,1489739.8292506554,1.2082646678684872,1638057.486051278,1.0988625340244333
Wouter Burger,Hoffenheim,GER,2025-2026,Centrocampista,24.0,2430,30.0,,576.0,0.1851851851851852,3.2962962962962963,left,2.111111111111111,0.4444444444444444,0.14814814814814814,191.0,0.7037037037037037,0.0,1.0,1.5555555555555554,61,5,0.2178709269673736,0.15601109561544876,0.2592592592592593,20000000.0,23785941.942576885,0.840832793096159,18173052.33026538,1.100530589827886
Patrick Dorgu,Manchester Utd,ENG,2025-2026,Centrocampista,20.0,1449,26.0,4.0,400.0,0.2484472049689441,3.5403726708074537,left,1.4285714285714284,2.919254658385093,0.2484472049689441,185.0,0.9937888198757764,0.0,0.5769230769230769,1.8633540372670807,78,2,0.19324763290445257,0.18554564634835496,0.3105590062111801,35000000.0,68806983.17198788,0.5086693005056631,31775401.17502232,1.1014809791768243
James Justin,Leeds United,ENG,2025-2026,Defensa,27.0,1901,29.0,3.0006844626967832,729.0,0.04734350341925302,1.7990531299316148,both,0.6154655444502893,1.4676486059968437,0.09468700683850605,183.0,1.2309310889005787,0.0,0.7241379310344828,1.7990531299316148,47,14,0.12180304861206685,0.12133036782746563,0.1893740136770121,12000000.0,13435967.613231452,0.893125106090808,10889119.446736496,1.1020174825611302
Jake O'Brien,Everton,ENG,2025-2026,Defensa,24.0,3120,37.0,2.001368925393566,576.0,0.028846153846153848,1.4134615384615383,right,0.6634615384615384,0.49038461538461536,0.028846153846153848,197.0,0.375,0.0,0.9459459459459459,0.9230769230769231,49,13,0.02089717683310692,0.03769803548661562,0.17307692307692307,18000000.0,27311351.575894885,0.659066613747775,16318054.857354958,1.1030726491207343
Dayann Methalie,Toulouse,FRA,2025-2026,Centrocampista,19.0,1871,27.0,4.999315537303217,361.0,0.04810261892036344,2.068412613575628,left,2.7418492784607165,0.5291288081239979,0.09620523784072688,188.0,1.1063602351683592,0.0,0.8148148148148148,1.443078567610903,44,10,0.09804238938093823,0.07102252762189273,0.43292357028327094,18000000.0,9196072.214119645,1.957357400082484,16300559.60393729,1.1042565677102412
Viktor Tsyhankov,Girona,ESP,2025-2026,Centrocampista,27.0,2630,32.0,0.999315537303217,729.0,0.17110266159695817,4.106463878326997,,0.752851711026616,1.1977186311787071,0.20532319391634982,,0.7186311787072244,0.0,0.96875,0.752851711026616,41,19,,,0.10266159695817491,15000000.0,5555996.7810118245,2.699785581457499,13576393.205367247,1.104858983759394
Juan Cuadrado,Pisa,ITA,2025-2026,Centrocampista,37.0,506,19.0,,1369.0,0.0,8.003952569169961,right,1.6007905138339922,2.8458498023715415,0.17786561264822134,176.0,0.8893280632411067,1.0,0.10526315789473684,1.7786561264822134,18,20,0.14871659684970445,0.17040884679941673,0.533596837944664,800000.0,466247.43224069924,1.7158271438736883,723665.6781355646,1.1054828550956035
Corentin Tolisso,Lyon,FRA,2025-2026,Centrocampista,30.0,2302,30.0,3.0006844626967832,900.0,0.15638575152041703,1.9157254561251087,right,1.6420503909643787,2.150304083405734,0.4300608166811469,181.0,0.6646394439617723,2.0,0.8666666666666667,0.7037358818418766,60,4,0.17675779411548198,0.4127378944310802,0.15638575152041703,10000000.0,8320467.77846954,1.2018555045518597,9043265.113588085,1.1057952934470934
Alejandro Garnacho,Chelsea,ENG,2025-2026,Centrocampista,21.0,1268,24.0,0.999315537303217,441.0,0.28391167192429023,4.329652996845426,right,0.638801261829653,1.6324921135646688,0.07097791798107256,180.0,0.28391167192429023,0.0,0.5833333333333334,0.9227129337539433,52,10,0.29945327621247114,0.29184670199284607,0.14195583596214512,28000000.0,24547731.73084637,1.1406349192261847,25273418.625405684,1.1078833621603317
Pol Lozano,Espanyol,ESP,2025-2026,Centrocampista,25.0,2157,33.0,0.999315537303217,625.0,0.041724617524339355,1.2100139082058414,right,2.6703755215577187,1.2100139082058414,0.08344923504867871,176.0,0.9596662030598053,0.0,0.8484848484848485,0.7927677329624477,46,11,0.05480319295228771,0.03005145814513298,0.5006954102920723,6000000.0,5244387.485864821,1.1440802221749973,5414526.77224216,1.1081300827173481
Morten Thorsby,Cremonese,ITA,2025-2026,Centrocampista,29.0,643,11.0,2.001368925393566,841.0,0.0,0.0,right,1.3996889580093312,0.8398133748055988,0.13996889580093314,188.0,0.4199066874027994,0.0,0.7272727272727273,0.8398133748055988,34,18,0.11145584715434681,0.3805702295397665,0.27993779160186627,2800000.0,1186344.4278619252,2.3601914707403027,2523586.771292295,1.1095318900273667
Caio Henrique,Monaco,FRA,2025-2026,Defensa,28.0,1536,22.0,4.0,784.0,0.1171875,5.2734375,left,0.76171875,0.99609375,0.0,178.0,0.703125,0.0,0.7727272727272727,0.64453125,54,7,0.18738869275694015,0.01119203181588091,0.1171875,12000000.0,7447423.230514689,1.6112955620451133,10811364.223455334,1.1099431812653127
Diego Gómez,Brighton,ENG,2025-2026,Centrocampista,22.0,2120,32.0,4.999315537303217,484.0,0.04245283018867924,0.9764150943396226,right,2.080188679245283,0.46698113207547165,0.2122641509433962,183.0,0.8066037735849056,0.0,0.8125,2.080188679245283,53,8,0.08883027161278252,0.2724516410204881,0.3820754716981132,25000000.0,55489951.77537071,0.4505320188635717,22493369.76936495,1.111438626419105
Lukas Ullrich,Gladbach,GER,2025-2026,Defensa,21.0,1305,23.0,3.0006844626967832,441.0,0.0,2.6206896551724137,left,1.1724137931034482,0.7586206896551724,0.0,180.0,1.4482758620689655,0.0,0.6086956521739131,1.1724137931034482,38,12,0.06249838373784362,0.0521790819435284,0.13793103448275862,6000000.0,5093842.867814806,1.177892635422797,5396117.180134712,1.1119106201193008
Mikel Oyarzabal,Real Sociedad,ESP,2025-2026,Delantero,28.0,2710,34.0,2.001368925393566,784.0,0.13284132841328414,0.6974169741697417,,0.929889298892989,1.3948339483394834,0.49815498154981547,,0.16605166051660517,7.0,0.8823529411764706,0.6642066420664207,46,10,0.19784906287282375,0.532302988871822,0.0996309963099631,25000000.0,9880659.518716061,2.5301954745677357,22300709.019087985,1.1210405901714422
Conrad Harder,RB Leipzig,GER,2025-2026,Delantero,20.0,932,29.0,0.999315537303217,400.0,0.28969957081545067,1.255364806866953,left,2.0278969957081547,1.7381974248927041,0.28969957081545067,185.0,0.6759656652360515,0.0,0.27586206896551724,0.5793991416309013,65,3,0.271958043527002,0.45185790892866295,0.28969957081545067,17000000.0,15910689.684278369,1.0684640538742955,15151095.85877208,1.1220310503254756
Mattia Zaccagni,Lazio,ITA,2025-2026,Delantero,30.0,2104,26.0,3.0006844626967832,900.0,0.0,2.3526615969581752,right,1.2832699619771863,3.5076045627376424,0.12832699619771865,177.0,0.8555133079847909,0.0,1.0,0.8982889733840305,54,9,0.11930968198117874,0.2730731309759838,0.2566539923954373,7500000.0,7210323.559892571,1.0401752345371509,6679480.030486834,1.1228418927473554
Anton Stach,Leeds United,ENG,2025-2026,Centrocampista,26.0,2370,29.0,3.0006844626967832,676.0,0.11392405063291139,5.886075949367089,right,1.3670886075949367,0.9113924050632911,0.18987341772151897,194.0,0.7215189873417721,0.0,0.9655172413793104,1.3291139240506329,47,14,0.2262586677046139,0.1109153229884709,0.11392405063291139,28000000.0,25615927.499041814,1.0930699269447637,24930597.751727644,1.1231178762274021
Unai Núñez,Valencia,ESP,2025-2026,Defensa,28.0,911,13.0,0.999315537303217,784.0,0.0,0.3951701427003293,right,1.1855104281009878,0.6915477497255763,0.0,186.0,1.0867178924259056,0.0,0.7692307692307693,1.0867178924259056,49,9,0.03715879740817094,0.03915904916855625,0.29637760702524696,3500000.0,2842889.0887364037,1.2311419442520941,3109724.351934534,1.1255016856470506
Juanlu Sánchez,Sevilla,ESP,2025-2026,Centrocampista,21.0,1990,32.0,,441.0,0.135678391959799,2.6683417085427137,right,1.0402010050251256,1.899497487437186,0.0,186.0,0.4974874371859297,0.0,0.71875,1.899497487437186,43,15,0.08586888485143532,0.033896726092801026,0.271356783919598,10000000.0,6721674.144027243,1.4877246033840865,8883695.811038904,1.1256576331186368
Lennart Karl,Bayern Munich,GER,2025-2026,Centrocampista,17.0,1281,26.0,3.0006844626967832,289.0,0.351288056206089,2.037470725995316,left,0.351288056206089,0.7728337236533959,0.351288056206089,168.0,0.7728337236533959,0.0,0.6153846153846154,1.053864168618267,89,1,0.19607426642289766,0.5003300702212427,0.0702576112412178,60000000.0,93635236.6402659,0.6407844114338281,53227490.62527484,1.127237059180642
Luka Vušković,Hamburger SV,GER,2025-2026,Defensa,18.0,2442,28.0,4.999315537303217,324.0,0.0,0.07371007371007371,right,1.0687960687960687,1.1793611793611793,0.22113022113022113,193.0,1.4742014742014742,1.0,0.9642857142857143,0.6265356265356266,38,13,0.02090145146167615,0.17256007884475758,0.22113022113022113,60000000.0,25056156.30238561,2.3946210773871717,53159083.02917656,1.1286876405875694
Junior Firpo,Real Betis,ESP,2025-2026,Defensa,28.0,827,12.0,2.001368925393566,784.0,0.10882708585247883,2.0677146311970978,left,1.1970979443772671,0.8706166868198306,0.0,184.0,1.0882708585247884,0.0,0.8333333333333334,1.5235792019347039,60,5,0.10419184191123174,0.048410398333796276,0.21765417170495766,3500000.0,4463900.5365475435,0.7840676492104278,3100885.3613247806,1.1287098980352848
Freddie Potts,West Ham,ENG,2025-2026,Centrocampista,21.0,1171,22.0,4.0,441.0,0.07685738684884715,2.6131511528608025,right,1.1528608027327072,1.0760034158838598,0.0,183.0,1.2297181895815543,0.0,0.5454545454545454,1.3834329632792486,39,18,0.0928060898285305,0.01634240805797349,0.07685738684884715,10000000.0,14766341.574849978,0.6772158120080327,8851614.809995178,1.1297373659671763
Alex Král,Union Berlin,GER,2025-2026,Centrocampista,27.0,459,20.0,2.001368925393566,729.0,0.0,2.549019607843137,right,0.7843137254901962,2.156862745098039,0.0,186.0,0.3921568627450981,0.0,0.1,0.9803921568627452,39,11,0.0533582996942249,0.07029009946421082,0.19607843137254904,2500000.0,2306633.5534900967,1.083830587748681,2209568.7396048345,1.131442509657838
Quilindschy Hartman,Burnley,ENG,2025-2026,Defensa,23.0,1825,21.0,0.999315537303217,529.0,0.24657534246575344,3.649315068493151,left,0.6410958904109588,0.14794520547945206,0.0,183.0,1.5780821917808219,0.0,1.0,1.5287671232876712,22,19,0.13759542677602538,0.018614745094147445,0.049315068493150684,16000000.0,13354348.754644936,1.1981115885141795,14134339.557120299,1.131994879232957
Antonio Nusa,RB Leipzig,GER,2025-2026,Delantero,20.0,2027,31.0,3.0006844626967832,400.0,0.1332017760236803,3.0192402565367535,right,0.399605328071041,2.8416378885051805,0.17760236803157378,183.0,0.3108041440552541,0.0,0.7741935483870968,0.6216082881105082,65,3,0.21083748885157017,0.2310713261115945,0.0,32000000.0,42389017.49458512,0.7549125195951466,28247660.312496822,1.1328371853099328
Endrick,Lyon,FRA,2025-2026,Delantero,19.0,1215,16.0,4.0,361.0,0.5185185185185186,3.851851851851852,left,1.5555555555555554,1.5555555555555554,0.3703703703703704,172.0,0.14814814814814814,1.0,0.875,0.6666666666666667,60,4,0.0,0.0,0.2962962962962963,40000000.0,28485869.147653174,1.4042050039851224,35297837.891597904,1.133213884738288
Tyrone Mings,Aston Villa,ENG,2025-2026,Defensa,32.0,1324,17.0,0.999315537303217,1024.0,0.0,0.2719033232628399,left,0.6797583081570997,0.5438066465256798,0.0,196.0,0.7477341389728097,0.0,0.8823529411764706,0.13595166163141995,65,4,0.04821627302337269,0.10142792356721043,0.06797583081570997,3000000.0,5819142.6762196645,0.5155398598937453,2642675.045784964,1.135213353145694
Felipe Loyola,Pisa,ITA,2025-2026,Centrocampista,24.0,538,11.0,4.0,576.0,0.0,0.6691449814126393,right,1.3382899628252787,0.33457249070631967,0.16728624535315983,180.0,1.003717472118959,0.0,0.5454545454545454,1.171003717472119,18,20,0.09090597696297674,0.1262875016411718,0.0,7000000.0,2773664.085852168,2.52373747625223,6160241.101069642,1.1363191610770795
Maxence Caqueret,Como,ITA,2025-2026,Centrocampista,25.0,1485,30.0,3.0006844626967832,625.0,0.36363636363636365,2.1818181818181817,right,1.5757575757575757,1.393939393939394,0.12121212121212122,174.0,0.8484848484848484,0.0,0.5666666666666667,1.393939393939394,71,4,0.16848488027850786,0.10517889566042206,0.18181818181818182,13000000.0,15291757.167485528,0.8501312084422559,11415908.071224432,1.1387617979132574
Jeremy Doku,Manchester City,ENG,2025-2026,Centrocampista,23.0,1784,30.0,4.999315537303217,529.0,0.2522421524663677,3.12780269058296,right,1.1603139013452914,3.0773542600896864,0.2522421524663677,173.0,0.6053811659192826,0.0,0.6333333333333333,0.8071748878923767,78,2,0.3810578174659389,0.20179093682265636,0.0,75000000.0,122877618.91580671,0.6103633897023062,65750395.428422615,1.1406775504741522
Derry Scherhant,Freiburg,GER,2025-2026,Centrocampista,22.0,1301,31.0,,484.0,0.06917755572636433,4.980784012298232,right,1.3143735588009224,2.490392006149116,0.34588777863182163,185.0,0.48424289008455035,0.0,0.3870967741935484,0.622598001537279,47,7,0.13592286625280003,0.2294174784423639,0.13835511145272866,7500000.0,11818745.194957903,0.6345851337246563,6574140.768274251,1.1408334966287605
Vitor Reis,Girona,ESP,2025-2026,Defensa,19.0,3138,36.0,3.0006844626967832,361.0,0.028680688336520075,0.0,,1.147227533460803,0.6883365200764818,0.028680688336520075,,1.0038240917782026,0.0,0.9722222222222222,0.9177820267686424,41,19,0.024817616876435553,0.056534061247543434,0.25812619502868067,30000000.0,11879268.555125399,2.5254080131942365,26284362.575751092,1.141363040992168
Djaoui Cissé,Rennes,FRA,2025-2026,Centrocampista,21.0,981,24.0,4.0,441.0,0.0,2.4770642201834865,right,1.651376146788991,0.9174311926605505,0.0,188.0,0.45871559633027525,0.0,0.5,2.018348623853211,59,6,0.07695872968900094,0.07030395620049687,0.27522935779816515,10000000.0,12266409.62923799,0.815234473840184,8758339.631817823,1.141768922007934
Clément Akpa,Auxerre,FRA,2025-2026,Defensa,23.0,1944,26.0,2.001368925393566,529.0,0.0,1.3888888888888888,left,0.5555555555555556,1.3888888888888888,0.0,181.0,1.0648148148148149,0.0,0.8076923076923077,0.8796296296296297,34,15,0.01959642429870588,0.010916656745528733,0.1851851851851852,9000000.0,5271268.103086553,1.7073690474461194,7864561.555194255,1.1443740298600409
Jordan Zemura,Udinese,ITA,2025-2026,Centrocampista,25.0,1127,17.0,0.999315537303217,625.0,0.07985803016858918,2.7950310559006213,left,2.076308784383319,0.878438331854481,0.0,173.0,0.479148181011535,0.0,0.7647058823529411,1.3575865128660158,50,10,0.10142218071997113,0.02645813705467395,0.2395740905057675,5000000.0,3754020.5000387626,1.3319053531935618,4353925.781079572,1.148388891176788
Luca Marianucci,Torino,ITA,2025-2026,Defensa,21.0,575,10.0,4.0,441.0,0.0,1.0956521739130434,right,1.4086956521739131,0.4695652173913044,0.0,186.0,1.2521739130434784,0.0,0.6,0.782608695652174,45,13,0.1525607930901258,0.004619559402699056,0.3130434782608696,7000000.0,4208910.78712411,1.6631381262378815,6095366.3505291445,1.1484133352201749
João Pedro,Chelsea,ENG,2025-2026,Delantero,23.0,2661,35.0,8.0,529.0,0.16910935738444194,0.6087936865839909,right,1.2852311161217587,1.8602029312288613,0.5073280721533258,186.0,0.2029312288613303,0.0,0.8857142857142857,0.5749718151071026,52,10,0.1347317759959781,0.5318063790694703,0.16910935738444194,80000000.0,101019032.52264069,0.7919299759881402,69570952.83732252,1.1499051937245086
Armindo Sieb,Mainz 05,GER,2025-2026,Delantero,22.0,548,22.0,3.0006844626967832,484.0,0.0,2.1350364963503647,both,2.627737226277372,0.3284671532846715,0.3284671532846715,175.0,0.0,0.0,0.13636363636363635,0.656934306569343,40,10,0.09836894830512087,0.47077906379190676,0.16423357664233576,2500000.0,3364509.008188989,0.7430504700433757,2172887.8980814847,1.1505425577671695
Timothy Weah,Marseille,FRA,2025-2026,Centrocampista,25.0,2253,29.0,4.0,625.0,0.07989347536617843,2.4766977363515315,right,1.2782956058588548,0.7190412782956058,0.07989347536617843,183.0,0.5992010652463382,0.0,0.896551724137931,1.3981358189081226,59,5,0.15116534254125527,0.11133263337756998,0.1997336884154461,20000000.0,14896112.892653108,1.3426321446492375,17371315.772384252,1.1513232654370749
Álex Moreno,Girona,ESP,2025-2026,Defensa,32.0,2559,31.0,0.999315537303217,1024.0,0.10550996483001171,2.321219226260258,,1.1254396248534584,0.7033997655334114,0.0,,1.0199296600234466,0.0,0.9032258064516129,0.984759671746776,41,19,0.10262168363033676,0.05529866919602766,0.17584994138335286,3000000.0,1624211.8249716938,1.8470497221335542,2605513.9419892337,1.1514043166890857
Breel Embolo,Rennes,FRA,2025-2026,Delantero,28.0,1872,31.0,4.0,784.0,0.14423076923076922,0.33653846153846156,right,2.3076923076923075,2.7884615384615383,0.38461538461538464,184.0,0.19230769230769232,0.0,0.6451612903225806,0.6730769230769231,59,6,0.0704707810207485,0.4343967591949667,0.14423076923076922,15000000.0,12470741.835909763,1.2028153735656033,13023458.587373272,1.1517677811440241
Lucas Høgsberg,Strasbourg,FRA,2025-2026,Defensa,19.0,1792,24.0,4.0,361.0,0.0,0.0,right,0.8035714285714285,0.6529017857142857,0.0,187.0,0.6529017857142857,0.0,0.875,0.4520089285714286,53,8,0.0,0.010859456794735576,0.20089285714285712,18000000.0,17137486.953129586,1.0503290271922223,15612373.243507627,1.1529316984197302
Juan Jesus,Napoli,ITA,2025-2026,Defensa,34.0,1675,24.0,0.999315537303217,1156.0,0.0,0.05373134328358209,left,2.0955223880597016,0.10746268656716418,0.0,185.0,1.3970149253731343,0.0,0.7916666666666666,1.182089552238806,76,2,0.014620515370546882,0.011145021421695822,0.5373134328358209,1500000.0,1848980.1302559297,0.8112580419089603,1299544.835055111,1.1542502878989844
Jordan Teze,Monaco,FRA,2025-2026,Centrocampista,25.0,2489,33.0,3.0006844626967832,625.0,0.07231820008035356,2.314182402571314,right,1.157091201285657,0.9039775010044195,0.03615910004017678,183.0,1.0847730012053034,0.0,0.8484848484848485,1.627159501807955,54,7,0.15130972480734411,0.028100252355789026,0.2892728003214142,15000000.0,15421221.918743668,0.9726855679165284,12992999.738145802,1.154467813615196
Can Uzun,Frankfurt,GER,2025-2026,Centrocampista,19.0,1156,21.0,3.0006844626967832,361.0,0.31141868512110726,1.8685121107266436,right,1.1678200692041523,2.0242214532871974,0.6228373702422145,186.0,0.23356401384083045,1.0,0.7142857142857143,0.7006920415224913,44,8,0.20491933815864438,0.35383379143247035,0.23356401384083045,45000000.0,19051127.360586993,2.3620649396894002,38933043.69258412,1.155830516497006
Felix Agu,Werder Bremen,GER,2025-2026,Defensa,25.0,744,11.0,0.999315537303217,625.0,0.0,1.6935483870967742,right,0.967741935483871,1.6935483870967742,0.0,180.0,1.3306451612903227,0.0,0.8181818181818182,1.6935483870967742,32,15,0.05409085349510274,0.009910652410208939,0.12096774193548387,4500000.0,2729202.9179934175,1.6488330604997739,3886797.135324623,1.1577655955085402
Noahkai Banks,Augsburg,GER,2025-2026,Defensa,18.0,1725,23.0,3.0006844626967832,324.0,0.05217391304347826,0.20869565217391303,right,1.5130434782608697,0.9391304347826088,0.05217391304347826,193.0,0.9391304347826088,0.0,0.8695652173913043,1.5130434782608697,43,9,0.04830846574319446,0.06421901203044082,0.41739130434782606,20000000.0,12319486.574564414,1.6234442790248464,17257077.321884353,1.1589447985283836
Jackson Tchatchoua,Wolves,ENG,2025-2026,Centrocampista,23.0,1845,31.0,4.0,529.0,0.04878048780487805,4.390243902439025,right,0.3902439024390244,0.43902439024390244,0.0,180.0,0.6829268292682927,0.0,0.6129032258064516,0.7317073170731708,20,20,0.10941253779683172,0.0051465903113528,0.14634146341463414,12000000.0,13647581.422690012,0.8792766738910385,10345691.34650133,1.1599031517655047
Aurèle Amenda,Frankfurt,GER,2025-2026,Defensa,22.0,1678,24.0,,484.0,0.0,0.3218116805721096,right,1.1799761620977354,0.6972586412395709,0.0,194.0,1.5554231227651967,0.0,0.75,0.6436233611442193,44,8,0.018026784719528545,0.05412318058871399,0.26817640047675806,10000000.0,11751278.755880317,0.8509712183447287,8616609.040032668,1.1605493476076394
Mario Gila,Lazio,ITA,2025-2026,Defensa,24.0,2472,31.0,4.999315537303217,576.0,0.0,0.03640776699029127,right,0.691747572815534,0.9101941747572815,0.0,185.0,0.9466019417475728,0.0,1.0,1.2378640776699028,54,9,0.026151316412227243,0.059177830275057734,0.14563106796116507,30000000.0,19921939.461357646,1.5058774803623236,25820093.159208775,1.161885815632716
Eric García,Barcelona,ESP,2025-2026,Defensa,24.0,2721,34.0,4.999315537303217,576.0,0.03307607497243661,0.46306504961411243,,1.091510474090408,0.7938257993384785,0.03307607497243661,,1.65380374862183,0.0,0.9411764705882353,1.4553472987872107,94,1,0.06500220057670573,0.11061312150222463,0.19845644983461963,40000000.0,57051044.11427699,0.7011265196107082,34413855.62989926,1.1623225374737556
Fermin López,Barcelona,ESP,2025-2026,Centrocampista,22.0,1797,30.0,4.999315537303217,484.0,0.4507512520868113,1.8030050083472453,right,1.702838063439065,1.001669449081803,0.3005008347245409,176.0,0.35058430717863104,0.0,0.6333333333333333,1.1018363939899833,94,1,0.38303363452570666,0.376781890967951,0.15025041736227046,100000000.0,74284575.72216402,1.3461744787237624,85847999.49169181,1.164849508341517
Sergi Roberto,Como,ITA,2025-2026,Centrocampista,33.0,544,20.0,2.001368925393566,1089.0,0.0,0.33088235294117646,right,1.4889705882352942,1.4889705882352942,0.0,178.0,0.8272058823529412,0.0,0.25,1.1580882352941175,71,4,0.05737376789671971,0.17901492537930608,0.4963235294117647,1400000.0,1742355.7114025478,0.8035098635932608,1200889.165442676,1.1658028403345009
Ali Abdi,Nice,FRA,2025-2026,Centrocampista,31.0,1187,22.0,0.999315537303217,961.0,0.0,2.5021061499578767,left,1.6680707666385846,1.3647851727042966,0.22746419545071608,177.0,0.7582139848357202,0.0,0.5909090909090909,0.8340353833192923,32,16,0.15538543211680655,0.18223918566406527,0.3032855939342881,2000000.0,1604515.2733233618,1.2464823696302298,1715034.4740566043,1.1661573165170034
Roony Bardghji,Barcelona,ESP,2025-2026,Centrocampista,19.0,648,21.0,3.0006844626967832,361.0,0.1388888888888889,7.5,left,0.9722222222222222,1.1111111111111112,0.1388888888888889,173.0,0.2777777777777778,0.0,0.3333333333333333,0.5555555555555556,94,1,0.2650706964131031,0.24360922967187232,0.0,15000000.0,27627826.5896076,0.542930872660188,12858739.58694026,1.1665217962135628
Nicolò Casale,Bologna,ITA,2025-2026,Defensa,27.0,678,12.0,2.001368925393566,729.0,0.0,0.2654867256637168,right,1.991150442477876,0.6637168141592921,0.0,191.0,0.9292035398230089,0.0,0.6666666666666666,0.2654867256637168,56,8,0.027203573556864157,0.0990829071178373,0.0,3800000.0,4670339.682693562,0.8136453145113411,3255866.351941034,1.1671240736692317
Nathaniel Brown,Frankfurt,GER,2025-2026,Centrocampista,22.0,2656,33.0,4.999315537303217,484.0,0.13554216867469882,1.5248493975903614,left,0.9149096385542168,1.118222891566265,0.13554216867469882,176.0,0.8471385542168676,0.0,0.8787878787878788,1.9314759036144578,44,8,0.10775646287386854,0.07000754197431078,0.1016566265060241,50000000.0,16391440.544241203,3.050372532240095,42738662.02443334,1.1699009194863288
Tom Rothe,Union Berlin,GER,2025-2026,Centrocampista,20.0,1029,21.0,,400.0,0.0,3.0612244897959187,left,0.8746355685131195,0.5247813411078717,0.1749271137026239,193.0,1.8367346938775508,0.0,0.47619047619047616,1.3119533527696792,39,11,0.07898077042909128,0.13994775506132892,0.08746355685131195,10000000.0,5187628.118861406,1.9276632346951703,8544451.87311989,1.1703500878106807
Óscar Mingueza,Celta Vigo,ESP,2025-2026,Centrocampista,26.0,1968,34.0,4.0,676.0,0.1829268292682927,3.1097560975609757,right,0.6859756097560975,1.2804878048780488,0.04573170731707318,184.0,0.4115853658536585,0.0,0.6176470588235294,0.9146341463414633,54,6,0.18734268145635724,0.02270874237959705,0.1829268292682927,18000000.0,11417536.692336434,1.5765221943260126,15360986.001309862,1.1717997788986398
Raúl Asencio,Real Madrid,ESP,2025-2026,Defensa,22.0,1708,23.0,4.999315537303217,484.0,0.0,0.05269320843091335,right,0.895784543325527,1.211943793911007,0.1053864168618267,184.0,0.5269320843091335,0.0,0.782608695652174,0.6323185011709602,86,2,,,0.2107728337236534,20000000.0,39037385.738105685,0.5123293894262324,17056050.687783245,1.1726043951267933
Sidiki Cherif,Angers,FRA,2025-2026,Delantero,18.0,1157,19.0,,324.0,0.0,0.46672428694900603,right,1.166810717372515,1.2445980985306828,0.3111495246326707,188.0,0.46672428694900603,0.0,0.7368421052631579,0.23336214347450301,36,13,0.04683092516640083,0.22001276892274232,0.23336214347450301,18000000.0,9781514.837798798,1.8402057655162403,15308191.891820977,1.1758410220620001
Cesare Casadei,Torino,ITA,2025-2026,Centrocampista,22.0,1997,33.0,3.0006844626967832,484.0,0.0,0.1802704056084126,right,2.343515272909364,0.7210816224336504,0.27040560841261896,192.0,0.40560841261892844,0.0,0.5757575757575758,0.7210816224336504,45,13,0.08160369155921963,0.20965378526290415,0.2253380070105158,15000000.0,10404503.646315536,1.4416833815337102,12756212.614486484,1.1758976157990169
Antoine Semenyo,Bournemouth,ENG,2025-2026,Centrocampista,25.0,1798,20.0,4.999315537303217,625.0,0.15016685205784205,1.4015572858731924,both,1.8520578420467186,0.7007786429365962,0.5005561735261401,185.0,0.3003337041156841,1.0,1.0,1.0011123470522802,57,6,0.20673817876224987,0.6425532929959796,0.3003337041156841,80000000.0,82818013.28930704,0.9659734256186161,67957640.413902,1.1772039098584492
Martín Payero,Cremonese,ITA,2025-2026,Centrocampista,26.0,1457,25.0,2.001368925393566,676.0,0.0,2.1002059025394644,right,2.2855181880576527,2.1002059025394644,0.06177076183939602,182.0,0.6177076183939602,0.0,0.64,0.5559368565545642,34,18,0.03449301555619799,0.08846744030775398,0.49416609471516815,5000000.0,3778823.3981922967,1.3231631841784102,4234258.642732029,1.1808442567820796
Lesley Ugochukwu,Burnley,ENG,2025-2026,Centrocampista,21.0,2336,35.0,0.999315537303217,441.0,0.038527397260273974,0.2696917808219178,right,1.0787671232876712,1.1558219178082192,0.11558219178082191,190.0,0.6549657534246575,0.0,0.7714285714285715,1.0017123287671232,22,19,,,0.11558219178082191,22000000.0,16433710.785703532,1.3387116450375194,18628892.072469674,1.1809612678207657
Iñigo Ruiz de Galarreta,Athletic Club,ESP,2025-2026,Centrocampista,31.0,2206,34.0,0.999315537303217,961.0,0.08159564823209428,2.529465095194923,,2.203082502266546,1.672710788757933,0.04079782411604714,,0.9791477787851315,0.0,0.8823529411764706,1.3055303717135085,45,12,0.13571304946729165,0.026815910072168058,0.40797824116047143,2000000.0,2099044.066118531,0.9528146799215705,1693204.2638889016,1.1811923951847718
Kader Meïté,Rennes,FRA,2025-2026,Delantero,17.0,535,17.0,3.0006844626967832,289.0,0.33644859813084116,0.5046728971962616,right,2.0186915887850465,0.6728971962616823,0.5046728971962616,193.0,0.16822429906542058,0.0,0.35294117647058826,0.33644859813084116,59,6,,,0.0,18000000.0,15666957.510289274,1.14891484119865,15231931.537884597,1.1817280004988673
Vitaly Janelt,Brentford,ENG,2025-2026,Centrocampista,27.0,1443,25.0,4.0,729.0,0.2494802494802495,3.8045738045738045,left,1.2474012474012475,0.8108108108108109,0.062370062370062374,184.0,1.683991683991684,0.0,0.6,1.0602910602910602,53,9,0.2376959194466007,0.04676872486802372,0.498960498960499,16000000.0,24374638.40261717,0.6564199942462341,13526136.690638417,1.182895039872972
Christoph Baumgartner,RB Leipzig,GER,2025-2026,Centrocampista,25.0,2780,33.0,2.001368925393566,625.0,0.2589928057553957,0.19424460431654675,right,2.039568345323741,1.0683453237410072,0.420863309352518,180.0,0.7122302158273381,0.0,0.9696969696969697,1.2949640287769786,65,3,0.13897653429923085,0.5834732736132556,0.32374100719424465,40000000.0,40833408.00398029,0.9795900453888382,33804138.140072495,1.1832870826126087
Hicham Boudaoui,Nice,FRA,2025-2026,Centrocampista,25.0,1694,25.0,0.999315537303217,625.0,0.10625737898465171,1.009445100354191,right,1.009445100354191,2.125147579693034,0.053128689492325853,175.0,0.9563164108618655,0.0,0.72,0.8500590318772137,32,16,,,0.26564344746162927,12000000.0,5144426.459103642,2.3326215459382547,10119795.848764643,1.1857946720797614
James Tarkowski,Everton,ENG,2025-2026,Defensa,32.0,3330,37.0,2.001368925393566,1024.0,0.08108108108108109,0.1891891891891892,right,0.8648648648648648,0.945945945945946,0.05405405405405405,185.0,0.7837837837837838,0.0,1.0,0.8108108108108109,49,13,0.055586796656653684,0.07754263921162567,0.2162162162162162,5000000.0,5262734.132066221,0.9500764953210608,4212262.870866131,1.18701043911153
Jesus Vazquez,Valencia,ESP,2025-2026,Defensa,22.0,974,24.0,2.001368925393566,484.0,0.0,2.402464065708419,left,1.4784394250513349,0.7392197125256674,0.0,182.0,0.3696098562628337,0.0,0.2916666666666667,0.9240246406570841,49,9,0.140760278891489,0.02688455150617589,0.18480492813141686,4000000.0,3255635.050652856,1.2286389407184555,3360199.920180216,1.1904053612933454
Sam Beukema,Napoli,ITA,2025-2026,Defensa,26.0,1681,24.0,4.0,676.0,0.0,0.32123735871505055,right,1.0172516359309935,0.2676977989292088,0.10707911957168352,188.0,0.7495538370017846,0.0,0.75,0.9101725163593098,76,2,0.02107505274937665,0.09268916633638294,0.10707911957168352,22000000.0,20734169.759645406,1.0610504425799705,18479434.12856678,1.1905126448645356
Alessio Romagnoli,Lazio,ITA,2025-2026,Defensa,30.0,2666,32.0,0.999315537303217,900.0,0.0,0.06751687921980495,left,0.6076519129782445,0.5063765941485371,0.0,185.0,1.0802700675168793,0.0,0.96875,0.47261815453863465,54,9,0.0024005097867355074,0.051822047233469754,0.20255063765941483,6000000.0,5372541.610203084,1.1167898613582257,5039374.249271096,1.1906240146517895
Soungoutou Magassa,West Ham,ENG,2025-2026,Centrocampista,21.0,981,22.0,4.999315537303217,441.0,0.0,0.8256880733944955,right,1.5596330275229358,1.5596330275229358,0.09174311926605505,190.0,1.5596330275229358,0.0,0.5,2.110091743119266,39,18,0.06847565677529628,0.056816883675685714,0.3669724770642202,17000000.0,20307579.904572647,0.8371258456145293,14270480.237296652,1.1912703509143023
Moses Simon,Paris FC,FRA,2025-2026,Centrocampista,30.0,2001,29.0,2.001368925393566,900.0,0.13493253373313344,6.431784107946027,right,0.6746626686656672,0.8545727136431784,0.13493253373313344,168.0,0.35982008995502246,0.0,0.8620689655172413,0.4947526236881559,76,1,0.1945345530445608,0.129634038680631,0.04497751124437781,7000000.0,8181891.984376727,0.8555478382465154,5869718.960286822,1.192561355553886
Badredine Bouanani,Stuttgart,GER,2025-2026,Centrocampista,20.0,463,14.0,4.0,400.0,0.0,5.053995680345572,left,0.19438444924406048,1.1663066954643628,0.0,177.0,0.7775377969762419,0.0,0.35714285714285715,0.5831533477321814,62,4,0.11052047604489791,0.20886591947426292,0.19438444924406048,10000000.0,14438265.625601579,0.692603963613763,8382360.6667642845,1.19298135663019
Maxime Estève,Burnley,ENG,2025-2026,Defensa,23.0,2932,34.0,4.999315537303217,529.0,0.0,0.18417462482946792,left,0.3990450204638472,0.36834924965893584,0.0,193.0,1.135743519781719,0.0,1.0,0.8287858117326057,22,19,0.0215516297945862,0.013862470537169975,0.030695770804911322,28000000.0,22102305.155895207,1.2668361875608136,23459177.31337832,1.1935627420332484
Lucas Höler,Freiburg,GER,2025-2026,Delantero,31.0,2037,33.0,,961.0,0.04418262150220913,0.353460972017673,right,1.3254786450662739,1.3254786450662739,0.1325478645066274,184.0,0.48600883652430044,0.0,0.7575757575757576,0.5301914580265096,47,7,0.09202972005103578,0.2317971912307311,0.1767304860088365,3000000.0,2814497.291716744,1.065909712839022,2504907.6370191057,1.1976489494718716
Tim Iroegbunam,Everton,ENG,2025-2026,Centrocampista,22.0,1487,29.0,4.999315537303217,484.0,0.121049092131809,0.18157363819771352,right,1.7552118359112305,1.21049092131809,0.0,183.0,1.3315400134498991,0.0,0.5862068965517241,2.6630800268997983,49,13,0.11183286068814467,0.0309222517441144,0.5447209145931405,18000000.0,23511476.637256518,0.7655835606461664,15017346.68315934,1.1986138683330423
Wilson Odobert,Tottenham,ENG,2025-2026,Centrocampista,20.0,985,24.0,3.0006844626967832,400.0,0.18274111675126906,2.5583756345177666,right,0.18274111675126906,0.9137055837563451,0.0,182.0,0.0,0.0,0.4166666666666667,0.7309644670050762,41,17,0.1783940211165375,0.22478785934068526,0.0,18000000.0,17268351.98439919,1.04236930172965,15013169.532527296,1.1989473615815425
Benjamín Domínguez,Bologna,ITA,2025-2026,Centrocampista,21.0,547,15.0,0.999315537303217,441.0,0.4936014625228519,1.1517367458866545,right,0.9872029250457038,2.9616087751371114,0.0,172.0,0.3290676416819013,0.0,0.4,0.3290676416819013,56,8,0.04340217436852795,0.1064816482324269,0.16453382084095064,9000000.0,9784475.876955925,0.9198244354811589,7481757.68931515,1.2029258863666599
Jones El-Abdellaoui,Celta Vigo,ESP,2025-2026,Centrocampista,19.0,681,22.0,3.0006844626967832,361.0,0.0,3.9647577092511015,right,0.9251101321585903,0.39647577092511016,0.2643171806167401,184.0,0.39647577092511016,0.0,0.18181818181818182,0.39647577092511016,54,6,,,0.0,8000000.0,8308716.700186217,0.9628442380061775,6646588.157295396,1.203625049525459
Williot Swedberg,Celta Vigo,ESP,2025-2026,Delantero,21.0,1270,29.0,3.0006844626967832,441.0,0.3543307086614173,0.5669291338582677,right,2.1259842519685037,2.409448818897638,0.3543307086614173,187.0,0.28346456692913385,0.0,0.4482758620689655,1.204724409448819,54,6,0.14064352954994505,0.3676773928633825,0.14173228346456693,20000000.0,13869505.714270841,1.4420124561051422,16599324.319073634,1.204868319671228
Koni De Winter,Milan,ITA,2025-2026,Defensa,23.0,1800,26.0,4.0,529.0,0.05,0.25,right,1.3499999999999999,0.4,0.05,191.0,0.65,0.0,0.7307692307692307,0.9500000000000001,70,5,0.03249286436475814,0.039827648038044575,0.05,23000000.0,23829818.457624428,0.9651773067805758,19065035.48610622,1.2063969152725371
Igor Zubeldia,Real Sociedad,ESP,2025-2026,Defensa,28.0,2082,25.0,3.0006844626967832,784.0,0.043227665706051875,0.0,right,1.6426512968299711,0.21613832853025938,0.0,181.0,0.9942363112391931,0.0,0.92,0.9077809798270894,46,10,0.026328136060139975,0.013784514820627244,0.3890489913544669,6000000.0,3804998.8074690476,1.5768730303468848,4971227.4398158705,1.206945381726939
Boulaye Dia,Lazio,ITA,2025-2026,Delantero,28.0,1253,27.0,0.999315537303217,784.0,0.14365522745411013,0.0,right,1.3647246608140462,1.005586592178771,0.07182761372705507,180.0,0.2154828411811652,0.0,0.5185185185185185,0.5027932960893855,54,9,0.12298279583858472,0.1938030163847439,0.07182761372705507,5000000.0,6070428.190138973,0.823665125982741,4141071.856557387,1.2074168652935835
Simon Sohm,Fiorentina,ITA,2025-2026,Centrocampista,24.0,708,16.0,0.999315537303217,576.0,0.1271186440677966,0.635593220338983,right,1.906779661016949,1.3983050847457628,0.0,188.0,0.7627118644067796,0.0,0.5625,0.8898305084745763,42,15,0.25992567702275465,0.10088488278058122,0.2542372881355932,8000000.0,4376549.714931311,1.8279239403374532,6625107.099802321,1.2075276489098121
Philipp Treu,Freiburg,GER,2025-2026,Defensa,24.0,2186,28.0,,576.0,0.08234217749313816,1.3174748398902105,right,0.8234217749313816,1.5233302836230558,0.04117108874656908,173.0,0.2881976212259835,0.0,0.8571428571428571,1.111619396157365,47,7,0.07463010165189399,0.06059380609470556,0.08234217749313816,15000000.0,9750205.464359889,1.5384291187329113,12415648.2513883,1.2081527839935962
Tim Lemperle,Hoffenheim,GER,2025-2026,Delantero,23.0,1944,29.0,4.999315537303217,529.0,0.0925925925925926,1.25,right,2.7777777777777777,0.7407407407407408,0.3703703703703704,187.0,0.2777777777777778,1.0,0.8275862068965517,0.7407407407407408,61,5,0.11923428150583748,0.4357441858802405,0.1388888888888889,17000000.0,25292931.016823854,0.672124554828868,14068838.066007417,1.2083442797649895
Brais Méndez,Real Sociedad,ESP,2025-2026,Centrocampista,28.0,1660,29.0,3.0006844626967832,784.0,0.10843373493975905,3.36144578313253,left,2.2771084337349397,1.897590361445783,0.3253012048192771,187.0,0.4337349397590362,1.0,0.7241379310344828,0.9759036144578314,46,10,0.18041579684534345,0.32713715442041136,0.2168674698795181,8000000.0,5752542.176184737,1.390689499525903,6614581.138817392,1.2094492201558062
Emile Smith Rowe,Fulham,ENG,2025-2026,Centrocampista,25.0,1923,37.0,3.0006844626967832,625.0,0.0,0.608424336973479,right,0.46801872074882994,0.7956318252730109,0.14040561622464898,182.0,1.029641185647426,0.0,0.5945945945945946,1.029641185647426,52,11,,,0.046801872074883,20000000.0,27679422.945594497,0.7225584160230202,16503898.956277676,1.2118348550838949
Lucas Vázquez,Leverkusen,GER,2025-2026,Centrocampista,34.0,481,12.0,0.999315537303217,1156.0,0.37422037422037424,3.7422037422037424,right,1.1226611226611227,1.496881496881497,0.18711018711018712,173.0,0.37422037422037424,0.0,0.5,0.7484407484407485,59,6,0.4695633305101161,0.17109192195280673,0.37422037422037424,1500000.0,1368643.7159559475,1.0959755139432361,1230956.6723108294,1.2185644172057701
Paul Nebel,Mainz 05,GER,2025-2026,Centrocampista,22.0,2073,30.0,0.999315537303217,484.0,0.08683068017366137,5.600578871201158,both,1.2590448625180897,0.8683068017366136,0.2170767004341534,169.0,0.5209840810419681,0.0,0.8,1.3024602026049203,40,10,0.23195759726178802,0.2504829392807529,0.08683068017366137,18000000.0,12532513.46214946,1.436264166351257,14760739.725708194,1.219451079992293
James Garner,Everton,ENG,2025-2026,Centrocampista,24.0,3413,38.0,4.0,576.0,0.18458833870495167,5.40580134778787,right,1.0284207442133022,1.10753003222971,0.052739525344271905,182.0,1.5030764723117491,0.0,1.0,1.8986229123937886,49,13,0.15997412957528312,0.05473427381994104,0.3164371520656314,45000000.0,40476454.38163691,1.11175745720493,36839107.195543885,1.2215279746367813
Vincenzo Grifo,Freiburg,GER,2025-2026,Centrocampista,32.0,1710,33.0,,1024.0,0.2105263157894737,5.842105263157894,right,0.5263157894736842,0.631578947368421,0.368421052631579,180.0,0.8421052631578948,4.0,0.6363636363636364,0.2631578947368421,47,7,0.28355795262675537,0.28742037125323944,0.0,4000000.0,2733173.586964612,1.4635001666477727,3274197.387243151,1.2216734444858772
Malik Tillman,Leverkusen,GER,2025-2026,Centrocampista,23.0,1674,29.0,4.0,529.0,0.05376344086021505,0.967741935483871,right,1.021505376344086,1.5591397849462365,0.3225806451612903,187.0,1.021505376344086,0.0,0.6206896551724138,1.6129032258064515,59,6,0.19380683219561012,0.275399362848651,0.1075268817204301,30000000.0,28065630.141653422,1.0689230866573594,24490073.922020536,1.224986094183454
Jamie Leweling,Stuttgart,GER,2025-2026,Centrocampista,24.0,2367,32.0,3.0006844626967832,576.0,0.34220532319391633,4.67680608365019,both,0.6463878326996197,1.6349809885931559,0.2661596958174905,185.0,0.494296577946768,0.0,0.8125,0.4562737642585551,62,4,0.23021684782473306,0.15600185635935218,0.1520912547528517,40000000.0,36978084.27794546,1.0817218030912672,32637449.60828864,1.2255859596897412
Matteo Politano,Napoli,ITA,2025-2026,Centrocampista,31.0,2200,34.0,2.001368925393566,961.0,0.20454545454545453,7.077272727272728,left,0.7772727272727273,1.1454545454545455,0.08181818181818182,171.0,0.20454545454545453,0.0,0.7647058823529411,0.40909090909090906,76,2,0.2292635504495014,0.12820184961469336,0.16363636363636364,5000000.0,7061053.311799386,0.7081096515224918,4070361.710501017,1.2283920584012555
Kacper Potulski,Mainz 05,GER,2025-2026,Defensa,17.0,1065,15.0,2.001368925393566,289.0,0.0,0.16901408450704225,right,1.4366197183098592,0.4225352112676056,0.08450704225352113,195.0,1.6056338028169013,0.0,0.6,1.267605633802817,40,10,0.05215134083385199,0.22138171653512498,0.2535211267605634,18000000.0,11210558.817152347,1.605629147804808,14651382.3081464,1.228553021238939
Lucien Agoume,Sevilla,ESP,2025-2026,Centrocampista,23.0,2686,34.0,2.001368925393566,529.0,0.10052122114668652,0.6031273268801192,,1.9434102755026061,0.5361131794489948,0.03350707371556218,,1.6418466120625466,0.0,0.9117647058823529,1.340282948622487,43,15,0.10688642605761939,0.027794860690355038,0.40208488458674607,15000000.0,8493842.21332502,1.7659852423992775,12209441.00866772,1.2285574736264508
Sofiane Diop,Nice,FRA,2025-2026,Centrocampista,25.0,2130,33.0,0.999315537303217,625.0,0.08450704225352113,1.5633802816901408,right,0.9295774647887324,1.943661971830986,0.3380281690140845,175.0,0.76056338028169,2.0,0.7878787878787878,0.380281690140845,32,16,0.15124752637471112,0.34579700806086333,0.2112676056338028,15000000.0,8677599.589540869,1.7285886315934116,12196389.80259541,1.2298721378032684
Christian Mawissa,Monaco,FRA,2025-2026,Defensa,20.0,1191,18.0,3.0006844626967832,400.0,0.0,0.3778337531486146,left,0.906801007556675,0.906801007556675,0.0,184.0,1.1335012594458438,0.0,0.7222222222222222,1.8891687657430731,54,7,,,0.30226700251889166,15000000.0,11881380.959090788,1.2624795090441963,12174492.235295294,1.2320842389231828
Mandela Keita,Parma,ITA,2025-2026,Centrocampista,23.0,2979,37.0,3.0006844626967832,529.0,0.030211480362537763,0.060422960725075525,right,0.9063444108761329,1.7220543806646524,0.030211480362537763,180.0,1.299093655589124,0.0,0.972972972972973,1.4501510574018126,45,12,0.008576899102897443,0.014621293639308376,0.030211480362537763,20000000.0,13337226.83492775,1.4995621089403435,16151537.746523874,1.2382721889316322
Nahuel Molina,Atlético Madrid,ESP,2025-2026,Defensa,27.0,1331,26.0,4.0,729.0,0.135236664162284,3.313298271975958,right,0.946656649135988,0.33809166040571,0.135236664162284,179.0,0.946656649135988,0.0,0.5,1.6228399699474079,86,2,0.2035900999831804,0.027085779658795116,0.270473328324568,15000000.0,18842311.506466225,0.7960806716762093,12113080.181352753,1.2383307775912735
Maghnes Akliouche,Monaco,FRA,2025-2026,Centrocampista,23.0,2400,31.0,4.999315537303217,529.0,0.225,1.9875,left,1.0875,1.3499999999999999,0.225,183.0,0.6749999999999999,0.0,0.9032258064516129,0.9750000000000001,54,7,0.20082150623202324,0.2480497824260965,0.1125,50000000.0,29712737.582586523,1.682779981515505,40319087.1898934,1.2401074400447554
Morgan Guilavogui,Lens,FRA,2025-2026,Centrocampista,27.0,491,16.0,3.0006844626967832,729.0,0.0,0.7331975560081466,right,2.74949083503055,2.1995926680244398,0.18329938900203666,189.0,0.5498981670061099,0.0,0.1875,1.8329938900203666,70,2,0.21329825391230417,0.3278623577472877,0.5498981670061099,4500000.0,5276233.017938901,0.8528812098897545,3622236.1939855604,1.2423264963979703
Josha Vagnoman,Stuttgart,GER,2025-2026,Defensa,24.0,1587,27.0,2.001368925393566,576.0,0.17013232514177695,1.8714555765595464,right,0.9640831758034027,0.9073724007561437,0.05671077504725898,190.0,0.17013232514177695,0.0,0.6666666666666666,1.0775047258979205,62,4,,,0.17013232514177695,10000000.0,13921719.802901011,0.7183020590542412,8046912.721393054,1.2427126211291668
Igor Matanović,Freiburg,GER,2025-2026,Delantero,22.0,1571,31.0,,484.0,0.11457670273711011,0.0,right,2.4061107574793126,1.2603437301082114,0.6301718650541057,194.0,0.5155951623169955,1.0,0.45161290322580644,0.6301718650541057,47,7,0.12811094684909288,0.5489415670066293,0.0,22000000.0,11030160.83630664,1.9945312064340233,17676053.814518735,1.2446216916317412
El Hadji Malick Diouf,West Ham,ENG,2025-2026,Defensa,20.0,2707,32.0,4.999315537303217,400.0,0.16623568526043592,3.6239379386775026,left,0.930919837458441,0.8311784263021795,0.0,183.0,1.0639083856667897,0.0,0.9375,0.6316956039896564,39,18,0.10817885621804173,0.018593466874744603,0.1994828223125231,28000000.0,29676198.731073916,0.9435170674565281,22485500.650600065,1.2452469008846718
Francis Coquelin,Nantes,FRA,2025-2026,Centrocampista,34.0,655,16.0,0.999315537303217,1156.0,0.13740458015267176,0.13740458015267176,right,2.0610687022900764,0.9618320610687023,0.0,177.0,0.6870229007633587,0.0,0.5,1.786259541984733,23,17,0.03392547078942525,0.02003958091879164,0.2748091603053435,700000.0,338617.6980235833,2.067228039425299,560105.6834542184,1.2497641439434102
Ilias Akhomach,Rayo Vallecano,ESP,2025-2026,Centrocampista,21.0,709,11.0,2.001368925393566,441.0,0.12693935119887165,2.7926657263751764,left,1.1424541607898449,3.681241184767278,0.0,175.0,0.2538787023977433,0.0,0.6363636363636364,1.2693935119887165,50,8,0.19797115075718533,0.3296496647663614,0.2538787023977433,12000000.0,6485058.322486221,1.8504074139767301,9551518.753290778,1.256344703910637
Ladislav Krejčí,Wolves,ENG,2025-2026,Defensa,26.0,2356,28.0,4.0,676.0,0.038200339558573854,0.6494057724957555,left,1.2606112054329373,0.26740237691001695,0.07640067911714771,191.0,1.2224108658743633,0.0,0.9642857142857143,0.802207130730051,20,20,0.0,0.004642667859185531,0.19100169779286927,22000000.0,18124080.394015633,1.2138546906503545,17508426.878573988,1.256537789064453
Evan Ferguson,Roma,ITA,2025-2026,Delantero,20.0,773,16.0,3.0006844626967832,400.0,0.2328589909443726,0.2328589909443726,right,1.2807244501940491,1.0478654592496766,0.34928848641655885,188.0,0.1164294954721863,0.0,0.625,0.4657179818887452,73,3,0.19633164084763455,0.4052633580114369,0.1164294954721863,20000000.0,25959252.70702705,0.7704382027370954,15913066.96237946,1.2568287462927528
Chris Rigg,Sunderland,ENG,2025-2026,Centrocampista,18.0,761,18.0,4.0,324.0,0.11826544021024968,1.3009198423127464,left,0.9461235216819974,0.9461235216819974,0.11826544021024968,177.0,0.4730617608409987,0.0,0.6111111111111112,0.9461235216819974,54,7,0.14064474410711544,0.09462425830368927,0.11826544021024968,25000000.0,26353000.520880487,0.9486585779934831,19876124.131017257,1.2577904945253784
Bryan Cristante,Roma,ITA,2025-2026,Centrocampista,30.0,3094,37.0,2.001368925393566,900.0,0.029088558500323207,0.552682611506141,right,1.8325791855203621,0.26179702650290887,0.058177117000646414,186.0,0.8144796380090499,0.0,0.972972972972973,1.2508080155138979,73,3,0.06637685903924159,0.06829504303227203,0.17453135100193923,7000000.0,9584423.779159976,0.7303516790670865,5562832.924810001,1.258351651867935
Khalis Merah,Lyon,FRA,2025-2026,Centrocampista,18.0,1130,22.0,3.0006844626967832,324.0,0.07964601769911504,1.0353982300884956,right,0.8761061946902655,1.592920353982301,0.0,178.0,0.47787610619469023,0.0,0.6818181818181818,1.5132743362831858,60,4,0.12006650893100068,0.1077276556958667,0.1592920353982301,15000000.0,13257531.193689913,1.1314323746143202,11897950.023450427,1.260721382291533
Kevin Carlos,Nice,FRA,2025-2026,Delantero,24.0,880,23.0,0.999315537303217,576.0,0.0,0.3068181818181818,right,2.965909090909091,1.6363636363636362,0.0,186.0,0.10227272727272727,0.0,0.391304347826087,0.10227272727272727,32,16,,,0.3068181818181818,4000000.0,1781581.2021163858,2.245196567660401,3166799.0555761,1.2631050880720707
CJ Egan-Riley,Marseille,FRA,2025-2026,Defensa,22.0,624,11.0,3.0006844626967832,484.0,0.0,0.14423076923076922,right,0.721153846153846,0.721153846153846,0.0,183.0,0.28846153846153844,0.0,0.7272727272727273,1.0096153846153846,59,5,0.0728878232005697,0.0,0.14423076923076922,9000000.0,8163233.372007089,1.1025043129187395,7113516.90179533,1.2651969657552304
Marco Brescianini,Fiorentina,ITA,2025-2026,Centrocampista,25.0,862,17.0,4.0,625.0,0.10440835266821345,1.148491879350348,left,1.357308584686775,0.9396751740139211,0.10440835266821345,188.0,0.10440835266821345,0.0,0.5882352941176471,0.2088167053364269,42,15,0.1296513779261722,0.2454648033354924,0.10440835266821345,9000000.0,6014061.110916401,1.4964929411281975,7113170.018554966,1.2652586647757846
Justin Devenny,Crystal Palace,ENG,2025-2026,Centrocampista,21.0,796,21.0,4.0,441.0,0.0,1.922110552763819,left,1.2437185929648242,1.1306532663316584,0.11306532663316583,184.0,0.11306532663316583,1.0,0.3333333333333333,1.2437185929648242,45,15,0.03759181641753594,0.25386280328709276,0.0,12000000.0,17922876.81464421,0.6695353722564886,9452491.230439892,1.2695065996312545
Aleix García,Leverkusen,GER,2025-2026,Centrocampista,28.0,2667,33.0,3.0006844626967832,784.0,0.26996625421822273,4.150731158605174,right,0.26996625421822273,0.641169853768279,0.10123734533183353,173.0,0.7424071991001124,0.0,0.9393939393939394,0.6749156355455568,59,6,0.20470005056754811,0.08364552908542454,0.20247469066366705,20000000.0,15881717.419665486,1.2593096496752338,15722592.075775838,1.2720548815112023
Jean-Clair Todibo,West Ham,ENG,2025-2026,Defensa,25.0,1814,23.0,0.999315537303217,625.0,0.04961411245865491,0.09922822491730982,right,0.4465270121278942,0.14884233737596472,0.0,190.0,0.7938257993384785,0.0,0.9565217391304348,1.1907386990077178,39,18,0.018851473103991025,0.03254742165483214,0.2480705622932745,22000000.0,13928514.085743086,1.5794936821379033,17259271.823710915,1.2746771836443433
Buba Sangaré,Elche,ESP,2025-2026,Defensa,17.0,538,12.0,4.999315537303217,289.0,0.0,2.007434944237918,right,3.8475836431226766,1.171003717472119,0.0,183.0,1.3382899628252787,0.0,0.6666666666666666,2.007434944237918,43,13,0.0,0.015477789946759057,0.5018587360594795,4500000.0,2248663.7145065935,2.001188515192188,3527969.427331504,1.2755212573947172
Fali Candé,Sassuolo,ITA,2025-2026,Defensa,27.0,509,12.0,3.0006844626967832,729.0,0.0,0.7072691552062867,left,1.5913555992141453,1.0609037328094302,0.0,184.0,0.3536345776031434,0.0,0.4166666666666667,1.5913555992141453,49,11,0.0020283354310893357,0.030079597757291233,0.3536345776031434,3000000.0,2409677.9489268917,1.2449796460709606,2350271.8337940145,1.2764480928817232
Nicolò Cambiaghi,Bologna,ITA,2025-2026,Centrocampista,24.0,1518,28.0,3.0006844626967832,576.0,0.23715415019762848,3.7351778656126484,right,1.8972332015810278,4.209486166007905,0.17786561264822134,176.0,0.533596837944664,0.0,0.6071428571428571,1.1857707509881423,56,8,0.1796581723134626,0.17293267980909982,0.17786561264822134,14000000.0,15797812.121390982,0.886198664246889,10964921.259106865,1.2767989545180147
Yaser Asprilla,Girona,ESP,2025-2026,Delantero,21.0,611,15.0,4.0,441.0,0.0,5.30278232405892,left,1.6202945990180033,1.1783960720130933,0.0,176.0,0.7364975450081833,0.0,0.4,0.5891980360065466,41,19,0.262927625102712,0.08223734806717027,0.0,14000000.0,3352025.549307854,4.176579144180689,10960170.681428788,1.2773523704080614
Thomas Partey,Villarreal,ESP,2025-2026,Centrocampista,32.0,934,25.0,0.999315537303217,1024.0,0.0,0.2890792291220557,right,1.0599571734475375,0.5781584582441114,0.0,185.0,1.2526766595289078,0.0,0.32,0.5781584582441114,72,3,0.031490032690750715,0.049242634741027046,0.09635974304068523,2000000.0,1933634.8995155029,1.0343214225710995,1565386.8335986014,1.2776394671739284
Federico Bernardeschi,Bologna,ITA,2025-2026,Centrocampista,31.0,1217,29.0,0.999315537303217,961.0,0.14790468364831552,3.5497124075595727,left,0.9613804437140511,0.8134757600657354,0.29580936729663104,183.0,0.4437140509449466,1.0,0.41379310344827586,0.4437140509449466,56,8,0.26403185397986517,0.23511383540150857,0.2218570254724733,3500000.0,2559499.797336158,1.367454689249315,2737652.6150856223,1.2784675384720185
Loïc Bade,Leverkusen,GER,2025-2026,Defensa,25.0,1653,23.0,4.0,625.0,0.0,0.21778584392014522,right,0.5989110707803993,0.21778584392014522,0.0,191.0,1.1433756805807622,0.0,0.8260869565217391,1.0344827586206897,59,6,0.0075059611275927335,0.06809059207660642,0.21778584392014522,20000000.0,18653787.73852503,1.0721683059947489,15639745.95439597,1.2787931503694574
Kévin Danois,Auxerre,FRA,2025-2026,Centrocampista,21.0,2830,33.0,3.0006844626967832,441.0,0.03180212014134275,4.134275618374558,right,1.049469964664311,0.8268551236749117,0.09540636042402825,183.0,1.2084805653710247,0.0,0.9696969696969697,1.526501766784452,34,15,0.14683587231110556,0.06754721204878585,0.09540636042402825,20000000.0,9930716.701963972,2.013953332899392,15633174.91833319,1.2793306608848718
Stefan Posch,Mainz 05,GER,2025-2026,Defensa,28.0,1395,16.0,,784.0,0.0,0.7096774193548387,right,0.5161290322580645,0.7741935483870968,0.0,188.0,1.3548387096774195,0.0,1.0,1.4193548387096775,40,10,0.012157734363309799,0.055652811642616026,0.25806451612903225,6000000.0,3786213.051703686,1.5846968773456038,4679931.076133108,1.282070163511388
Manuel Locatelli,Juventus,ITA,2025-2026,Centrocampista,27.0,2994,36.0,4.0,729.0,0.06012024048096193,0.5711422845691383,right,1.653306613226453,1.3226452905811623,0.030060120240480964,185.0,1.1422845691382766,0.0,1.0,1.9839679358717437,69,6,0.11503204105156875,0.07260961369434017,0.27054108216432865,25000000.0,20783367.138988946,1.2028849720457848,19466752.714804146,1.2842408986367773
Mika Biereth,Monaco,FRA,2025-2026,Delantero,22.0,1074,32.0,4.0,484.0,0.16759776536312848,0.7541899441340782,right,1.3407821229050279,1.1731843575418994,0.16759776536312848,187.0,0.0,0.0,0.375,0.5865921787709497,54,7,0.19339724240939044,0.26880134063559535,0.0,15000000.0,8636292.952869264,1.736856320398036,11672575.287501516,1.285063461193636
Atakan Karazor,Stuttgart,GER,2025-2026,Centrocampista,28.0,1884,28.0,2.001368925393566,784.0,0.04777070063694267,0.3343949044585987,right,0.9554140127388534,1.6242038216560508,0.0,191.0,0.7165605095541401,0.0,0.7857142857142857,1.2898089171974523,62,4,0.07744605753831803,0.05060957818867484,0.23885350318471335,8000000.0,10321470.345998982,0.7750833681463923,6222620.682407898,1.2856319561012242
Ruben Vargas,Sevilla,ESP,2025-2026,Centrocampista,26.0,1594,24.0,3.0006844626967832,676.0,0.33877038895859474,5.081555834378921,right,0.7340025094102886,0.9598494353826852,0.16938519447929737,179.0,0.3952321204516938,1.0,0.8333333333333334,0.8469259723964868,43,15,0.17561653434968502,0.19345604732791555,0.11292346298619824,15000000.0,8206223.865103292,1.8278809165549366,11657349.67817585,1.2867418765074918
Sebastian Szymański,Rennes,FRA,2025-2026,Centrocampista,26.0,776,16.0,3.0006844626967832,676.0,0.3479381443298969,6.494845360824741,left,1.5077319587628866,1.3917525773195876,0.11597938144329897,174.0,0.3479381443298969,0.0,0.625,1.1597938144329896,59,6,0.29759929193779056,0.06179810715263191,0.23195876288659795,12000000.0,11338257.841912035,1.0583636540387913,9291946.971968176,1.2914408612319295
Luca Lipani,Sassuolo,ITA,2025-2026,Centrocampista,20.0,1034,24.0,2.001368925393566,400.0,0.08704061895551257,0.4352030947775629,right,2.4371373307543522,0.6963249516441006,0.0,185.0,1.3056092843326885,0.0,0.4166666666666667,1.4796905222437136,49,11,0.09658640835567502,0.07996937663544769,0.2611218568665377,7500000.0,6380004.295452297,1.1755477978825253,5805811.79841388,1.291809011454516
Micky van de Ven,Tottenham,ENG,2025-2026,Defensa,24.0,3041,35.0,4.999315537303217,576.0,0.029595527786912202,0.0887865833607366,left,0.8286747780335415,0.6511016113120683,0.11838211114764881,193.0,0.6215060835251562,0.0,1.0,0.591910555738244,41,17,0.030018441741676637,0.07258464065611618,0.2663597500822098,50000000.0,38953760.883721806,1.2835731099046268,38681776.30250645,1.292598344217201
Chris Richards,Crystal Palace,ENG,2025-2026,Defensa,25.0,2827,33.0,0.999315537303217,625.0,0.0,0.4457021577644146,right,0.5412097629996463,0.1591793420587195,0.0318358684117439,189.0,1.3689423417049875,0.0,0.9393939393939394,1.1142553944110365,45,15,0.015521052691770561,0.05671412785160993,0.1273434736469756,28000000.0,31303467.125151675,0.8944696090070672,21630676.676588196,1.294457885836997
Javi Rodríguez,Celta Vigo,ESP,2025-2026,Defensa,22.0,2558,33.0,2.001368925393566,484.0,0.035183737294761534,0.035183737294761534,,1.1610633307271305,1.1610633307271305,0.0,,0.9851446442533229,0.0,0.8484848484848485,0.8092259577795152,54,6,,,0.17591868647380765,18000000.0,18012332.24018682,0.999315344619321,13885544.323159011,1.2963121632890324
Nathan Collins,Brentford,ENG,2025-2026,Defensa,24.0,2975,35.0,3.0006844626967832,576.0,0.06050420168067227,0.030252100840336135,right,0.6050420168067228,0.5142857142857142,0.030252100840336135,193.0,1.0890756302521007,0.0,0.9142857142857143,0.39327731092436974,53,9,0.07350224753638275,0.08824989382459336,0.2117647058823529,30000000.0,42809102.17941806,0.7007855449587899,23094965.499630198,1.2989844042191951
Alberto Moleiro,Villarreal,ESP,2025-2026,Centrocampista,21.0,2478,37.0,4.0,441.0,0.18159806295399514,1.12590799031477,,1.1985472154963681,0.9806295399515738,0.3631961259079903,,0.5084745762711864,0.0,0.8108108108108109,0.7627118644067796,72,3,0.20984786411535364,0.2039133693084806,0.14527845036319612,50000000.0,39079897.35786609,1.2794301771607872,38477897.296968,1.2994473064394796
Raúl Jiménez,Fulham,ENG,2025-2026,Delantero,34.0,2189,36.0,2.001368925393566,1156.0,0.12334399269072636,0.2878026496116948,right,1.8912745545911374,1.397898583828232,0.3700319780721791,188.0,0.2878026496116948,4.0,0.75,0.8222932846048423,52,11,0.07993228723328644,0.4940579272296098,0.20557332115121058,3000000.0,2975464.4302848545,1.0082459630387168,2303502.295953408,1.3023646667381832
Mathías Olivera,Napoli,ITA,2025-2026,Defensa,27.0,1370,25.0,4.0,729.0,0.0,0.39416058394160586,left,1.1167883211678833,0.656934306569343,0.0,185.0,1.0510948905109487,0.0,0.6,1.4452554744525548,76,2,0.03924004501071725,0.11767948904231083,0.19708029197080293,15000000.0,13497438.930122122,1.1113219387512563,11476365.74805505,1.307033980033454
Alexander Prass,Hoffenheim,GER,2025-2026,Centrocampista,24.0,1308,32.0,2.001368925393566,576.0,0.13761467889908258,3.23394495412844,left,1.7889908256880733,1.444954128440367,0.20642201834862386,180.0,0.41284403669724773,0.0,0.375,1.513761467889908,61,5,0.1490825864512029,0.11308759318476697,0.27522935779816515,9000000.0,10592430.595286412,0.849663343935901,6884237.771138165,1.3073342756596913
Oihan Sancet,Athletic Club,ESP,2025-2026,Centrocampista,25.0,1788,28.0,6.0013689253935665,625.0,0.0,1.157718120805369,right,1.4093959731543624,1.4093959731543624,0.20134228187919462,188.0,0.15100671140939598,2.0,0.7857142857142857,0.7046979865771812,45,12,0.07275242164681021,0.35517626660782214,0.20134228187919462,25000000.0,10129542.032373397,2.468028655204898,19074325.74434377,1.3106623182952304
Matias Fernandez-Pardo,Lille,FRA,2025-2026,Delantero,20.0,2370,29.0,,400.0,0.18987341772151897,2.1645569620253164,right,0.569620253164557,1.5189873417721518,0.3037974683544304,188.0,0.3037974683544304,2.0,0.9310344827586207,0.5316455696202531,61,3,0.18436864323772584,0.4219684507933599,0.18987341772151897,35000000.0,42052856.15828623,0.8322859181849765,26695446.832927547,1.3110850033358192
Omar Alderete,Sunderland,ENG,2025-2026,Defensa,28.0,2798,33.0,3.0006844626967832,784.0,0.032165832737669764,0.3538241601143674,left,1.093638313080772,0.32165832737669764,0.032165832737669764,190.0,1.1579699785561115,0.0,0.9696969696969697,0.5789849892780558,54,7,0.019539345722855886,0.04971444071886304,0.19299499642601858,13000000.0,22574123.492507633,0.5758806096863388,9912533.915190892,1.3114709226949113
Leandro Trossard,Arsenal,ENG,2025-2026,Delantero,30.0,2000,31.0,3.0006844626967832,900.0,0.27,2.6100000000000003,right,0.585,1.755,0.27,172.0,0.40499999999999997,0.0,0.6774193548387096,0.6749999999999999,85,1,0.2244603819586337,0.3038927001832053,0.09,18000000.0,36169956.04388462,0.49765059095346403,13677157.889498327,1.3160628944571051
Maximilian Beier,Dortmund,GER,2025-2026,Centrocampista,22.0,2026,32.0,3.0006844626967832,484.0,0.2665350444225074,1.2438302073050347,right,1.3770977295162883,1.0661401776900297,0.39980256663376107,185.0,0.4886475814412636,0.0,0.75,0.7107601184600197,73,2,0.22015510504809738,0.3664220743035752,0.1332675222112537,40000000.0,53345387.5180078,0.7498305263317696,30337553.407032702,1.3184978848929656
Rafik Belghali,Hellas Verona,ITA,2025-2026,Centrocampista,23.0,1920,26.0,0.999315537303217,529.0,0.0,2.8125,right,0.9375,0.46875,0.09375,180.0,0.796875,0.0,0.8461538461538461,0.609375,21,19,0.10359475704899523,0.12191247285227293,0.28125,12000000.0,4829003.089376346,2.4849849498749794,9067533.551748542,1.3234028781383416
Nadir Zortea,Bologna,ITA,2025-2026,Defensa,26.0,1819,32.0,3.0006844626967832,676.0,0.09895547003848269,3.3150082462891697,right,1.3853765805387575,0.8411214953271028,0.0,187.0,0.9895547003848268,0.0,0.5,0.8411214953271028,56,8,0.14142449714812752,0.020883849101604963,0.09895547003848269,7000000.0,9704618.919182837,0.7213060150320075,5252513.057924334,1.3326954017637855
Ross Barkley,Aston Villa,ENG,2025-2026,Centrocampista,31.0,857,21.0,0.999315537303217,961.0,0.10501750291715285,0.0,right,0.9451575262543758,0.8401400233372228,0.31505250875145857,189.0,0.2100350058343057,0.0,0.3333333333333333,1.1551925320886813,65,4,0.21341258858829354,0.20089579291876442,0.10501750291715285,4000000.0,3930396.0910033616,1.0177091334779111,2999502.252642961,1.333554591091061
Konstantinos Mavropanos,West Ham,ENG,2025-2026,Defensa,27.0,2534,31.0,2.001368925393566,729.0,0.0,0.1420678768745067,right,0.5682715074980268,0.3196527229676401,0.10655090765588004,194.0,1.669297553275454,0.0,0.8709677419354839,0.8524072612470404,39,18,0.017388518252825304,0.09913162374060422,0.07103393843725335,18000000.0,13923517.928058658,1.2927767316423977,13477163.788307076,1.335592583330996
Kyle Walker,Burnley,ENG,2025-2026,Defensa,35.0,3096,36.0,0.999315537303217,1225.0,0.05813953488372093,1.0755813953488371,right,0.9302325581395349,0.6395348837209303,0.0,183.0,1.25,0.0,0.9722222222222222,0.9302325581395349,22,19,0.04841247286517606,0.0027046863498642695,0.2616279069767442,1500000.0,913653.5643833746,1.641760135869826,1120445.3136223413,1.338753423985128
Ellyes Skhiri,Frankfurt,GER,2025-2026,Centrocampista,30.0,1444,25.0,2.001368925393566,900.0,0.0,0.18698060941828257,right,0.685595567867036,0.8102493074792244,0.0,185.0,1.5581717451523547,0.0,0.64,0.4986149584487535,44,8,0.019112268289927795,0.04764301485673543,0.18698060941828257,5000000.0,2759549.9344170424,1.811889662745405,3733604.076613599,1.3391885956303726
Malo Gusto,Chelsea,ENG,2025-2026,Defensa,22.0,2261,34.0,4.0,484.0,0.11941618752764264,2.3087129588677575,right,0.796107916850951,0.796107916850951,0.07961079168509509,178.0,1.1941618752764265,0.0,0.7647058823529411,0.9155241043785936,52,10,0.1514847527271691,0.07729496051421844,0.19902697921273774,35000000.0,35540055.67249454,0.984804309889911,26129371.21496954,1.3394887964218776
Cristiano Biraghi,Torino,ITA,2025-2026,Centrocampista,32.0,517,14.0,0.999315537303217,1024.0,0.0,7.833655705996131,left,1.5667311411992264,1.0444874274661509,0.0,185.0,0.5222437137330754,0.0,0.35714285714285715,1.2185686653771761,45,13,0.06340587313504929,0.010777410242266996,0.0,900000.0,759645.656054357,1.1847629125856542,671468.6896240014,1.3403454455992103
Jens Stage,Werder Bremen,GER,2025-2026,Centrocampista,28.0,2460,29.0,2.001368925393566,784.0,0.07317073170731707,0.5121951219512195,right,1.2804878048780488,1.0975609756097562,0.3658536585365854,187.0,0.6585365853658537,0.0,1.0,1.170731707317073,32,15,0.1272006678372258,0.22310912872596483,0.1829268292682927,14000000.0,7247816.434910669,1.9316162496287825,10444982.103329526,1.3403565330702911
Trevoh Chalobah,Chelsea,ENG,2025-2026,Defensa,26.0,2783,34.0,4.999315537303217,676.0,0.0,0.16169601149838303,right,0.6467840459935321,0.582105641394179,0.09701760689902982,192.0,1.1965504850880346,0.0,0.9117647058823529,0.7114624505928854,52,10,0.020392312408243202,0.05955210517445379,0.09701760689902982,40000000.0,44101217.96006582,0.9070044286808695,29830385.9493647,1.340914598553891
Alieu Fadera,Sassuolo,ITA,2025-2026,Delantero,23.0,987,28.0,0.999315537303217,529.0,0.09118541033434652,2.188449848024316,right,3.282674772036474,3.282674772036474,0.18237082066869303,182.0,0.45592705167173253,0.0,0.2857142857142857,2.0972644376899696,49,11,0.08013547146211641,0.21537890482274957,0.45592705167173253,4500000.0,5421227.256814052,0.8300703488022675,3353158.7478750474,1.3420181799778268
Julian Ryerson,Dortmund,GER,2025-2026,Centrocampista,27.0,2266,31.0,2.001368925393566,729.0,0.5957634598411298,9.929390997352161,right,1.032656663724625,0.8340688437775816,0.0,183.0,0.47661076787290385,0.0,0.8387096774193549,0.8340688437775816,73,2,0.43122454925332565,0.04314957123285937,0.3177405119152692,25000000.0,22483063.017342377,1.111948135390457,18614122.530347835,1.3430662637597257
Mahamadou Nagida,Rennes,FRA,2025-2026,Defensa,20.0,805,19.0,3.0006844626967832,400.0,0.0,2.2360248447204967,left,1.565217391304348,1.2298136645962732,0.0,176.0,2.2360248447204967,0.0,0.3684210526315789,1.341614906832298,59,6,0.015681113619704423,0.06509687876479225,0.2236024844720497,7000000.0,8600873.031527508,0.8138708680317311,5205610.198764265,1.3447030670221327
Ridle Baku,RB Leipzig,GER,2025-2026,Defensa,27.0,2504,32.0,0.999315537303217,729.0,0.10782747603833866,2.1206070287539935,right,0.8266773162939297,0.7907348242811502,0.0718849840255591,176.0,1.114217252396166,0.0,0.875,1.4376996805111821,65,3,,,0.1437699680511182,12000000.0,12474315.509626636,0.9619766303601509,8921573.813922254,1.3450541631201676
Igor Thiago,Brentford,ENG,2025-2026,Delantero,24.0,3282,38.0,4.999315537303217,576.0,0.027422303473491776,0.5210237659963437,right,2.0292504570383914,0.712979890310786,0.603290676416819,190.0,0.3290676416819013,8.0,0.9736842105263158,0.5758683729433273,53,9,,,0.19195612431444242,65000000.0,114695683.9186541,0.5667170531552007,48299117.991687216,1.3457802689313536
Samu Costa,Mallorca,ESP,2025-2026,Centrocampista,24.0,2697,34.0,2.001368925393566,576.0,0.06674082313681869,1.0011123470522802,,2.135706340378198,2.2691879866518354,0.2335928809788654,,0.867630700778643,0.0,0.9117647058823529,1.2347052280311457,42,17,0.06607286492207226,0.14274060633965874,0.3670745272525027,15000000.0,8386997.340583352,1.788482741900653,11128266.241566062,1.347918864842784
Simon Sohm,Bologna,ITA,2025-2026,Centrocampista,24.0,717,12.0,0.999315537303217,576.0,0.0,0.2510460251046025,right,1.1297071129707112,0.37656903765690375,0.0,188.0,0.37656903765690375,0.0,0.75,0.6276150627615062,56,8,0.25666301162079536,0.09961854533982077,0.12552301255230125,8000000.0,9492198.010692678,0.8427974206804618,5932227.623563849,1.3485659195244963
Bilal El Khannouss,Stuttgart,GER,2025-2026,Centrocampista,21.0,1630,25.0,4.0,441.0,0.27607361963190186,3.5889570552147236,right,1.049079754601227,0.49693251533742333,0.22085889570552147,180.0,0.5521472392638037,0.0,0.76,1.1595092024539877,62,4,0.29130092120380857,0.17076639132288518,0.3312883435582822,35000000.0,34023806.37581282,1.0286914877602038,25916058.225388106,1.350514020905888
Anthony Rouault,Rennes,FRA,2025-2026,Defensa,24.0,1724,21.0,3.0006844626967832,576.0,0.0,0.0,right,1.357308584686775,0.4176334106728538,0.052204176334106726,186.0,0.9396751740139211,0.0,0.9047619047619048,0.6786542923433875,59,6,0.008745056127571866,0.13434607207152793,0.2088167053364269,12000000.0,14395170.711440658,0.8336128998083309,8852411.811289523,1.3555627839970508
Giovani Lo Celso,Real Betis,ESP,2025-2026,Centrocampista,29.0,1393,24.0,2.001368925393566,841.0,0.19382627422828427,3.9411342426417804,left,0.5814788226848528,2.7135678391959797,0.12921751615218952,177.0,0.38765254845656855,0.0,0.625,0.8399138549892319,60,5,0.18597035106520213,0.18760704588511398,0.25843503230437903,8000000.0,4817279.45345919,1.6606883775977255,5872329.68469263,1.3623213323416696
Hugo Bueno,Wolves,ENG,2025-2026,Centrocampista,22.0,2366,35.0,2.001368925393566,484.0,0.0760777683854607,6.314454775993237,left,0.6466610312764158,0.9129332206255283,0.03803888419273035,180.0,1.2552831783601015,0.0,0.7428571428571429,1.331360946745562,20,20,0.14010833659770625,0.03409113250011523,0.11411665257819104,12000000.0,13207614.940547582,0.9085667665219263,8784251.31487062,1.3660811342778327
Nabil Bentaleb,Lille,FRA,2025-2026,Centrocampista,30.0,1287,26.0,2.001368925393566,900.0,0.13986013986013987,1.6783216783216783,left,0.9790209790209791,1.2587412587412588,0.13986013986013987,189.0,1.048951048951049,1.0,0.5,0.8391608391608392,61,3,0.12389633439845973,0.0842420370611069,0.2097902097902098,4500000.0,3716799.078480872,1.2107191981545684,3275632.567064129,1.3737804554902329
Mats Wieffer,Brighton,ENG,2025-2026,Defensa,25.0,1903,26.0,3.0006844626967832,625.0,0.1418812401471361,0.8039936941671046,right,1.4188124014713608,1.0404624277456647,0.09458749343142406,189.0,1.1350499211770888,0.0,0.8846153846153846,2.0336311087756176,53,8,0.13568683558242045,0.09115549036376551,0.37834997372569623,25000000.0,27184533.950081844,0.9196405590732863,18187766.067605354,1.3745503382368696
Ngal'Ayel Mukau,Lille,FRA,2025-2026,Centrocampista,20.0,1534,30.0,2.001368925393566,400.0,0.0,0.29335071707953064,left,1.5840938722294653,1.349413298565841,0.05867014341590612,186.0,0.8213820078226858,0.0,0.6333333333333333,1.0560625814863103,61,3,0.029999890772691374,0.15114064063668017,0.1760104302477184,15000000.0,14477591.966471195,1.0360839036449332,10896772.331541417,1.3765544092888427
Mamadou Coulibaly,Monaco,FRA,2025-2026,Centrocampista,21.0,1381,25.0,2.001368925393566,441.0,0.19551049963794354,0.9775524981897177,left,2.0202751629254165,1.0427226647356986,0.19551049963794354,179.0,1.3685734974656047,0.0,0.6,1.3685734974656047,54,7,0.11487964041676753,0.12950918940013945,0.4561911658218682,15000000.0,12303592.843054326,1.2191560783375452,10880423.313722176,1.3786228318049256
Nelson Weiper,Mainz 05,GER,2025-2026,Delantero,20.0,558,24.0,0.999315537303217,400.0,0.0,0.967741935483871,right,0.967741935483871,0.4838709677419355,0.0,192.0,0.4838709677419355,0.0,0.125,0.3225806451612903,40,10,0.06382455508555136,0.4480074358082587,0.16129032258064516,7000000.0,4285816.032303615,1.6332945574981945,5077483.633770967,1.3786356598851723
Jay Idzes,Sassuolo,ITA,2025-2026,Defensa,25.0,3061,35.0,3.0006844626967832,625.0,0.0,0.02940215615811826,right,0.9702711532179026,0.41163018621365566,0.0,190.0,1.117281934008494,0.0,1.0,0.4410323423717739,49,11,0.021886416570651924,0.005883249840299042,0.05880431231623652,14000000.0,10282314.852760475,1.3615611076372987,10151689.699092198,1.3790807653677528
Roberto Piccoli,Fiorentina,ITA,2025-2026,Delantero,24.0,1672,32.0,0.999315537303217,576.0,0.053827751196172245,0.21531100478468898,right,1.8301435406698563,2.15311004784689,0.21531100478468898,190.0,0.21531100478468898,0.0,0.5,0.053827751196172245,42,15,0.08542779670988151,0.36750505759679314,0.053827751196172245,14000000.0,7617957.677993511,1.8377629007368614,10143772.609147148,1.3801571209685337
Omar El Hilali,Espanyol,ESP,2025-2026,Defensa,21.0,2826,36.0,0.999315537303217,441.0,0.06369426751592357,1.8152866242038215,,1.4012738853503184,0.7643312101910827,0.0,,1.2420382165605095,0.0,0.8888888888888888,1.7515923566878981,46,11,0.05393686772555493,0.0004353926511137349,0.28662420382165604,15000000.0,9627961.302775357,1.5579622235993096,10856645.50592694,1.3816422385543572
Lewis Dunk,Brighton,ENG,2025-2026,Defensa,33.0,2838,33.0,0.999315537303217,1089.0,0.0,0.15856236786469347,right,0.4439746300211416,0.3805496828752643,0.03171247357293869,192.0,0.9513742071881607,0.0,0.9393939393939394,0.6976744186046512,53,8,0.017296303748832443,0.04239599738293672,0.31712473572938693,3500000.0,4894456.417825975,0.7150947319201247,2522097.4029014483,1.3877338741848597
Daniel Ballard,Sunderland,ENG,2025-2026,Defensa,25.0,2149,29.0,3.0006844626967832,625.0,0.0,0.041879944160074456,right,1.2145183806421591,1.2145183806421591,0.08375988832014891,187.0,0.8375988832014891,0.0,0.8275862068965517,0.7119590507212658,54,7,,,0.16751977664029782,20000000.0,31249202.93973643,0.6400163242105621,14397892.46729368,1.3890921914740018
Rémy Cabella,Nantes,FRA,2025-2026,Centrocampista,35.0,572,11.0,0.999315537303217,1225.0,0.0,5.821678321678322,right,1.1013986013986015,1.7307692307692308,0.3146853146853147,172.0,0.9440559440559441,1.0,0.5454545454545454,1.1013986013986015,23,17,0.1807472708967182,0.409195673736659,0.15734265734265734,1200000.0,410175.47777442564,2.925577137158685,863792.7631815462,1.3892221041307704
Ruben Aguilar,Lens,FRA,2025-2026,Centrocampista,32.0,1720,26.0,2.001368925393566,1024.0,0.10465116279069767,4.5,right,1.3604651162790697,0.627906976744186,0.10465116279069767,172.0,1.255813953488372,0.0,0.7692307692307693,1.255813953488372,70,2,0.16929841240824656,0.05463868462978754,0.313953488372093,2500000.0,2509075.0098038926,0.9963831253476149,1799428.4046461051,1.3893300747865414
João Palhinha,Tottenham,ENG,2025-2026,Centrocampista,30.0,2198,33.0,4.0,900.0,0.0818926296633303,0.1637852593266606,right,1.1464968152866242,1.4740673339399455,0.20473157415832574,190.0,1.1464968152866242,0.0,0.696969696969697,2.4977252047315743,41,17,0.031489294189264876,0.13951919378850056,0.3275705186533212,15000000.0,14065183.185315637,1.0664631809175675,10767612.76469871,1.3930664417257874
Noa Lang,Napoli,ITA,2025-2026,Delantero,26.0,666,18.0,4.0,676.0,0.2702702702702703,5.945945945945946,right,0.6756756756756757,1.4864864864864864,0.13513513513513514,176.0,0.2702702702702703,0.0,0.3888888888888889,1.0810810810810811,76,2,0.26688633209748847,0.18448519772170366,0.2702702702702703,22000000.0,16407640.050880518,1.3408387758250078,15784928.766815647,1.3937345125212206
Alisson Santos,Napoli,ITA,2025-2026,Centrocampista,22.0,834,14.0,4.0,484.0,0.0,4.532374100719425,right,0.4316546762589928,0.8633093525179856,0.4316546762589928,177.0,0.2158273381294964,0.0,0.6428571428571429,0.8633093525179856,76,2,0.17394216275579638,0.1631048383365432,0.1079136690647482,28000000.0,20893117.79265718,1.3401542210153292,20079338.276141874,1.3944682645876532
Ibrahim Maza,Leverkusen,GER,2025-2026,Centrocampista,19.0,1849,28.0,4.0,361.0,0.19469983775013522,3.1151974040021635,right,0.9248242293131422,1.752298539751217,0.1460248783126014,180.0,0.7787993510005409,0.0,0.7142857142857143,1.1681990265008113,59,6,0.2137100078334771,0.2927643249769382,0.09734991887506761,45000000.0,31449839.114850126,1.4308499269476929,32156574.26777985,1.3994027978623633
Mikel Vesga,Athletic Club,ESP,2025-2026,Centrocampista,32.0,465,23.0,3.0006844626967832,1024.0,0.0,0.7741935483870968,left,1.5483870967741935,1.3548387096774195,0.0,191.0,1.7419354838709677,0.0,0.043478260869565216,1.935483870967742,45,12,0.024078505954915477,0.041762067185294245,0.0,1200000.0,1033689.5045739957,1.1608901848089714,856350.8494168543,1.4012948090343567
Gabriel Strefezza,Parma,ITA,2025-2026,Delantero,28.0,1007,14.0,3.0006844626967832,784.0,0.17874875868917575,3.664349553128103,right,1.8768619662363457,2.502482621648461,0.17874875868917575,168.0,0.4468718967229394,0.0,0.9285714285714286,1.0724925521350546,45,12,0.09557495847189024,0.09440184636513194,0.26812313803376364,6500000.0,5532715.7312514745,1.17482992362771,4626094.601224137,1.4050728660585539
Nicolò Fagioli,Fiorentina,ITA,2025-2026,Centrocampista,24.0,2554,33.0,2.001368925393566,576.0,0.10571652310101802,2.9600626468285043,right,0.8104933437744714,1.5857478465152701,0.07047768206734534,178.0,0.6342991386061081,0.0,0.9090909090909091,1.0924040720438528,42,15,0.18410011561486808,0.06711034501699283,0.17619420516836337,16000000.0,9552399.739365876,1.6749717805530342,11363688.798809847,1.4079935031022432
Jhon Lucumí,Bologna,ITA,2025-2026,Defensa,27.0,2287,29.0,4.0,729.0,0.0,0.03935286401399213,left,0.9051158723218189,0.7477044162658504,0.03935286401399213,187.0,1.1805859204197637,0.0,0.896551724137931,0.8657630083078268,56,8,0.030982230342419637,0.05425290349963768,0.19676432006996064,22000000.0,10715276.80393944,2.053143414075105,15601407.013751987,1.4101292262042726
Ibrahima Sissoko,Nantes,FRA,2025-2026,Centrocampista,27.0,803,13.0,2.001368925393566,729.0,0.0,0.6724782067247821,right,2.8019925280199254,0.8966376089663761,0.0,193.0,1.7932752179327522,0.0,0.6923076923076923,0.7845579078455791,23,17,0.10069454596801238,0.018562440740717008,0.44831880448318806,2000000.0,1540108.811967665,1.2986095426885917,1417818.80353869,1.4106174886440086
Luka Sučić,Real Sociedad,ESP,2025-2026,Centrocampista,22.0,1022,22.0,3.0006844626967832,484.0,0.08806262230919765,0.5283757338551859,left,0.9686888454011742,0.5283757338551859,0.26418786692759294,185.0,0.44031311154598823,0.0,0.45454545454545453,0.7045009784735812,46,10,0.03186833146237814,0.15500455207160424,0.08806262230919765,10000000.0,5778696.490176267,1.7304940685152632,7081640.056878153,1.4121022700507553
Diogo Leite,Union Berlin,GER,2025-2026,Defensa,26.0,1963,23.0,,676.0,0.0,0.32093734080489045,left,1.1920529801324504,1.1920529801324504,0.0,190.0,2.0173204279164545,0.0,1.0,0.6877228731533367,39,11,0.021206962008274034,0.03643913058847781,0.18339276617422312,12000000.0,7365828.794521384,1.6291445721526214,8492512.360692615,1.4130094241065465
Rafael Leão,Milan,ITA,2025-2026,Delantero,26.0,1851,29.0,4.0,676.0,0.1458670988654781,1.2155591572123177,right,0.9238249594813613,1.653160453808752,0.4376012965964344,188.0,0.24311183144246354,2.0,0.7931034482758621,0.1458670988654781,70,5,0.24201571719488504,0.466865233569806,0.24311183144246354,50000000.0,40016630.41508693,1.249480515509601,35382707.738803506,1.4131196619857898
Maxim De Cuyper,Brighton,ENG,2025-2026,Defensa,24.0,1414,30.0,4.0,576.0,0.19094766619519093,4.900990099009901,left,1.1456859971711457,1.3366336633663365,0.1272984441301273,182.0,0.7001414427157001,0.0,0.5666666666666667,0.6364922206506365,53,8,0.2982365505116474,0.11086603061492323,0.1272984441301273,22000000.0,32358658.12888511,0.6798798612839139,15560623.265482724,1.4138251164271416
Bamba Dieng,Lorient,FRA,2025-2026,Delantero,25.0,1212,22.0,2.001368925393566,625.0,0.07425742574257425,0.1485148514851485,right,1.113861386138614,0.9653465346534653,0.7425742574257425,178.0,0.1485148514851485,1.0,0.6818181818181818,0.1485148514851485,45,9,,,0.1485148514851485,15000000.0,7183959.175639799,2.08798513928973,10596820.206096422,1.4155189677909605
Yeray Álvarez,Athletic Club,ESP,2025-2026,Defensa,30.0,513,7.0,2.001368925393566,900.0,0.0,0.3508771929824561,right,0.5263157894736842,0.8771929824561403,0.0,182.0,2.4561403508771926,0.0,0.8571428571428571,0.17543859649122806,45,12,0.019891417601652313,0.022512514863097875,0.0,900000.0,1017827.6067787111,0.884236184994412,635538.1279871933,1.416122747584604
Hugo Ekitike,Liverpool,ENG,2025-2026,Delantero,23.0,1803,28.0,4.999315537303217,529.0,0.19966722129783696,0.34941763727121466,right,1.7470881863560732,0.5990016638935108,0.5490848585690515,190.0,0.19966722129783696,0.0,0.75,0.34941763727121466,60,5,0.12435802040054476,0.5956167120257154,0.0,80000000.0,88144383.49652503,0.9076017872784133,56357773.40332904,1.4195024957333469
Nemanja Matić,Sassuolo,ITA,2025-2026,Centrocampista,36.0,2660,34.0,0.999315537303217,1296.0,0.03383458646616542,0.3721804511278195,left,0.81203007518797,1.3195488721804511,0.03383458646616542,194.0,0.9135338345864662,0.0,0.9117647058823529,0.9473684210526315,49,11,0.030966331405018956,0.011153627761212506,0.23684210526315788,1600000.0,1318011.9074653937,1.2139495788599393,1126704.9813003177,1.4200700507718158
Lucas Torró,Osasuna,ESP,2025-2026,Centrocampista,31.0,2293,34.0,0.999315537303217,961.0,0.03924989097252508,0.07849978194505015,,1.569995638901003,1.059747056258177,0.0,,1.1774967291757523,0.0,0.9117647058823529,0.7457479284779764,42,16,0.049538274250544426,0.08788430636827467,0.23549934583515048,2500000.0,2406127.491673181,1.0390139378115586,1760148.2121238504,1.420334937012731
Guido Rodríguez,Valencia,ESP,2025-2026,Centrocampista,31.0,1309,16.0,2.001368925393566,961.0,0.0,0.20626432391138275,right,1.4438502673796794,1.9251336898395721,0.2750190985485103,185.0,0.6875477463712758,0.0,0.875,1.8563789152024448,49,9,0.024346897878020295,0.05566177290641596,0.2750190985485103,4000000.0,2486392.035668043,1.6087567618536396,2815287.851198497,1.4208138604005123
Oumar Solet,Udinese,ITA,2025-2026,Defensa,25.0,2959,35.0,0.999315537303217,625.0,0.03041568097330179,0.6083136194660358,right,0.9124704291990537,0.8820547482257519,0.09124704291990537,192.0,1.429537005745184,1.0,0.9714285714285714,1.7336938154782022,50,10,0.06994634342353745,0.08818360344872217,0.03041568097330179,23000000.0,12428577.852069028,1.8505737562058326,16147553.949719194,1.4243643385009388
Hugo Larsson,Frankfurt,GER,2025-2026,Centrocampista,21.0,1812,25.0,0.999315537303217,441.0,0.09933774834437085,0.4470198675496689,right,0.347682119205298,0.09933774834437085,0.09933774834437085,187.0,1.3410596026490067,0.0,0.84,0.4470198675496689,44,8,0.05895287014346644,0.07063224288752143,0.0,28000000.0,12092131.725388244,2.3155553243943015,19655574.062854804,1.4245322935092763
Joël Veltman,Brighton,ENG,2025-2026,Defensa,33.0,1058,24.0,0.999315537303217,1089.0,0.0,1.5311909262759924,right,0.8506616257088847,1.8714555765595464,0.08506616257088848,184.0,1.616257088846881,0.0,0.375,1.446124763705104,53,8,0.021438289483012685,0.09053423923276549,0.42533081285444235,1500000.0,2285122.6210157983,0.656419916465231,1052751.6697871569,1.4248374455708694
Hassane Kamara,Udinese,ITA,2025-2026,Centrocampista,31.0,1861,26.0,2.001368925393566,961.0,0.09672219236969372,3.9172487909725957,left,0.7737775389575497,0.5319720580333154,0.0,170.0,1.2090274046211715,0.0,0.8461538461538461,0.967221923696937,50,10,0.12157103631291129,0.04303004848883397,0.24180548092423426,3000000.0,2360158.6729335203,1.2711009791012058,2096568.730163517,1.4309094459145262
Ramy Bensebaini,Dortmund,GER,2025-2026,Defensa,30.0,1530,21.0,0.999315537303217,900.0,0.11764705882352941,0.6470588235294117,left,1.823529411764706,0.9411764705882353,0.29411764705882354,187.0,1.0588235294117647,2.0,0.7142857142857143,0.823529411764706,73,2,0.04239012574886575,0.1916309034670977,0.3529411764705882,7000000.0,9026397.357204527,0.775503196124295,4872932.555952811,1.4365066455616644
David Affengruber,Elche,ESP,2025-2026,Defensa,24.0,2949,36.0,0.999315537303217,576.0,0.030518819938962362,0.2441505595116989,,1.0376398779247202,1.0681586978636826,0.030518819938962362,,1.525940996948118,0.0,0.9166666666666666,1.525940996948118,43,13,0.04499042580057682,0.040522757505511035,0.21363173957273654,20000000.0,7451900.958218192,2.6838789339978235,13880816.7450982,1.440837406564185
Iván Balliu,Rayo Vallecano,ESP,2025-2026,Defensa,33.0,582,14.0,0.999315537303217,1089.0,0.0,1.3917525773195876,right,1.3917525773195876,0.7731958762886598,0.0,172.0,1.3917525773195876,0.0,0.42857142857142855,1.3917525773195876,50,8,0.014491561396988395,0.14338794183562098,0.30927835051546393,1000000.0,660854.407563166,1.5131926012075778,693203.2568344496,1.4425783349122658
Leonardo Spinazzola,Napoli,ITA,2025-2026,Centrocampista,32.0,1901,32.0,2.001368925393566,1024.0,0.14203051025775906,3.456075749605471,right,0.4260915307732772,0.47343503419253025,0.14203051025775906,186.0,0.1893740136770121,0.0,0.6875,0.47343503419253025,76,2,0.12339070431010181,0.057219153006552774,0.09468700683850605,3500000.0,3521607.0706771896,0.9938644288691088,2409581.1060207244,1.4525346298801436
Jeff Ekhator,Genoa,ITA,2025-2026,Delantero,18.0,956,30.0,4.999315537303217,324.0,0.0,0.8472803347280335,right,1.8828451882845187,1.788702928870293,0.2824267782426778,188.0,0.18828451882845187,0.0,0.3,0.7531380753138075,41,16,0.08185043356237177,0.30010729685238713,0.2824267782426778,18000000.0,10335768.806800483,1.7415250221306022,12368240.98655127,1.4553403365581636
Abde Ezzalzouli,Real Betis,ESP,2025-2026,Centrocampista,23.0,2247,29.0,3.0006844626967832,529.0,0.3204272363150868,2.2029372496662214,,1.1214953271028036,2.843791722296395,0.40053404539385845,,0.6008010680907877,0.0,0.896551724137931,1.2817089452603472,60,5,,,0.12016021361815754,40000000.0,34545918.95039225,1.157879171124085,27470593.655285485,1.4561024964345388
Lorenzo De Silvestri,Bologna,ITA,2025-2026,Defensa,37.0,491,12.0,0.999315537303217,1369.0,0.0,1.2830957230142568,right,1.64969450101833,0.5498981670061099,0.0,187.0,1.2830957230142568,0.0,0.5,0.18329938900203666,56,8,0.029095462703595577,0.0,0.3665987780040733,600000.0,540577.1956944057,1.1099247337454958,411611.590162144,1.457684900864053
Lorenzo Bernasconi,Atalanta,ITA,2025-2026,Centrocampista,21.0,1572,23.0,4.0,441.0,0.17175572519083968,6.469465648854962,left,0.45801526717557256,0.2862595419847328,0.0,190.0,0.8015267175572519,0.0,0.7391304347826086,0.9160305343511451,59,7,0.18012075226412705,0.02396537625508113,0.17175572519083968,20000000.0,17079633.798964866,1.1709852936783767,13701243.78540215,1.4597214904904323
Jon Gorrotxategi,Real Sociedad,ESP,2025-2026,Centrocampista,23.0,2210,30.0,4.0,529.0,0.12217194570135746,0.20361990950226247,,1.3438914027149322,1.0995475113122173,0.04072398190045249,,1.262443438914027,0.0,0.8666666666666667,1.1809954751131222,46,10,0.040320203740706,0.03669900075865412,0.2850678733031674,25000000.0,11199186.443342092,2.232305009518123,17102904.028880265,1.4617400622598689
Nicolas Seiwald,RB Leipzig,GER,2025-2026,Centrocampista,24.0,2694,33.0,2.001368925393566,576.0,0.06681514476614699,0.20044543429844097,right,0.6013363028953229,0.20044543429844097,0.0,179.0,2.0044543429844097,0.0,0.9393939393939394,1.5701559020044544,65,3,0.06043696989676602,0.06075106756160148,0.06681514476614699,25000000.0,26263353.457544524,0.9518967195264393,17072943.92871457,1.4643051663722217
Yéremy Pino,Crystal Palace,ENG,2025-2026,Centrocampista,22.0,2080,34.0,4.0,484.0,0.08653846153846154,3.4182692307692304,right,1.2980769230769231,1.0384615384615385,0.08653846153846154,174.0,0.34615384615384615,0.0,0.7647058823529411,0.8653846153846154,45,15,,,0.17307692307692307,30000000.0,35291419.355816595,0.850064988815915,20467110.641617883,1.4657662493404375
Mattias Svanberg,Wolfsburg,GER,2025-2026,Centrocampista,26.0,861,24.0,0.999315537303217,676.0,0.10452961672473868,0.8362369337979094,right,1.8815331010452963,1.9860627177700347,0.313588850174216,186.0,1.0452961672473868,0.0,0.3333333333333333,0.7317073170731708,29,16,0.08929589886594733,0.31376695266895593,0.627177700348432,8000000.0,2591188.755329156,3.087386043778879,5443473.329235115,1.4696498937607752
Karl Etta Eyong,Levante,ESP,2025-2026,Delantero,21.0,1416,30.0,3.0006844626967832,441.0,0.1271186440677966,0.826271186440678,right,1.8432203389830508,1.906779661016949,0.3813559322033898,181.0,0.3813559322033898,0.0,0.5,0.6991525423728814,42,18,,,0.1906779661016949,15000000.0,6377267.063454688,2.3521047261699923,10204869.590420488,1.469886495568821
Filip Kostić,Juventus,ITA,2025-2026,Centrocampista,32.0,479,18.0,2.001368925393566,1024.0,0.1878914405010438,9.206680584551147,left,1.5031315240083505,0.9394572025052192,0.5636743215031316,184.0,0.7515657620041752,0.0,0.2222222222222222,1.8789144050104385,69,6,0.12840000255371684,0.12670081999300667,0.1878914405010438,2000000.0,2050597.8353736273,0.9753253248877988,1360428.5115905365,1.4701250252846527
Arthur Theate,Frankfurt,GER,2025-2026,Defensa,25.0,2141,24.0,0.999315537303217,625.0,0.0,0.5464736104624007,left,0.6305464736104623,0.5464736104624007,0.04203643157403082,185.0,1.429238673517048,0.0,1.0,0.8827650630546474,44,8,0.02213915733429997,0.05984874435694821,0.3362914525922466,17000000.0,10602676.522093162,1.603368730959255,11527443.23306985,1.4747415932815455
Kieron Bowie,Hellas Verona,ITA,2025-2026,Delantero,22.0,1200,14.0,0.999315537303217,484.0,0.0,0.45,left,2.55,2.025,0.30000000000000004,190.0,0.0,0.0,1.0,0.225,21,19,0.033067780360579495,0.30744761098176243,0.07500000000000001,7000000.0,5303206.195676753,1.3199562192596803,4743120.939715509,1.475821529530693
Nikola Moro,Bologna,ITA,2025-2026,Centrocampista,27.0,1799,30.0,0.999315537303217,729.0,0.0,2.4513618677042803,right,0.9005002779321845,0.8504724847137298,0.10005558643690939,183.0,0.9505280711506393,0.0,0.6333333333333333,0.40022234574763754,56,8,0.102674010752795,0.046595187030480004,0.05002779321845469,7000000.0,6143216.229366421,1.1394682750279723,4722753.707355482,1.482186121435426
Jeanuël Belocian,Wolfsburg,GER,2025-2026,Defensa,20.0,1254,14.0,0.999315537303217,400.0,0.07177033492822966,0.28708133971291866,left,1.291866028708134,0.5741626794258373,0.0,186.0,1.1483253588516746,0.0,1.0,1.2200956937799043,29,16,0.033362600685021525,0.030349131103195072,0.21531100478468898,12000000.0,6987622.607352855,1.717322281740399,8094828.917876841,1.4824278711436227
Luis Díaz,Bayern Munich,GER,2025-2026,Centrocampista,28.0,2447,32.0,3.0006844626967832,784.0,0.5149162239476911,1.6550878626890069,right,1.2872905598692275,1.3976297507151614,0.551695954229669,179.0,0.6252554147936249,0.0,0.84375,0.47813649366571315,89,1,0.37231105194409186,0.5465459276765622,0.25745811197384555,70000000.0,73279166.84634013,0.9552510353561162,47174136.212468475,1.4838639479210747
Tyler Morton,Lyon,FRA,2025-2026,Centrocampista,22.0,2517,29.0,4.0,484.0,0.07151370679380215,2.967818831942789,right,1.036948748510131,0.6793802145411204,0.07151370679380215,185.0,0.8581644815256257,0.0,1.0,1.036948748510131,60,4,0.08683656824084444,0.07350717419236721,0.21454112038140644,30000000.0,26155726.29734763,1.146976369875923,20199611.215050515,1.4851770997279057
Dominic Calvert-Lewin,Leeds United,ENG,2025-2026,Delantero,28.0,2721,35.0,2.001368925393566,784.0,0.03307607497243661,0.29768467475192945,right,1.4884233737596473,1.2238147739801544,0.46306504961411243,189.0,0.16538037486218302,4.0,0.8571428571428571,0.13230429988974643,47,14,0.0510732883786682,0.6175739328605929,0.09922822491730982,22000000.0,24342375.680592638,0.9037737437246055,14809031.342817398,1.4855799471766484
Wilfried Gnonto,Leeds United,ENG,2025-2026,Delantero,21.0,537,23.0,0.999315537303217,441.0,0.16759776536312848,3.35195530726257,right,1.1731843575418994,1.8435754189944134,0.0,170.0,0.5027932960893855,0.0,0.17391304347826086,2.17877094972067,47,14,0.20901536683463517,0.07334925921103143,0.5027932960893855,16000000.0,12907856.907093808,1.239555110903564,10752565.202299563,1.4880170172395895
Antonio Rüdiger,Real Madrid,ESP,2025-2026,Defensa,32.0,1490,18.0,0.999315537303217,1024.0,0.0,0.12080536912751677,right,0.6644295302013423,0.12080536912751677,0.060402684563758385,190.0,0.24161073825503354,0.0,0.8888888888888888,0.30201342281879195,86,2,0.018822634430139658,0.0853598819258029,0.0,6000000.0,6899430.361639148,0.8696370113915516,4031101.6719135107,1.4884268590407146
Clément Lenglet,Atlético Madrid,ESP,2025-2026,Defensa,30.0,1391,19.0,0.999315537303217,900.0,0.06470165348670022,0.12940330697340044,left,1.4234363767074047,0.45291157440690155,0.0,186.0,1.2940330697340043,0.0,0.8947368421052632,0.6470165348670022,86,2,0.025473195472953132,0.019642529228473204,0.3882099209202013,4000000.0,8224779.764724279,0.4863352107196627,2686526.66272,1.488911335035909
El Chadaille Bitshiabu,RB Leipzig,GER,2025-2026,Defensa,20.0,655,11.0,0.999315537303217,400.0,0.0,0.0,left,0.549618320610687,0.0,0.0,196.0,0.8244274809160306,0.0,0.7272727272727273,0.8244274809160306,65,3,0.007798645048196079,0.01778993402956096,0.0,18000000.0,9988852.165492337,1.8020088496437172,12082889.88001935,1.489709844146256
Marcos Senesi,Bournemouth,ENG,2025-2026,Defensa,28.0,3288,37.0,4.0,784.0,0.13686131386861314,0.7664233576642335,left,0.9580291970802919,1.0127737226277373,0.0,184.0,1.3686131386861313,0.0,1.0,0.9306569343065693,57,6,0.11021946887417702,0.05065762328262693,0.21897810218978103,25000000.0,29728634.969274182,0.840940057484596,16760672.222308367,1.4915869523851872
Jobe Bellingham,Dortmund,GER,2025-2026,Centrocampista,19.0,1786,32.0,4.0,361.0,0.05039193729003359,0.251959686450168,right,0.7558790593505039,1.007838745800672,0.0,191.0,2.0660694288913772,0.0,0.625,1.1590145576707727,73,2,0.03892035563533744,0.049854605672474274,0.10078387458006718,40000000.0,33841699.29343414,1.1819737434922681,26718000.5955345,1.4971180143878497
Jens Odgaard,Bologna,ITA,2025-2026,Centrocampista,26.0,1378,26.0,3.0006844626967832,676.0,0.06531204644412192,0.9796806966618288,left,1.8287373004354135,1.8287373004354135,0.3265602322206096,188.0,0.2612481857764877,0.0,0.6153846153846154,0.7837445573294629,56,8,0.06115056801430546,0.17822341505486752,0.06531204644412192,12000000.0,12135230.80286881,0.9888563468577095,8014916.651556042,1.4972083331234993
Yan Couto,Dortmund,GER,2025-2026,Centrocampista,23.0,997,19.0,0.999315537303217,529.0,0.18054162487462388,4.874623871614844,right,1.5346038114343028,1.1735205616850553,0.18054162487462388,168.0,0.8124373119358075,0.0,0.5789473684210527,1.354062186559679,73,2,0.257251132373047,0.08696076944993515,0.36108324974924777,17000000.0,20593726.267957862,0.8254941227635232,11329132.547321577,1.5005561925408955
Pervis Estupiñán,Milan,ITA,2025-2026,Centrocampista,27.0,1034,19.0,4.0,729.0,0.08704061895551257,1.7408123791102517,left,1.4796905222437136,0.6963249516441006,0.08704061895551257,175.0,0.9574468085106382,0.0,0.6842105263157895,0.7833655705996132,70,5,,,0.4352030947775629,12000000.0,9957705.106825123,1.205096944653951,7995485.675985045,1.5008469136581373
Sepp van den Berg,Brentford,ENG,2025-2026,Defensa,23.0,2763,32.0,3.0006844626967832,529.0,0.06514657980456026,0.0,right,0.48859934853420195,0.3583061889250814,0.0,192.0,0.8469055374592834,0.0,0.9375,0.2931596091205212,53,9,0.0715683602063586,0.10856299918957953,0.06514657980456026,32000000.0,38441886.93190041,0.8324253192016255,21270893.658015165,1.5044031771529243
Clinton Mata,Lyon,FRA,2025-2026,Defensa,32.0,2833,32.0,2.001368925393566,1024.0,0.0,0.6353688669255206,right,1.1118955171196612,1.1118955171196612,0.0,180.0,0.8259795270031769,0.0,1.0,0.6671373102717967,60,4,0.0027445853453430657,0.005465365671465602,0.15884221673138016,2500000.0,3004721.11538246,0.8320239729409243,1658804.149818634,1.5071098057436971
Jeffrey Gouweleeuw,Augsburg,GER,2025-2026,Defensa,34.0,848,11.0,0.999315537303217,1156.0,0.1061320754716981,0.5306603773584906,right,0.7429245283018868,0.31839622641509435,0.0,188.0,1.3797169811320755,0.0,0.9090909090909091,1.0613207547169812,43,9,0.04020174993817115,0.025146286165833757,0.31839622641509435,1000000.0,418139.0919883344,2.3915486955424368,663389.5078172146,1.507410033195057
Elif Elmas,Napoli,ITA,2025-2026,Centrocampista,25.0,1783,33.0,0.999315537303217,625.0,0.15143017386427368,2.0695457094784073,right,0.9085810431856423,0.6561974200785193,0.050476724621424565,184.0,0.35333707234997197,0.0,0.6060606060606061,0.6561974200785193,76,2,,,0.15143017386427368,13000000.0,19367374.642220985,0.671231916568595,8622597.65544196,1.5076663111835376
James Hill,Bournemouth,ENG,2025-2026,Defensa,23.0,2106,29.0,3.0006844626967832,529.0,0.12820512820512822,0.4700854700854701,right,0.7264957264957266,0.5555555555555556,0.0,188.0,1.5811965811965811,0.0,0.7586206896551724,0.8547008547008547,57,6,0.061075517063976355,0.04060905227740096,0.21367521367521367,23000000.0,34804646.77900032,0.6608313006606131,15232173.764402563,1.5099617661761953
Noah Nartey,Lyon,FRA,2025-2026,Centrocampista,19.0,545,11.0,4.0,361.0,0.0,0.8256880733944955,right,0.9908256880733946,1.1559633027522938,0.3302752293577982,180.0,0.3302752293577982,0.0,0.45454545454545453,0.9908256880733946,60,4,0.013734702499361214,0.17797938180625988,0.0,15000000.0,13207039.612025172,1.13575793218204,9927812.681396017,1.510906831281062
Leon Avdullahu,Hoffenheim,GER,2025-2026,Centrocampista,21.0,2834,33.0,4.999315537303217,441.0,0.03175723359209598,0.4763585038814397,right,0.8574453069865915,0.38108680310515175,0.0,185.0,1.0479887085391673,0.0,0.9696969696969697,0.9527170077628794,61,5,0.042086532661505964,0.01660883172639319,0.1587861679604799,30000000.0,31396773.381182615,0.9555121997975831,19848360.99907657,1.5114598127974257
Fábio Silva,Dortmund,GER,2025-2026,Delantero,23.0,817,28.0,4.0,529.0,0.6609547123623011,1.3219094247246022,right,2.0930232558139537,1.101591187270502,0.22031823745410034,185.0,0.22031823745410034,0.0,0.25,0.22031823745410034,73,2,0.30400480514203027,0.2319055669137358,0.33047735618115054,22000000.0,14036282.884687029,1.5673665300662356,14506606.852513287,1.5165503707152905
Calvin Verdonk,Lille,FRA,2025-2026,Defensa,28.0,790,18.0,2.001368925393566,784.0,0.0,3.4177215189873418,left,1.5949367088607596,0.34177215189873417,0.0,174.0,1.7088607594936709,0.0,0.3888888888888889,1.139240506329114,61,3,0.07925091804111306,0.005093461975360973,0.34177215189873417,2500000.0,2806191.388041537,0.89088720414924,1646938.257669588,1.5179682591972157
Igor Paixão,Marseille,FRA,2025-2026,Centrocampista,25.0,1975,30.0,4.0,625.0,0.22784810126582278,2.59746835443038,right,0.9569620253164557,1.549367088607595,0.27341772151898736,168.0,0.7746835443037975,0.0,0.7333333333333333,0.5468354430379747,59,5,0.1150154624464391,0.2545378560601156,0.13670886075949368,35000000.0,23288319.943829972,1.502899311088902,23020960.720040668,1.5203535780125415
Rayan,Bournemouth,ENG,2025-2026,Centrocampista,18.0,1111,15.0,4.999315537303217,324.0,0.162016201620162,1.9441944194419443,left,0.7290729072907292,0.48604860486048607,0.40504050405040504,187.0,0.648064806480648,0.0,0.8666666666666667,0.48604860486048607,57,6,0.22511371819622658,0.21616287452347316,0.081008100810081,60000000.0,76663534.90259865,0.7826406658162874,39415037.6037519,1.5222616454966575
Josip Stanišić,Bayern Munich,GER,2025-2026,Defensa,25.0,1857,26.0,3.0006844626967832,625.0,0.14539579967689822,1.7447495961227786,both,0.3877221324717286,0.5331179321486268,0.09693053311793215,187.0,0.8723747980613893,0.0,0.7307692307692307,1.0177705977382876,89,1,0.17655966033096845,0.07122020524518748,0.048465266558966075,40000000.0,39513603.939673044,1.0123095848475263,26260441.135369446,1.5232036580727935
Giovanni Di Lorenzo,Napoli,ITA,2025-2026,Defensa,31.0,2276,26.0,4.0,961.0,0.03954305799648506,1.5026362038664325,right,1.304920913884007,0.9094903339191565,0.07908611599297012,183.0,0.35588752196836554,0.0,1.0,1.0281195079086116,76,2,0.11847996499114433,0.07713176640690106,0.03954305799648506,7500000.0,7537980.786664534,0.994961411054307,4914266.058187891,1.5261688950487113
Hamari Traoré,Paris FC,FRA,2025-2026,Defensa,33.0,1150,18.0,0.999315537303217,1089.0,0.0782608695652174,2.1130434782608694,right,1.6434782608695653,0.4695652173913044,0.0,175.0,1.4086956521739131,0.0,0.7777777777777778,1.7217391304347824,76,1,0.0630790310466419,0.028484060761073363,0.3130434782608696,1500000.0,1765613.172040636,0.8495632133658987,981989.6872558276,1.5275109499283577
Dean Huijsen,Real Madrid,ESP,2025-2026,Defensa,20.0,2034,28.0,4.0,400.0,0.08849557522123894,0.04424778761061947,both,0.9292035398230089,0.5752212389380531,0.08849557522123894,197.0,0.7964601769911505,0.0,0.8571428571428571,0.7964601769911505,86,2,0.05068351201449348,0.10298153711070794,0.30973451327433627,60000000.0,52477370.07313911,1.1433499795507358,39075740.953235246,1.535479520959214
Kristoffer Ajer,Brentford,ENG,2025-2026,Defensa,27.0,1810,27.0,4.0,729.0,0.04972375690607735,0.34806629834254144,right,1.143646408839779,0.24861878453038672,0.0,198.0,0.7458563535911602,0.0,0.7407407407407407,1.143646408839779,53,9,0.04496448338855037,0.05240459647544181,0.1988950276243094,22000000.0,22947012.79158601,0.9587304543651428,14310480.504561072,1.537334822054934
Gabriel Suazo,Sevilla,ESP,2025-2026,Defensa,27.0,2096,29.0,2.001368925393566,729.0,0.08587786259541984,4.0791984732824424,left,1.4169847328244274,0.6440839694656488,0.0,178.0,1.245229007633588,0.0,0.8620689655172413,2.6622137404580153,43,15,0.1197408023556936,0.013319368728344109,0.3005725190839695,6000000.0,3795529.255896773,1.5808072064464629,3902523.647589646,1.5374666605046299
Malick Fofana,Lyon,FRA,2025-2026,Centrocampista,20.0,749,12.0,,400.0,0.12016021361815754,3.484646194926569,right,1.3217623497997328,2.6435246995994657,0.24032042723631508,169.0,0.3604806408544727,0.0,0.75,0.6008010680907877,60,4,0.27103971381571007,0.3255448238961448,0.12016021361815754,30000000.0,16782657.04135461,1.7875596174119608,19501172.787204288,1.5383690164360027
Federico Gatti,Juventus,ITA,2025-2026,Defensa,27.0,1093,21.0,4.0,729.0,0.0,0.16468435498627632,right,1.3998170173833486,0.4940530649588289,0.16468435498627632,190.0,0.9881061299176578,0.0,0.5714285714285714,0.8234217749313816,69,6,0.0170607930466819,0.16164446324587195,0.24702653247941445,14000000.0,10785853.947875598,1.297996437524306,9096687.638106287,1.5390217359287568
Melvin Bard,Nice,FRA,2025-2026,Defensa,24.0,2394,29.0,0.999315537303217,576.0,0.03759398496240601,2.894736842105263,left,0.9774436090225563,1.0150375939849623,0.07518796992481203,173.0,1.5413533834586466,0.0,0.896551724137931,1.0902255639097744,32,16,0.06782045640415492,0.029943467159860564,0.15037593984962405,10000000.0,5887645.247126671,1.6984718984011935,6491499.72378341,1.5404760726342213
Chemsdine Talbi,Sunderland,ENG,2025-2026,Centrocampista,20.0,1561,28.0,4.0,400.0,0.05765534913516976,2.8827674567584882,right,0.2882767456758488,0.05765534913516976,0.23062139654067904,175.0,0.1729660474055093,0.0,0.5714285714285714,0.3459320948110186,54,7,0.03461511001410887,0.13397799396122556,0.0,25000000.0,36484848.289016806,0.6852159505217364,16222790.031765394,1.5410419509250994
Marc Guéhi,Crystal Palace,ENG,2025-2026,Defensa,25.0,1800,20.0,4.999315537303217,625.0,0.1,0.5,right,0.7,0.9,0.1,182.0,1.2000000000000002,0.0,1.0,0.9500000000000001,45,15,0.1363296139286831,0.2348668249323964,0.2,70000000.0,48339687.07938166,1.4480855013614087,45065776.30722715,1.55328512534187
Leon Goretzka,Bayern Munich,GER,2025-2026,Centrocampista,30.0,1947,31.0,2.001368925393566,900.0,0.13867488443759632,0.3235747303543914,right,0.6933744221879815,0.7395993836671803,0.23112480739599384,189.0,1.2018489984591678,0.0,0.8064516129032258,0.8782742681047766,89,1,0.1084849234234157,0.22578924584370363,0.18489984591679506,12000000.0,19329515.04615523,0.6208122641124864,7694516.727501772,1.5595521362777147
Ange-Yoan Bonny,Inter,ITA,2025-2026,Delantero,21.0,1142,33.0,4.0,441.0,0.3152364273204904,0.47285464098073554,right,1.339754816112084,1.8914185639229422,0.39404553415061294,189.0,0.0788091068301226,0.0,0.30303030303030304,0.7092819614711033,87,1,0.21048853628911507,0.3610700048382301,0.0788091068301226,35000000.0,66539119.00376413,0.5260063632345364,22371830.899307217,1.5644673946236487
Ryan Sessegnon,Fulham,ENG,2025-2026,Defensa,25.0,1823,27.0,0.999315537303217,625.0,0.04936917169500823,2.7153044432254525,left,1.6291826659352715,0.14810751508502468,0.14810751508502468,178.0,1.1354909489851892,0.0,0.7407407407407407,1.4317059791552387,52,11,0.11001589772911172,0.10112258305776205,0.0,22000000.0,22199847.355552297,0.9909978049690367,14001818.766245175,1.5712244507146746
Ibrahima Konaté,Liverpool,ENG,2025-2026,Defensa,26.0,3090,36.0,4.0,676.0,0.0,0.08737864077669903,right,0.9611650485436893,1.1941747572815533,0.02912621359223301,194.0,0.8155339805825242,0.0,1.0,0.9029126213592233,60,5,0.021124775883135865,0.05704732027664347,0.20388349514563106,45000000.0,52245871.47372834,0.8613120755891325,28603964.562231503,1.5732084936022372
Mohamed Amoura,Wolfsburg,GER,2025-2026,Delantero,25.0,1919,30.0,0.999315537303217,625.0,0.14069828035435122,1.5945805106826472,right,0.9848879624804586,0.5158936946326211,0.3751954142782699,170.0,0.32829598749348615,1.0,0.7666666666666667,1.0317873892652423,29,16,,,0.09379885356956748,20000000.0,8867456.985212473,2.2554380622711054,12707793.512624338,1.573837344786201
Luca Jaquez,Stuttgart,GER,2025-2026,Defensa,22.0,898,14.0,3.0006844626967832,484.0,0.10022271714922049,0.10022271714922049,right,0.40089086859688194,0.20044543429844097,0.0,187.0,1.1024498886414253,0.0,0.7142857142857143,0.7015590200445434,62,4,0.04423234862729674,0.015333092476932004,0.10022271714922049,10000000.0,11809419.333260115,0.846781684839994,6349982.21279345,1.5748075608547025
Nelson Deossa,Real Betis,ESP,2025-2026,Centrocampista,25.0,743,20.0,4.0,625.0,0.0,0.847913862718708,left,2.0592193808882904,2.9071332436069985,0.0,185.0,0.7267833109017496,0.0,0.4,0.9690444145356663,60,5,0.07929160165654378,0.057401123480472716,0.3633916554508748,9000000.0,8780024.049158404,1.0250541398987036,5714812.697703962,1.574854763589352
Thiago Almada,Atlético Madrid,ESP,2025-2026,Centrocampista,24.0,1311,27.0,3.5044490075290895,576.0,0.06864988558352403,2.745995423340961,right,0.8924485125858123,1.0983981693363845,0.20594965675057209,171.0,0.6178489702517163,0.0,0.5925925925925926,1.2356979405034325,86,2,0.19184187732347088,0.24420707548373896,0.13729977116704806,20000000.0,25395330.62695184,0.7875463522721053,12693037.001290064,1.5756670368145376
Valentin Rongier,Rennes,FRA,2025-2026,Centrocampista,30.0,2745,31.0,2.001368925393566,900.0,0.16393442622950818,0.6885245901639344,right,1.5737704918032787,0.8524590163934426,0.06557377049180328,173.0,1.180327868852459,0.0,1.0,1.5737704918032787,59,6,0.14397873946267073,0.02566325789714446,0.19672131147540983,8000000.0,6083438.458766307,1.315045767985358,5071899.553581671,1.5773183036226663
Iliman Ndiaye,Everton,ENG,2025-2026,Centrocampista,25.0,2778,32.0,4.999315537303217,625.0,0.09719222462203024,1.7818574514038878,right,0.9719222462203023,1.198704103671706,0.19438444924406048,180.0,0.550755939524838,2.0,1.0,1.2958963282937366,49,13,0.1443960847127901,0.19904310674231587,0.06479481641468682,55000000.0,50567162.31048294,1.0876623778550076,34739996.80574237,1.5831895525939927
Robert Andrich,Leverkusen,GER,2025-2026,Defensa,30.0,2546,32.0,2.001368925393566,900.0,0.0,0.4595443833464258,right,1.0604870384917517,0.7776904948939513,0.07069913589945012,187.0,1.1665357423409268,0.0,0.90625,1.0604870384917517,59,6,0.01902094603576884,0.02866846766434054,0.21209740769835037,6000000.0,6513386.384373265,0.9211798050849604,3787119.1807008367,1.5843177132042758
Dani Olmo,Barcelona,ESP,2025-2026,Centrocampista,27.0,2067,33.0,4.0,729.0,0.3483309143686502,1.2191582002902757,right,1.1756168359941945,1.8287373004354135,0.3047895500725689,179.0,0.6095791001451378,0.0,0.7272727272727273,1.0014513788098693,94,1,0.2898762754944568,0.3811798925702129,0.04354136429608128,60000000.0,68169891.49857609,0.8801539606565644,37865741.16190898,1.5845457703692585
Curtis Jones,Liverpool,ENG,2025-2026,Centrocampista,24.0,1937,34.0,4.999315537303217,576.0,0.09292720702116676,0.7434176561693341,right,0.7898812596799174,1.3474445018069179,0.04646360351058338,185.0,0.8363448631905007,0.0,0.5294117647058824,1.0686628807434175,60,5,0.13168229833995337,0.11180616776272846,0.09292720702116676,35000000.0,38601890.04106889,0.9066913553394197,22085100.970932163,1.58477880839513
Cody Gakpo,Liverpool,ENG,2025-2026,Centrocampista,26.0,2737,36.0,4.0,676.0,0.16441359152356594,2.827913774205334,right,1.381074168797954,1.4468396054073804,0.23017902813299235,193.0,0.3945926196565583,0.0,0.8888888888888888,0.49324077457069787,60,5,0.21677380065669488,0.3231088500122846,0.09864815491413957,60000000.0,58599120.86069273,1.0239061460092136,37818663.63219916,1.5865182488604765
Kieran Trippier,Newcastle,ENG,2025-2026,Defensa,34.0,1586,21.0,2.001368925393566,1156.0,0.05674653215636822,5.447667087011349,right,1.248423707440101,1.0781841109709962,0.0,173.0,0.3972257250945776,0.0,0.8571428571428571,0.7377049180327869,49,12,0.10324998134230398,0.005441961521083139,0.17023959646910466,1500000.0,1050639.886431043,1.4277013650180412,945141.2834615001,1.587064311175126
Kenneth Taylor,Lazio,ITA,2025-2026,Centrocampista,23.0,1394,17.0,4.0,529.0,0.1291248206599713,0.5810616929698709,left,1.0975609756097562,0.8393113342898134,0.19368723098995694,182.0,0.5810616929698709,0.0,1.0,0.7101865136298422,54,9,0.06996156016452881,0.13489853099009913,0.32281205164992827,25000000.0,20307049.129240938,1.2310995970360605,15751165.854788478,1.587184099924883
Matìas Soulé,Roma,ITA,2025-2026,Centrocampista,22.0,2139,33.0,3.0006844626967832,484.0,0.21037868162692847,2.9453015427769986,left,0.29453015427769985,1.7251051893408136,0.25245441795231416,182.0,0.37868162692847124,0.0,0.8484848484848485,0.6311360448807855,73,3,,,0.04207573632538569,35000000.0,39524079.4317941,0.8855361213510055,22013743.576348446,1.5899158577282593
Sean Longstaff,Leeds United,ENG,2025-2026,Centrocampista,27.0,1011,23.0,3.0006844626967832,729.0,0.17804154302670622,4.807121661721068,right,1.1572700296735905,1.513353115727003,0.17804154302670622,187.0,1.0682492581602374,0.0,0.43478260869565216,2.136498516320475,47,14,0.24642955699731053,0.12264024521547537,0.17804154302670622,15000000.0,10630111.014433086,1.4110859218340877,9429687.050099395,1.5907208712554135
Christian Pulisic,Milan,ITA,2025-2026,Delantero,26.0,1609,30.0,0.999315537303217,676.0,0.22374145431945305,2.0696084524549407,right,0.6152889993784959,1.2865133623368552,0.4474829086389061,177.0,0.1678060907395898,0.0,0.6,0.4474829086389061,70,5,0.28182963684960655,0.5338846609190875,0.0,40000000.0,22865136.520710945,1.7493881990937827,25113056.48533719,1.592796958958575
Casemiro,Manchester Utd,ENG,2025-2026,Centrocampista,33.0,2571,34.0,0.999315537303217,1089.0,0.07001166861143523,0.6651108518086348,right,1.6102683780630105,1.2602100350058343,0.31505250875145857,185.0,1.0501750291715286,0.0,0.9705882352941176,1.5752625437572927,78,2,0.1112373899168562,0.23024652987857683,0.38506417736289383,6000000.0,10136267.993094172,0.5919338364068307,3765614.079147335,1.5933656168394736
Charles De Ketelaere,Atalanta,ITA,2025-2026,Centrocampista,24.0,2177,31.0,2.001368925393566,576.0,0.2067064768029398,1.9016995865870463,left,0.9508497932935231,1.4882866329811668,0.12402388608176389,192.0,0.2067064768029398,0.0,0.8387096774193549,0.6201194304088196,59,7,0.4403942184446599,0.1879361457181568,0.16536518144235185,35000000.0,20837820.352614183,1.679638244678941,21965204.663664043,1.5934292685147968
Enzo Fernández,Chelsea,ENG,2025-2026,Centrocampista,24.0,3115,36.0,4.999315537303217,576.0,0.11556982343499198,2.571428571428571,right,1.0401284109149278,1.3001605136436598,0.28892455858747995,178.0,0.5778491171749599,2.0,0.9722222222222222,0.6934189406099518,52,10,0.2561586293276776,0.34431707596534905,0.28892455858747995,100000000.0,80276847.55093645,1.2456891750333,62715402.46817689,1.5945046362533049
Ethan Ampadu,Leeds United,ENG,2025-2026,Centrocampista,24.0,3119,35.0,4.0,576.0,0.02885540237255531,0.7213850593138826,right,1.4427701186277653,1.038794485411991,0.02885540237255531,182.0,1.4427701186277653,0.0,1.0,1.327348509137544,47,14,0.03394418728095039,0.05615566072148862,0.28855402372555305,30000000.0,36725443.152613565,0.8168723757895635,18767769.795328576,1.598485079855743
Torbjørn Heggem,Bologna,ITA,2025-2026,Defensa,26.0,2113,27.0,3.0006844626967832,676.0,0.0,0.04259346900141978,left,1.3203975390440132,0.5111216280170374,0.0,192.0,1.0648367250354946,0.0,0.8518518518518519,0.8092759110269759,56,8,0.0021677773835475107,0.043237821004625414,0.0,15000000.0,14474285.6021262,1.0363205765261794,9381366.493402796,1.598914189158729
David Raum,RB Leipzig,GER,2025-2026,Defensa,27.0,2553,30.0,0.999315537303217,729.0,0.24676850763807287,8.813160987074031,left,1.0223266745005877,0.5992949471210341,0.10575793184488837,181.0,1.163337250293772,1.0,0.9666666666666667,1.2338425381903644,65,3,0.3891511792459303,0.08467214070391851,0.21151586368977673,25000000.0,15583564.34880029,1.6042542925633467,15630685.720866058,1.5994179939672417
Arthur Avom,Lorient,FRA,2025-2026,Centrocampista,20.0,2119,31.0,0.999315537303217,400.0,0.04247286455875413,1.911278905143936,right,0.976875884851345,1.6139688532326568,0.08494572911750826,173.0,1.1892402076451156,0.0,0.7096774193548387,1.316658801321378,45,9,0.13485986946845965,0.04476792794362646,0.1274185936762624,20000000.0,9761469.856042232,2.0488717677717605,12471018.352772977,1.603718271776332
Neco Williams,Nottingham,ENG,2025-2026,Defensa,24.0,3204,37.0,3.0006844626967832,576.0,0.08426966292134831,4.01685393258427,right,0.8146067415730337,1.460674157303371,0.056179775280898875,183.0,1.2921348314606742,0.0,0.972972972972973,1.7134831460674158,44,16,0.12347196508722191,0.05254432103816378,0.16853932584269662,28000000.0,32127394.963135503,0.8715303569470394,17446979.1226004,1.6048623548663201
Bertrand Traoré,Sunderland,ENG,2025-2026,Centrocampista,29.0,632,12.0,,841.0,0.0,1.85126582278481,left,1.5664556962025316,1.7088607594936709,0.14240506329113925,181.0,0.2848101265822785,0.0,0.75,0.569620253164557,54,7,0.14080661127956798,0.0889757684655959,0.14240506329113925,4000000.0,8144099.933626797,0.49115310870438783,2491301.836346668,1.60558626082247
Ibrahim Mbaye,PSG,FRA,2025-2026,Delantero,17.0,1006,24.0,,289.0,0.17892644135188865,1.4314115308151092,right,0.8946322067594433,1.1630218687872764,0.268389662027833,175.0,0.3578528827037773,0.0,0.4166666666666667,0.6262425447316103,76,1,0.21139251532969963,0.3067455528892769,0.0,30000000.0,26219976.807839192,1.144165771764934,18671809.682091393,1.6067001812241992
Malick Thiaw,Newcastle,ENG,2025-2026,Defensa,23.0,2965,35.0,3.0006844626967832,529.0,0.0,0.27318718381112983,right,0.7284991568296795,0.33389544688026984,0.12141652613827994,194.0,0.9106239460370994,0.0,0.9428571428571428,1.0320404721753795,49,12,0.0250989416045644,0.17902962070014986,0.12141652613827994,45000000.0,40359573.102798745,1.1149771055650601,27939845.209725294,1.6106030531742679
Ermedin Demirović,Stuttgart,GER,2025-2026,Delantero,27.0,1497,25.0,2.001368925393566,729.0,0.18036072144288576,0.06012024048096193,right,2.224448897795591,1.56312625250501,0.721442885771543,185.0,0.12024048096192386,1.0,0.68,0.6012024048096193,62,4,0.13104140900359124,0.5209054373846742,0.30060120240480964,22000000.0,19743416.415205132,1.114295496652595,13626159.314525176,1.6145415220962887
Charlie Cresswell,Toulouse,FRA,2025-2026,Defensa,22.0,2533,29.0,0.999315537303217,484.0,0.07106198183971575,0.07106198183971575,right,1.1014607185155942,0.5329648637978681,0.10659297275957363,190.0,1.0659297275957362,0.0,0.9655172413793104,0.4974338728780102,44,10,0.042554944241842266,0.1585793130076242,0.284247927358863,25000000.0,11071546.351947257,2.258040494551424,15337167.056822928,1.6300272343241147
Christopher Nkunku,Milan,ITA,2025-2026,Delantero,27.0,1356,32.0,0.999315537303217,729.0,0.19911504424778761,1.1283185840707965,right,0.5973451327433629,1.4601769911504425,0.4646017699115044,177.0,0.1327433628318584,5.0,0.46875,0.1327433628318584,70,5,0.10710536127300126,0.6597677183098498,0.0,25000000.0,12664533.479268119,1.974016653746076,15324864.14913101,1.631335831542599
Remo Freuler,Bologna,ITA,2025-2026,Centrocampista,33.0,2213,29.0,2.001368925393566,1089.0,0.08133755083596927,0.7320379575237235,right,0.7727067329417081,0.9760506100316313,0.04066877541798464,181.0,0.894713059195662,0.0,0.896551724137931,1.2607320379575238,56,8,0.0545683011060797,0.06836939310184496,0.20334387708992316,3000000.0,1795455.4499124046,1.6708852342431342,1835267.280984427,1.6346392871946243
James Ward-Prowse,Burnley,ENG,2025-2026,Centrocampista,30.0,684,13.0,2.001368925393566,900.0,0.13157894736842105,6.842105263157895,right,0.5263157894736842,1.4473684210526314,0.0,177.0,1.9736842105263157,0.0,0.5384615384615384,0.5263157894736842,22,19,0.4512446790345405,0.02382143302575538,0.13157894736842105,5000000.0,2907913.0663141245,1.7194461753073191,3057950.626246272,1.6350819915420456
Xavi Simons,Tottenham,ENG,2025-2026,Centrocampista,22.0,1755,28.0,4.0,484.0,0.25641025641025644,2.6153846153846154,right,1.076923076923077,2.2564102564102564,0.10256410256410256,179.0,0.7692307692307693,0.0,0.6785714285714286,1.0256410256410258,41,17,0.23849027360287997,0.13929696495716387,0.25641025641025644,40000000.0,24437036.931612197,1.636859661502384,24277452.92030278,1.6476193005629824
Ollie Watkins,Aston Villa,ENG,2025-2026,Delantero,29.0,2839,37.0,,841.0,0.095103909827404,0.22190912293060938,right,1.1095456146530467,1.0144417048256429,0.5072208524128214,180.0,0.15850651637900667,0.0,0.8918918918918919,0.44381824586121876,65,4,0.08927155497335304,0.5968634388696595,0.12680521310320536,25000000.0,26339895.405387092,0.9491305722834019,15166313.197153015,1.6483900652066807
Rodrigo Mendoza,Elche,ESP,2025-2026,Centrocampista,20.0,794,16.0,4.999315537303217,400.0,0.0,1.9269521410579347,right,2.1536523929471034,1.81360201511335,0.11335012594458438,182.0,0.5667506297229219,0.0,0.375,1.0201511335012594,43,13,0.14841927861752605,0.12684946138439912,0.4534005037783375,20000000.0,4937464.943377527,4.050661671395844,12132814.249645036,1.6484221705269353
Luca Reggiani,Dortmund,GER,2025-2026,Defensa,17.0,511,8.0,,289.0,0.0,0.1761252446183953,right,0.7045009784735812,0.3522504892367906,0.1761252446183953,194.0,0.3522504892367906,0.0,0.75,1.761252446183953,73,2,0.0071130529658435145,0.08111872336665012,0.3522504892367906,10000000.0,17505778.248356804,0.5712399562092396,6061368.64243896,1.6497924132158084
Matt Doherty,Wolves,ENG,2025-2026,Defensa,33.0,787,11.0,0.999315537303217,1089.0,0.0,0.914866581956798,right,1.829733163913596,0.6861499364675985,0.0,185.0,0.8005082592121983,0.0,1.0,0.914866581956798,20,20,0.01976068584861416,0.009408085837751969,0.457433290978399,1000000.0,1394643.0562629385,0.7170293470499776,605544.666324415,1.651405842726487
Evanilson,Bournemouth,ENG,2025-2026,Delantero,25.0,2742,36.0,3.0006844626967832,625.0,0.03282275711159737,0.09846827133479212,both,0.8533916849015317,1.2144420131291027,0.19693654266958424,183.0,0.19693654266958424,0.0,0.8888888888888888,0.1641137855579869,57,6,0.10073697312655543,0.38829597128917925,0.06564551422319474,35000000.0,41976991.508126974,0.8337901012563944,21171859.783739228,1.6531377194780639
Carl Starfelt,Celta Vigo,ESP,2025-2026,Defensa,30.0,1491,19.0,0.999315537303217,900.0,0.0,0.0,right,1.1468812877263581,0.482897384305835,0.0,185.0,0.96579476861167,0.0,0.8947368421052632,0.96579476861167,54,6,0.004689079265239493,0.023354701772781924,0.18108651911468815,4500000.0,2493322.166043948,1.8048209177636942,2715294.701840961,1.6572786729002251
Tolu Arokodare,Wolves,ENG,2025-2026,Delantero,24.0,1419,33.0,0.999315537303217,576.0,0.06342494714587738,0.0,right,1.1416490486257929,1.0782241014799154,0.19027484143763215,197.0,0.31712473572938693,0.0,0.3939393939393939,0.2536997885835095,20,20,0.0735512435688277,0.4710291332740486,0.06342494714587738,20000000.0,7557585.69111988,2.6463477646703875,12067878.600552084,1.6572921109005054
Giovanni Bonfanti,Pisa,ITA,2025-2026,Defensa,22.0,494,9.0,0.999315537303217,484.0,0.0,2.1862348178137654,left,1.8218623481781377,0.5465587044534413,0.0,187.0,1.2753036437246963,0.0,0.6666666666666666,1.0931174089068827,18,20,0.02035469646275285,0.05217396852141812,0.18218623481781376,3800000.0,2113182.691389451,1.7982354367579267,2292469.0552082406,1.6576014369165912
Albert Sambi Lokonga,Hamburger SV,GER,2025-2026,Centrocampista,25.0,1710,26.0,2.001368925393566,625.0,0.0,0.6842105263157895,right,1.0526315789473684,1.4210526315789473,0.2631578947368421,183.0,0.6842105263157895,0.0,0.7692307692307693,0.6842105263157895,38,13,0.07245697218336557,0.08776620216667652,0.15789473684210525,12000000.0,5204223.326549925,2.305819571343271,7231007.885765324,1.6595196948440236
Matteo Gabbia,Milan,ITA,2025-2026,Defensa,25.0,2530,30.0,3.0006844626967832,625.0,0.0,0.03557312252964427,right,0.8893280632411067,0.21343873517786563,0.0,185.0,0.4624505928853755,0.0,0.9333333333333333,0.4980237154150198,70,5,0.0018478248437697239,0.054936405124047065,0.1422924901185771,17000000.0,20252899.743519682,0.8393859751090452,10243509.611429175,1.6595874504800858
Federico Dimarco,Inter,ITA,2025-2026,Centrocampista,27.0,2698,35.0,0.999315537303217,729.0,0.5337286879169755,9.840622683469237,left,1.36767976278725,0.7672349888806522,0.23350630096367678,175.0,1.000741289844329,0.0,0.8571428571428571,1.0340993328391401,87,1,0.5313630352380807,0.24305738071000424,0.10007412898443291,50000000.0,61085116.58114362,0.8185299922212887,30098689.75001568,1.6612018800577175
Mahdi Camara,Rennes,FRA,2025-2026,Centrocampista,27.0,2653,32.0,3.0006844626967832,729.0,0.03392385978137957,0.9498680738786279,right,1.3230305314738031,0.9498680738786279,0.10177157934413872,176.0,0.9159442140972485,0.0,0.96875,1.1194873727855257,59,6,0.0742098302508452,0.08959952539659383,0.16961929890689786,12000000.0,11939700.876663027,1.0050503043551813,7220259.725993577,1.661990074511992
Angel Gomes,Marseille,FRA,2025-2026,Centrocampista,24.0,888,14.0,2.001368925393566,576.0,0.0,0.7094594594594594,right,1.9256756756756757,1.2162162162162162,0.30405405405405406,168.0,0.40540540540540543,0.0,0.8571428571428571,0.5067567567567567,59,5,0.030324926373322268,0.01960107509197818,0.40540540540540543,10000000.0,10359883.38331229,0.9652618306599868,6007538.899265637,1.6645751559298938
Kenan Yıldız,Juventus,ITA,2025-2026,Centrocampista,20.0,2825,36.0,4.0,400.0,0.19115044247787613,3.886725663716814,both,0.7327433628318584,1.784070796460177,0.3185840707964602,187.0,0.22300884955752212,1.0,0.9166666666666666,0.44601769911504424,69,6,,,0.06371681415929203,75000000.0,52192477.19997996,1.4369887007399755,45055124.221304245,1.6646275267516935
Arthur Vermeeren,Marseille,FRA,2025-2026,Centrocampista,20.0,828,20.0,3.0006844626967832,400.0,0.10869565217391304,0.32608695652173914,right,1.6304347826086958,0.10869565217391304,0.0,180.0,1.1956521739130435,0.0,0.5,1.1956521739130435,59,5,0.08031951162316228,0.039985718246063465,0.10869565217391304,20000000.0,8531966.984107764,2.3441253391220798,11994378.170003003,1.6674478423582164
Diego Llorente,Real Betis,ESP,2025-2026,Defensa,31.0,1229,18.0,2.001368925393566,961.0,0.0,0.07323026851098453,right,0.9519934906427989,0.9519934906427989,0.07323026851098453,186.0,1.9772172497965828,0.0,0.7777777777777778,1.098454027664768,60,5,0.003911054127094122,0.08281753600807672,0.3661513425549227,2500000.0,3341270.193915871,0.7482184483470561,1496458.1961283332,1.6706113184237623
Matteo Ruggeri,Atlético Madrid,ESP,2025-2026,Defensa,23.0,1774,26.0,,529.0,0.15219842164599773,4.363021420518602,left,1.4205186020293121,0.10146561443066515,0.0,187.0,1.0146561443066515,0.0,0.7692307692307693,1.1668545659526492,86,2,0.20087304951364793,0.010775955159767302,0.2029312288613303,28000000.0,24252686.186309434,1.1545112893847573,16732289.266083386,1.673411184490842
Exequiel Palacios,Leverkusen,GER,2025-2026,Centrocampista,26.0,1099,18.0,4.0,676.0,0.0818926296633303,0.1637852593266606,right,0.4913557779799818,1.4740673339399455,0.0,177.0,0.818926296633303,0.0,0.6666666666666666,0.7370336669699727,59,6,0.10776857317538019,0.03595719243602334,0.2456778889899909,25000000.0,11450662.24939019,2.1832798361799015,14927972.501547802,1.6747083368091602
Francesco Acerbi,Inter,ITA,2025-2026,Defensa,37.0,1378,18.0,,1369.0,0.06531204644412192,0.19593613933236573,left,1.1103047895500726,0.8490566037735848,0.0,192.0,1.1756168359941945,0.0,0.8333333333333334,0.5878084179970973,87,1,0.06112691450253107,0.024220178184925386,0.19593613933236573,2000000.0,2059691.292635766,0.9710193013636622,1194159.4079499515,1.6748182752530993
Claudio Echeverri,Girona,ESP,2025-2026,Delantero,19.0,624,17.0,2.001368925393566,361.0,0.14423076923076922,2.1634615384615388,right,1.1538461538461537,2.019230769230769,0.14423076923076922,170.0,0.14423076923076922,0.0,0.29411764705882354,0.8653846153846154,41,19,0.15696965095300514,0.30584451249943906,0.5769230769230769,15000000.0,4582588.815469419,3.273258981771305,8954276.221048132,1.67517727058058
Antoine Semenyo,Manchester City,ENG,2025-2026,Centrocampista,25.0,1397,17.0,4.999315537303217,625.0,0.06442376521116679,1.3528990694345024,both,1.0952040085898354,0.4509663564781675,0.4509663564781675,185.0,0.38654259126700075,0.0,1.0,0.7086614173228346,78,2,0.2660810632888513,0.8269941451730648,0.06442376521116679,80000000.0,93366107.99504592,0.856841971009918,47643470.69165942,1.6791387956966155
Jonathan Clauss,Nice,FRA,2025-2026,Centrocampista,32.0,2530,30.0,2.001368925393566,1024.0,0.21343873517786563,7.932806324110673,right,0.782608695652174,0.6047430830039526,0.03557312252964427,178.0,1.6719367588932808,0.0,0.9333333333333333,1.3517786561264822,32,16,0.286370331973662,0.05000659814951095,0.0,4000000.0,2171470.9075340033,1.8420693485332194,2379512.4027310414,1.6810166635017636
Martin Vitík,Bologna,ITA,2025-2026,Defensa,22.0,1325,19.0,3.0006844626967832,484.0,0.0,0.13584905660377358,right,1.562264150943396,0.27169811320754716,0.0,193.0,0.5433962264150943,0.0,0.7368421052631579,1.4943396226415095,56,8,0.011608425513753351,0.050127491903192586,0.2037735849056604,13000000.0,11245962.186318805,1.1559704527385888,7731092.8569281595,1.6815216477900856
Malang Sarr,Lens,FRA,2025-2026,Defensa,26.0,2925,33.0,,676.0,0.03076923076923077,0.3076923076923077,left,0.6461538461538462,0.7384615384615385,0.0,183.0,2.3384615384615386,0.0,1.0,1.353846153846154,70,2,0.014485307381703302,0.05464758176643115,0.12307692307692308,20000000.0,18667905.36223929,1.0713574775483499,11871315.305784456,1.6847332822719934
Pierre Lees-Melou,Paris FC,FRA,2025-2026,Centrocampista,32.0,1782,22.0,0.999315537303217,1024.0,0.15151515151515152,0.6565656565656566,right,1.4141414141414144,1.2121212121212122,0.05050505050505051,185.0,1.01010101010101,0.0,0.9090909090909091,1.7676767676767677,76,1,0.1445119177000691,0.07980666382031308,0.3535353535353536,4500000.0,3643873.4205673146,1.2349495936385724,2667546.033410388,1.6869437091763577
Pierre Kalulu,Juventus,ITA,2025-2026,Defensa,25.0,3281,37.0,3.0006844626967832,625.0,0.10972264553489788,2.5784821700701004,right,0.9326424870466321,0.43889058213959153,0.05486132276744894,182.0,0.6583358732093875,0.0,1.0,0.9600731484303566,69,6,,,0.10972264553489788,32000000.0,22909010.624230653,1.3968302920141775,18942459.112698123,1.689326597439966
Kilian Fischer,Wolfsburg,GER,2025-2026,Defensa,24.0,800,11.0,0.999315537303217,576.0,0.0,1.8,both,1.125,0.45,0.0,182.0,1.3499999999999999,0.0,0.9090909090909091,1.4625000000000001,29,16,0.05262088989838958,0.009801422059535981,0.0,4000000.0,2604197.4124422534,1.5359818656177617,2367412.973021631,1.6896080428648779
Nicolás Tagliafico,Lyon,FRA,2025-2026,Defensa,32.0,1310,20.0,0.999315537303217,1024.0,0.20610687022900764,1.3740458015267174,left,2.4732824427480917,2.267175572519084,0.0,172.0,1.16793893129771,0.0,0.7,0.9618320610687023,60,4,0.1494168863055929,0.12783768906734372,0.34351145038167935,4000000.0,2404553.1724189646,1.6635107286798014,2367094.3068535756,1.6898355035617232
Jan Ziółkowski,Roma,ITA,2025-2026,Defensa,20.0,517,18.0,0.999315537303217,400.0,0.0,0.0,right,2.0889748549323017,1.3926499032882012,0.0,194.0,1.2185686653771761,0.0,0.2777777777777778,2.4371373307543522,73,3,,,0.5222437137330754,12000000.0,9397585.454460464,1.2769237436733631,7101071.033363468,1.6898859261679746
Cyril Ngonge,Torino,ITA,2025-2026,Delantero,25.0,994,20.0,0.999315537303217,625.0,0.09054325955734407,1.7203219315895373,left,1.8108651911468814,1.6297786720321932,0.09054325955734407,180.0,0.18108651911468815,0.0,0.55,0.3621730382293763,45,13,0.12103514389792677,0.04099509676907144,0.18108651911468815,7000000.0,5010979.846008532,1.3969323795177127,4136105.558031168,1.6924132863117927
Thilo Kehrer,Monaco,FRA,2025-2026,Defensa,28.0,2353,28.0,0.999315537303217,784.0,0.0,0.19124521886952825,both,1.0327241818954527,1.1092222694432639,0.0,186.0,1.1857203569910753,0.0,1.0,1.4917127071823204,54,7,0.01503408317724492,0.058198181355805075,0.3059923501912452,12000000.0,9024066.338131322,1.329777458449505,7086184.948893866,1.693435901905604
Yangel Herrera,Real Sociedad,ESP,2025-2026,Centrocampista,27.0,526,12.0,4.0,729.0,0.0,0.0,right,2.2243346007604563,3.079847908745247,0.0,184.0,0.17110266159695817,0.0,0.5,1.0266159695817492,46,10,0.009392954465780876,0.11789001003899276,0.34220532319391633,6000000.0,2424957.5082583367,2.4742701591952203,3542522.0608732495,1.6937085773633742
Terem Moffi,Nice,FRA,2025-2026,Delantero,26.0,488,10.0,3.0006844626967832,676.0,0.0,0.0,left,0.36885245901639346,0.36885245901639346,0.36885245901639346,188.0,0.0,0.0,0.6,0.18442622950819673,32,16,,,0.0,8000000.0,2153347.279165987,3.7151462178912826,4716667.137036859,1.6961129050598684
Aladji Bamba,Monaco,FRA,2025-2026,Centrocampista,19.0,816,18.0,4.999315537303217,361.0,0.22058823529411764,0.4411764705882353,right,2.536764705882353,1.9852941176470589,0.0,181.0,0.8823529411764706,0.0,0.5555555555555556,2.2058823529411766,54,7,0.19000805188518238,0.012235536157865734,0.22058823529411764,18000000.0,10302686.665021677,1.7471170953020658,10609512.821761483,1.696590626016274
Omar Marmoush,Manchester City,ENG,2025-2026,Delantero,26.0,700,21.0,0.999315537303217,676.0,0.38571428571428573,1.542857142857143,right,1.2857142857142856,2.6999999999999997,0.38571428571428573,183.0,0.2571428571428571,0.0,0.38095238095238093,1.0285714285714285,78,2,0.2734635817153113,0.4841182777392013,0.38571428571428573,50000000.0,44553607.75438377,1.1222435739803887,29433075.93294172,1.698769102961462
Marcus Thuram,Inter,ITA,2025-2026,Delantero,27.0,1900,29.0,2.001368925393566,729.0,0.28421052631578947,0.9947368421052631,right,2.0368421052631582,1.9421052631578946,0.6157894736842106,192.0,0.04736842105263158,0.0,0.8275862068965517,0.6157894736842106,87,1,0.21168003594992973,0.5634704883357412,0.09473684210526316,50000000.0,63173662.16638355,0.7914690756459958,29414353.56557606,1.699850377079697
Odsonne Édouard,Lens,FRA,2025-2026,Delantero,27.0,1796,29.0,2.001368925393566,729.0,0.15033407572383073,0.05011135857461024,right,1.052338530066815,0.8518930957683741,0.6013363028953229,187.0,0.20044543429844097,1.0,0.896551724137931,0.20044543429844097,70,2,0.0,0.0,0.10022271714922049,12000000.0,14332685.665550277,0.8372471342787439,7059079.794127728,1.699938285154745
Jordan Henderson,Brentford,ENG,2025-2026,Centrocampista,35.0,1919,32.0,2.001368925393566,1225.0,0.14069828035435122,2.2511724856696196,right,0.6096925482021887,0.32829598749348615,0.04689942678478374,182.0,0.7503908285565398,0.0,0.6875,0.6565919749869723,53,9,0.15573102539214012,0.025859067217486174,0.28139656070870245,1200000.0,1174687.9643075606,1.0215478803405975,705574.136818495,1.700742611415607
Zeki Çelik,Roma,ITA,2025-2026,Centrocampista,28.0,2723,34.0,3.0006844626967832,784.0,0.06610356224752112,2.478883584282042,right,1.1568123393316196,0.5949320602276901,0.03305178112376056,180.0,0.7932427469702534,0.0,0.9411764705882353,1.3220712449504224,73,3,,,0.06610356224752112,14000000.0,15287587.907041,0.9157756007768907,8226449.25710712,1.701827795011913
Ademola Lookman,Atlético Madrid,ESP,2025-2026,Delantero,27.0,617,12.0,4.0,729.0,0.0,1.7504051863857375,right,1.0210696920583469,1.458670988654781,0.5834683954619124,174.0,0.1458670988654781,1.0,0.75,0.4376012965964344,86,2,0.2462212742582519,0.6509546544312271,0.1458670988654781,40000000.0,32211533.550874066,1.241791234087785,23489066.359430145,1.702919962331377
Aster Vranckx,Sassuolo,ITA,2025-2026,Centrocampista,22.0,690,16.0,3.0006844626967832,484.0,0.0,0.6521739130434783,right,2.0869565217391304,2.217391304347826,0.0,183.0,0.0,0.0,0.5625,1.1739130434782608,49,11,0.012419429486212523,0.011553263777624004,0.2608695652173913,5000000.0,4406976.593152974,1.1345646826825435,2935513.6402527727,1.7032794300248788
Arda Güler,Real Madrid,ESP,2025-2026,Centrocampista,20.0,2014,33.0,3.0006844626967832,400.0,0.4021847070506455,5.7646474677259185,left,0.9384309831181729,1.429990069513406,0.17874875868917575,175.0,0.3574975173783515,0.0,0.7575757575757576,1.2512413108242304,86,2,0.395409950409399,0.2150064242435869,0.04468718967229394,90000000.0,66536074.83513636,1.352649674977112,52808227.9243158,1.7042798733747904
Joe Willock,Newcastle,ENG,2025-2026,Centrocampista,25.0,983,24.0,0.999315537303217,625.0,0.18311291963377416,1.4649033570701933,right,1.4649033570701933,1.007121057985758,0.0,179.0,0.6408952187182095,0.0,0.4166666666666667,1.3733468972533063,49,12,0.19206765946285043,0.12689198523623413,0.2746693794506612,14000000.0,10714344.598968975,1.3066594853918734,8203237.333851969,1.7066432958396516
Gianluca Scamacca,Atalanta,ITA,2025-2026,Delantero,26.0,1315,24.0,2.001368925393566,676.0,0.06844106463878327,0.0,right,1.779467680608365,1.3003802281368821,0.6844106463878327,195.0,0.20532319391634982,2.0,0.6666666666666666,0.34220532319391633,59,7,0.09284934196125418,0.6069892112009878,0.13688212927756654,25000000.0,22345259.721693266,1.1188055234699041,14608199.869665952,1.7113676033357612
Ansgar Knauff,Frankfurt,GER,2025-2026,Centrocampista,23.0,1326,28.0,2.001368925393566,529.0,0.06787330316742082,2.6470588235294117,right,1.7647058823529411,0.8144796380090499,0.2714932126696833,180.0,0.6108597285067874,0.0,0.42857142857142855,0.6787330316742082,44,8,0.19741180373937295,0.2511785766404813,0.20361990950226247,15000000.0,8604525.915456645,1.7432686178624803,8756149.482673544,1.7130817638142926
Nicolò Savona,Nottingham,ENG,2025-2026,Defensa,22.0,1028,14.0,4.0,484.0,0.0,2.3638132295719845,right,1.0505836575875487,0.4377431906614786,0.17509727626459143,192.0,0.4377431906614786,0.0,0.7857142857142857,1.0505836575875487,44,16,0.05204400926437011,0.10816467259122704,0.17509727626459143,15000000.0,23984633.32703516,0.6254004301617653,8739129.664270159,1.7164180617810656
Marc Pubill,Atlético Madrid,ESP,2025-2026,Defensa,22.0,1381,19.0,4.0,484.0,0.06517016654598116,0.5213613323678493,right,1.0427226647356986,0.9123823316437364,0.06517016654598116,191.0,1.1730629978276612,0.0,0.7894736842105263,0.9775524981897177,86,2,0.04085011418792841,0.08631001692602464,0.13034033309196233,35000000.0,29266654.545633018,1.195900267501619,20329751.758404806,1.721614725842885
Ibrahim Sangaré,Nottingham,ENG,2025-2026,Centrocampista,27.0,2075,28.0,3.0006844626967832,729.0,0.08674698795180723,0.3469879518072289,right,1.8216867469879516,0.7807228915662651,0.08674698795180723,191.0,0.9542168674698794,0.0,0.8928571428571429,1.3879518072289156,44,16,0.06285649740013731,0.06811350479452725,0.2168674698795181,20000000.0,21269857.572544128,0.9402977867523051,11584050.971177382,1.7265117401298204
Gonzalo García,Real Madrid,ESP,2025-2026,Delantero,21.0,964,30.0,4.999315537303217,441.0,0.09336099585062241,0.2800829875518672,both,0.8402489626556017,0.5601659751037344,0.5601659751037344,182.0,0.18672199170124482,0.0,0.3,0.6535269709543569,86,2,0.15264513724603346,0.4919427489143066,0.18672199170124482,30000000.0,32761749.861897208,0.9157020039058049,17361523.993482452,1.727958905638817
Aleksandr Golovin,Monaco,FRA,2025-2026,Centrocampista,29.0,1649,25.0,3.0006844626967832,841.0,0.272892662219527,2.0194057004244996,right,1.5827774408732564,0.9824135839902971,0.272892662219527,178.0,1.1461491813220133,0.0,0.84,0.9824135839902971,54,7,0.1259282361230321,0.2565316765203738,0.2183141297756216,18000000.0,6552714.586419514,2.746953153934853,10416114.095320199,1.728091669818318
Randal Kolo Muani,Tottenham,ENG,2025-2026,Delantero,26.0,1664,30.0,4.999315537303217,676.0,0.054086538461538464,0.9735576923076923,right,2.2175480769230766,0.9194711538461539,0.054086538461538464,187.0,0.10817307692307693,0.0,0.7,0.8653846153846154,41,17,0.09990939848089161,0.14606412711145822,0.1622596153846154,20000000.0,21113602.84872738,0.9472566166605477,11539739.240466958,1.7331414153506206
Arsen Zakharyan,Real Sociedad,ESP,2025-2026,Centrocampista,22.0,458,17.0,3.0006844626967832,484.0,0.0,5.109170305676856,right,1.7685589519650655,0.3930131004366812,0.0,183.0,0.3930131004366812,0.0,0.17647058823529413,1.1790393013100435,46,10,0.22103062265564782,0.21703452506310034,0.3930131004366812,9000000.0,1894017.732180688,4.751803453095341,5181973.704383596,1.7367899787655454
Janik Haberer,Union Berlin,GER,2025-2026,Centrocampista,31.0,1646,28.0,0.999315537303217,961.0,0.05467800729040097,3.663426488456865,right,1.3122721749696233,1.1482381530984205,0.0,187.0,0.5467800729040098,0.0,0.7142857142857143,1.0388821385176186,39,11,0.08016314416363346,0.03371401903256865,0.43742405832320774,2000000.0,1566060.9888003077,1.2770894711655607,1150446.1423629243,1.7384560009842442
Duván Zapata,Torino,ITA,2025-2026,Delantero,34.0,1103,28.0,2.001368925393566,1156.0,0.08159564823209428,0.6527651858567542,right,1.2239347234814144,1.958295557570263,0.24478694469628287,188.0,0.08159564823209428,0.0,0.39285714285714285,0.16319129646418856,45,13,0.2187094087471826,0.35923627385040463,0.0,2500000.0,1070925.568677033,2.3344292760591876,1436352.5753411716,1.7405197323548391
Jacob Ondrejka,Parma,ITA,2025-2026,Delantero,22.0,773,16.0,0.999315537303217,484.0,0.0,1.3971539456662354,right,0.9314359637774904,1.630012936610608,0.0,179.0,0.2328589909443726,0.0,0.5625,0.2328589909443726,45,12,0.04958225016567716,0.1656889573539599,0.2328589909443726,5500000.0,4899903.98654145,1.1224709739429246,3157984.7297421866,1.7416170344968742
Aritz Elustondo,Real Sociedad,ESP,2025-2026,Defensa,31.0,720,16.0,2.001368925393566,961.0,0.125,0.75,right,2.125,1.375,0.0,180.0,1.25,0.0,0.5,1.0,46,10,0.0032897014170885086,0.0625241594389081,0.0,1500000.0,927633.3179540886,1.6170182452138266,860849.9616904113,1.742463921418454
Jorrel Hato,Chelsea,ENG,2025-2026,Defensa,19.0,1148,22.0,6.0013689253935665,361.0,0.0,0.5487804878048781,left,1.17595818815331,0.156794425087108,0.0,182.0,1.3327526132404182,0.0,0.5454545454545454,1.489547038327526,52,10,0.05563002400982879,0.026522499901803942,0.5487804878048781,40000000.0,35272666.5229755,1.1340225716687813,22909443.425321557,1.7460048791839455
Lloyd Kelly,Juventus,ITA,2025-2026,Defensa,26.0,2996,35.0,3.0006844626967832,676.0,0.030040053404539385,0.3604806408544727,left,1.2917222963951935,0.6008010680907877,0.030040053404539385,189.0,0.4205607476635514,0.0,0.9428571428571428,0.9913217623497997,69,6,0.031896789094435676,0.029046575993284564,0.12016021361815754,23000000.0,19913271.73196889,1.1550085947491822,13147056.244061448,1.7494410591260037
Pedro Neto,Chelsea,ENG,2025-2026,Centrocampista,25.0,2631,34.0,4.999315537303217,625.0,0.20524515393386544,6.29418472063854,left,0.5815279361459521,0.855188141391106,0.1710376282782212,174.0,0.20524515393386544,0.0,0.8823529411764706,0.3762827822120867,52,10,0.2713969752974086,0.17615707618786508,0.13683010262257697,60000000.0,57069345.95585112,1.051352507989421,34287221.41650314,1.749923076914036
Saša Lukić,Fulham,ENG,2025-2026,Centrocampista,28.0,1734,26.0,4.0,784.0,0.10380622837370243,3.5294117647058822,right,2.750865051903114,1.2975778546712802,0.051903114186851215,182.0,0.8304498269896194,0.0,0.7692307692307693,1.4532871972318337,52,11,0.11227979843591737,0.12141367897494441,0.4671280276816609,10000000.0,17298184.006599482,0.578095365165781,5709149.011421907,1.751574530633844
Igor Jesus,Nottingham,ENG,2025-2026,Delantero,24.0,2298,37.0,3.0006844626967832,576.0,0.1566579634464752,0.39164490861618795,right,1.6449086161879896,1.5665796344647518,0.2349869451697128,183.0,0.0783289817232376,1.0,0.7567567567567568,0.6266318537859008,44,16,0.08930876189672605,0.28194830654427294,0.0783289817232376,25000000.0,40646658.85159744,0.6150567034618021,14262731.826346798,1.7528198878295398
Ousmane Dembélé,PSG,FRA,2025-2026,Delantero,28.0,1063,22.0,2.001368925393566,784.0,0.5926622765757291,4.148635936030104,both,0.25399811853245535,0.33866415804327377,0.8466603951081844,179.0,0.0,2.0,0.5,0.25399811853245535,76,1,0.4408972510614153,0.5592108614609584,0.0,100000000.0,33052026.51231343,3.025533092887521,57040019.966108374,1.7531550665553286
Illia Zabarnyi,PSG,FRA,2025-2026,Defensa,22.0,2387,28.0,4.0,484.0,0.0,0.0,right,0.6786761625471303,0.3016338500209468,0.03770423125261835,189.0,0.754084625052367,0.0,0.9285714285714286,0.754084625052367,76,1,0.006210573226725352,0.02154393570289284,0.22622538751571009,40000000.0,26060663.759711634,1.534880322650792,22731128.947874095,1.7597014249369676
Morgan Rogers,Aston Villa,ENG,2025-2026,Centrocampista,23.0,3280,37.0,7.000684462696783,529.0,0.16463414634146342,1.399390243902439,right,1.2621951219512195,1.3445121951219512,0.27439024390243905,187.0,0.3567073170731707,0.0,1.0,0.6310975609756098,65,4,0.2051070960431655,0.1960743914994343,0.19207317073170732,110000000.0,97640904.50588459,1.126577027902999,62508433.25084436,1.7597625516956006
Marcus Rashford,Barcelona,ESP,2025-2026,Centrocampista,27.0,1763,32.0,2.001368925393566,729.0,0.35734543391945545,6.176971072036302,right,0.5104934770277935,1.276233692569484,0.40839478162223486,185.0,0.10209869540555871,0.0,0.5625,0.40839478162223486,94,1,0.2533900707017713,0.44401532049083225,0.15314804310833807,40000000.0,53431325.9297544,0.7486245063913926,22666917.184884645,1.764686378554992
Raphinha,Barcelona,ESP,2025-2026,Centrocampista,28.0,1380,22.0,2.001368925393566,784.0,0.1956521739130435,4.695652173913043,left,0.6521739130434783,0.6521739130434783,0.8478260869565218,176.0,0.391304347826087,3.0,0.8181818181818182,0.391304347826087,94,1,0.38522857966144447,0.7256832664184596,0.32608695652173914,70000000.0,70565142.58408909,0.9919911933371972,39633605.733723186,1.766177936731072
Nayef Aguerd,Marseille,FRA,2025-2026,Defensa,29.0,1396,16.0,4.0,841.0,0.0,0.12893982808022922,left,1.3538681948424067,0.3868194842406877,0.06446991404011461,190.0,1.3538681948424067,0.0,1.0,1.0315186246418337,59,5,,,0.25787965616045844,15000000.0,7617758.5318374755,1.9690831544882086,8475179.953275185,1.7698739239399082
Martin Terrier,Leverkusen,GER,2025-2026,Centrocampista,28.0,675,18.0,3.0006844626967832,784.0,0.13333333333333333,0.6666666666666667,right,0.13333333333333333,1.7333333333333334,0.5333333333333333,184.0,0.13333333333333333,0.0,0.3888888888888889,0.5333333333333333,59,6,0.14664447357257207,0.4268165444334348,0.13333333333333333,8000000.0,7698241.918032057,1.0391983111444079,4516255.535159822,1.771378952700668
Maximilian Mittelstädt,Stuttgart,GER,2025-2026,Defensa,28.0,2186,32.0,2.001368925393566,784.0,0.16468435498627632,5.022872827081427,left,0.45288197621225984,1.070448307410796,0.24702653247941445,180.0,1.4409881061299177,4.0,0.75,1.729185727355901,62,4,0.22726877320690755,0.20397237763626794,0.16468435498627632,18000000.0,13636303.228851994,1.3200058474730305,10159811.588531785,1.7716863982318414
Jorge de Frutos,Rayo Vallecano,ESP,2025-2026,Delantero,28.0,2463,36.0,2.001368925393566,784.0,0.03654080389768575,1.7174177831912303,,1.2423873325213155,1.4250913520097441,0.3654080389768575,,0.40194884287454324,1.0,0.8611111111111112,0.584652862362972,50,8,0.12222302603409438,0.4433613261673033,0.10962241169305724,12000000.0,6657801.695531813,1.8023967292467489,6759932.725052132,1.7751655952918461
Lamine Camara,Monaco,FRA,2025-2026,Centrocampista,21.0,1847,24.0,3.0006844626967832,441.0,0.19491066594477532,4.921494315105576,right,1.3643746616134271,2.338927991337304,0.1461829994585815,174.0,1.8516513264753653,0.0,0.9166666666666666,1.6080129940443963,54,7,0.2480034925937088,0.0654890319573505,0.292365998917163,40000000.0,26272242.787278615,1.5225194256871193,22450433.723219544,1.7817027721219334
Kamaldeen Sulemana,Atalanta,ITA,2025-2026,Centrocampista,23.0,1011,25.0,3.0006844626967832,529.0,0.08902077151335311,1.9584569732937684,right,1.2462908011869436,1.2462908011869436,0.17804154302670622,174.0,0.17804154302670622,0.0,0.36,0.4451038575667655,59,7,0.20294380973947154,0.22147776675065123,0.35608308605341243,17000000.0,12221492.86546452,1.3909920978670764,9528993.292383708,1.7840289607074953
Angelo Stiller,Stuttgart,GER,2025-2026,Centrocampista,24.0,2743,34.0,2.001368925393566,576.0,0.16405395552314983,3.4451330659861465,left,0.5905942398833394,1.4436748086037183,0.06562158220925993,183.0,0.918702150929639,0.0,0.8823529411764706,0.7546481954064893,62,4,0.19898835637186008,0.1188416241502136,0.03281079110462996,45000000.0,24663974.22528286,1.8245234765884093,25189214.52229312,1.7864788900096036
Issa Diop,Fulham,ENG,2025-2026,Defensa,28.0,816,13.0,4.0,784.0,0.0,0.11029411764705882,right,0.9926470588235294,0.33088235294117646,0.11029411764705882,194.0,0.6617647058823529,0.0,0.6153846153846154,0.22058823529411764,52,11,0.0,0.04871675032464897,0.22058823529411764,8000000.0,13053122.840400781,0.6128801588566348,4473052.806547682,1.7884877165522284
Youssouf Fofana,Milan,ITA,2025-2026,Centrocampista,26.0,2203,33.0,0.999315537303217,676.0,0.12256014525646845,0.40853381752156154,right,0.8579210167952792,0.6536541080344984,0.0817067635043123,185.0,0.7762142532909669,0.0,0.8484848484848485,0.7762142532909669,70,5,0.14864068367584857,0.18731781597749325,0.1634135270086246,23000000.0,17745415.145786643,1.2961094350875737,12838838.005588254,1.7914393802608135
Davide Zappacosta,Atalanta,ITA,2025-2026,Centrocampista,33.0,2569,35.0,2.001368925393566,1089.0,0.10509926041261192,3.748540288049825,right,0.6305955624756715,0.2802646944336317,0.10509926041261192,182.0,0.6305955624756715,0.0,0.8571428571428571,0.49046321525885556,59,7,0.1578410069065574,0.11303950104037348,0.10509926041261192,3500000.0,3182661.776809044,1.0997084344630301,1952333.7771278303,1.7927262443561336
Ilia Gruev,Leeds United,ENG,2025-2026,Centrocampista,25.0,1323,23.0,0.999315537303217,625.0,0.20408163265306123,1.08843537414966,left,1.08843537414966,0.6122448979591837,0.0,185.0,0.9523809523809523,0.0,0.6521739130434783,0.8843537414965987,47,14,0.10160544747803488,0.04991568802368073,0.20408163265306123,12000000.0,11095822.831372999,1.0814880682909316,6685396.913601152,1.7949570018178753
Oscar Bobb,Manchester City,ENG,2025-2026,Centrocampista,22.0,468,9.0,4.999315537303217,484.0,0.19230769230769232,0.9615384615384616,left,0.9615384615384616,1.7307692307692308,0.0,177.0,0.5769230769230769,0.0,0.5555555555555556,0.9615384615384616,78,2,0.3879024955229117,0.27482752222567797,0.19230769230769232,28000000.0,47382429.506913505,0.5909363511196605,15587339.774649218,1.796329611390031
João Gomes,Wolves,ENG,2025-2026,Centrocampista,24.0,2829,35.0,4.999315537303217,576.0,0.03181336161187699,0.9862142099681867,right,2.1951219512195124,1.5588547189819726,0.03181336161187699,176.0,1.1452810180275717,0.0,0.9142857142857143,2.1633085896076354,20,20,0.04586741539589421,0.03964762213271534,0.3181336161187699,40000000.0,27452269.794557147,1.4570744167730219,22209989.148292556,1.8009914247560581
Nico O'Reilly,Manchester City,ENG,2025-2026,Defensa,20.0,2646,34.0,4.0,400.0,0.10204081632653061,1.2925170068027212,left,1.5306122448979593,0.6122448979591837,0.17006802721088435,193.0,0.6802721088435374,0.0,0.8529411764705882,1.2244897959183674,78,2,0.130865297400627,0.22880990717078553,0.17006802721088435,70000000.0,73117321.1572189,0.957365490038729,38842534.77133875,1.8021480938893775
Mario Hermoso,Roma,ITA,2025-2026,Defensa,30.0,2085,27.0,0.999315537303217,900.0,0.08633093525179857,0.4316546762589928,left,1.7266187050359711,0.8201438848920863,0.12949640287769784,184.0,1.2949640287769786,0.0,0.9259259259259259,0.8633093525179856,73,3,0.03708732507372503,0.09465412558357922,0.3884892086330935,7000000.0,7195321.148694177,0.9728544223867444,3873217.0315811965,1.807283181635275
Jamal Musiala,Bayern Munich,GER,2025-2026,Centrocampista,22.0,683,15.0,4.0,484.0,0.527086383601757,0.527086383601757,right,0.6588579795021963,2.3718887262079065,0.3953147877013177,184.0,0.3953147877013177,1.0,0.4666666666666667,0.6588579795021963,89,1,0.36117773284892907,0.6593473996874354,0.13177159590043924,100000000.0,60669613.33721316,1.6482715893404682,55293414.9487292,1.8085336218196137
Cher Ndour,Fiorentina,ITA,2025-2026,Centrocampista,21.0,1876,33.0,3.0006844626967832,441.0,0.0,0.9594882729211087,right,1.2473347547974414,1.103411513859275,0.1439232409381663,190.0,0.7196162046908315,0.0,0.6060606060606061,0.8155650319829424,42,15,0.016684915790004706,0.12535894996544192,0.09594882729211088,20000000.0,9928517.447301077,2.014399441422819,11019354.051505946,1.8149884200577733
Leonardo Balerdi,Marseille,FRA,2025-2026,Defensa,26.0,2001,26.0,0.999315537303217,676.0,0.04497751124437781,0.08995502248875561,right,1.0344827586206897,0.9445277361319341,0.0,188.0,1.214392803598201,0.0,0.8076923076923077,1.2593703148425788,59,5,0.010744042616376634,0.11681510674497714,0.22488755622188908,18000000.0,13035763.734356843,1.380816679927966,9904911.69753473,1.8172802090179245
Yankuba Minteh,Brighton,ENG,2025-2026,Centrocampista,21.0,2391,34.0,3.0006844626967832,441.0,0.15056461731493098,5.984943538268507,left,1.2045169385194479,0.8281053952321205,0.11292346298619824,180.0,0.5646173149309912,0.0,0.7647058823529411,1.3927227101631117,53,8,0.2198815894975716,0.17888821257159132,0.11292346298619824,45000000.0,40821788.9568692,1.1023524727822522,24606155.640651364,1.8288106706785334
Carney Chukwuemeka,Dortmund,GER,2025-2026,Centrocampista,21.0,919,28.0,4.0,441.0,0.0,0.09793253536452666,right,1.0772578890097932,1.4689880304679,0.19586507072905332,187.0,0.5875952121871599,0.0,0.2857142857142857,1.4689880304679,73,2,0.06217705112222229,0.2396335310917814,0.19586507072905332,20000000.0,16483782.658136033,1.2133137408317163,10928545.780355783,1.830069654459451
Miguel Gutiérrez,Napoli,ITA,2025-2026,Centrocampista,24.0,1488,28.0,4.999315537303217,576.0,0.06048387096774194,2.903225806451613,left,1.1491935483870968,1.6935483870967742,0.06048387096774194,180.0,0.42338709677419356,0.0,0.5357142857142857,1.3306451612903227,76,2,0.10786559928448931,0.03458837458428236,0.0,22000000.0,17587524.09156456,1.250886701588189,11987064.955685072,1.8353116531304121
Yuito Suzuki,Freiburg,GER,2025-2026,Centrocampista,23.0,1632,25.0,,529.0,0.11029411764705882,1.1580882352941175,right,1.1029411764705883,0.5514705882352942,0.22058823529411764,175.0,0.5514705882352942,0.0,0.72,0.6617647058823529,47,7,0.1157901924692423,0.23038847645854246,0.16544117647058823,24000000.0,10897194.53611819,2.202401720961596,13058604.337720284,1.8378686863706462
Pietro Comuzzo,Fiorentina,ITA,2025-2026,Defensa,20.0,1696,27.0,0.999315537303217,400.0,0.0,0.05306603773584905,right,1.2735849056603774,0.2122641509433962,0.05306603773584905,188.0,1.2735849056603774,0.0,0.6666666666666666,0.8490566037735848,42,15,0.002354386900683408,0.043243767170868114,0.1061320754716981,18000000.0,8989769.17083601,2.002276104974348,9778161.28806751,1.8408368884205015
Dani Carvajal,Real Madrid,ESP,2025-2026,Defensa,33.0,977,17.0,,1089.0,0.09211873080859775,1.0133060388945752,right,0.6448311156601843,0.8290685772773797,0.0,173.0,0.5527123848515865,0.0,0.5882352941176471,1.105424769703173,86,2,,,0.0,4000000.0,2688098.426292266,1.488040750619857,2172727.821794201,1.8410037188628943
Tiago Santos,Lille,FRA,2025-2026,Defensa,23.0,709,15.0,3.0006844626967832,529.0,0.0,4.062059238363893,right,1.6502115655853313,2.6657263751763045,0.0,175.0,0.6346967559943583,0.0,0.5333333333333333,1.0155148095909732,61,3,0.0925540589111396,0.06723878550512666,0.0,10000000.0,7698306.109691395,1.298987057349019,5414140.97985606,1.8470150735280373
Robin Gosens,Fiorentina,ITA,2025-2026,Defensa,31.0,1881,26.0,0.999315537303217,961.0,0.04784688995215312,1.9617224880382773,left,1.1483253588516746,1.1961722488038278,0.14354066985645933,183.0,1.1004784688995215,0.0,0.9230769230769231,0.8612440191387559,42,15,0.045996775770444046,0.1146022258014485,0.09569377990430623,4000000.0,2561264.892854379,1.561728351940293,2159993.433268079,1.8518574817831661
Joshua Acheampong,Chelsea,ENG,2025-2026,Defensa,19.0,666,17.0,3.0006844626967832,361.0,0.0,0.13513513513513514,right,0.2702702702702703,1.2162162162162162,0.13513513513513514,190.0,1.6216216216216217,0.0,0.47058823529411764,1.0810810810810811,52,10,,,0.13513513513513514,25000000.0,31241985.585313037,0.8002052216473906,13477062.514772018,1.855003638411401
Daniel Svensson,Dortmund,GER,2025-2026,Centrocampista,23.0,2454,33.0,3.0006844626967832,529.0,0.07334963325183373,4.7310513447432765,left,1.0268948655256724,0.8068459657701711,0.07334963325183373,183.0,0.7334963325183373,0.0,0.8181818181818182,0.9535452322738387,73,2,0.1576173064369517,0.10745723770526044,0.0,22000000.0,33589147.335676774,0.6549734585442322,11846861.298003191,1.8570319552663404
Alexis Claude-Maurice,Augsburg,GER,2025-2026,Centrocampista,27.0,2097,29.0,0.999315537303217,729.0,0.17167381974248927,2.7896995708154506,right,0.9871244635193133,1.8025751072961373,0.21459227467811157,176.0,0.34334763948497854,1.0,0.8620689655172413,1.1158798283261802,43,9,,,0.12875536480686695,15000000.0,7202537.496669803,2.0825993626462154,8069565.539454427,1.8588361327088412
Tomáš Souček,West Ham,ENG,2025-2026,Centrocampista,30.0,2200,35.0,0.999315537303217,900.0,0.0,0.5727272727272728,right,1.5136363636363637,0.9,0.20454545454545453,192.0,0.6545454545454545,0.0,0.6857142857142857,0.9409090909090909,39,18,0.03361907357519323,0.21330853878435765,0.12272727272727274,10000000.0,6552824.194918159,1.5260595588319295,5363283.658155868,1.8645293885944565
Lorenzo Pellegrini,Roma,ITA,2025-2026,Centrocampista,29.0,1463,24.0,0.999315537303217,841.0,0.12303485987696515,5.475051264524948,right,1.2303485987696514,2.39917976760082,0.2460697197539303,186.0,0.9227614490772386,2.0,0.8333333333333334,0.30758714969241285,73,3,0.18445974191674938,0.2937622756779357,0.12303485987696515,8000000.0,14568072.054531382,0.54914610320805,4270497.899732765,1.8733178631233178
Bernardo,Hoffenheim,GER,2025-2026,Defensa,30.0,2312,29.0,0.999315537303217,900.0,0.0,0.6228373702422145,left,1.6349480968858132,0.4282006920415225,0.0,186.0,1.5181660899653981,0.0,0.896551724137931,1.6349480968858132,61,5,0.01373487134757339,0.017028969626351677,0.35034602076124566,4000000.0,5310787.989973273,0.753183898049022,2130666.618270188,1.877346725996701
Tyrick Mitchell,Crystal Palace,ENG,2025-2026,Centrocampista,25.0,3251,38.0,0.999315537303217,625.0,0.05536757920639804,2.879114118732698,left,0.6644109504767763,0.7751461088895725,0.02768378960319902,181.0,0.9135650569055674,0.0,0.9473684210526315,1.799446324207936,45,15,0.0840517100472701,0.05494466792277577,0.16610273761919409,25000000.0,29334717.615463473,0.8522325091965953,13312005.805234471,1.8780039887129287
Antoine Griezmann,Atlético Madrid,ESP,2025-2026,Delantero,34.0,1481,34.0,2.001368925393566,1156.0,0.24307900067521945,4.861580013504389,,0.24307900067521945,0.6076975016880486,0.42538825118163404,,0.4861580013504389,0.0,0.38235294117647056,0.5469277515192438,86,2,0.3031500403761139,0.5040185132229312,0.06076975016880486,8000000.0,5918211.612967683,1.3517597076912236,4258942.754530652,1.8784004531381926
Máximo Perrone,Como,ITA,2025-2026,Centrocampista,22.0,2742,36.0,3.0006844626967832,484.0,0.13129102844638948,0.36105032822757116,left,1.4113785557986873,0.7549234135667395,0.09846827133479212,177.0,0.6892778993435449,0.0,0.9166666666666666,1.2472647702407003,71,4,0.08322929733186243,0.08161059434014153,0.26258205689277897,35000000.0,26451121.169939153,1.3231953297985861,18615457.474392496,1.8801579304804168
Bryan Mbeumo,Manchester Utd,ENG,2025-2026,Centrocampista,25.0,2609,33.0,4.0,625.0,0.10348792640858566,3.6220774243004983,left,0.7934074357991567,0.9658873131467995,0.3794557301648141,171.0,0.24147182828669989,0.0,0.9393939393939394,0.3794557301648141,78,2,0.1756193456852194,0.45911411638416266,0.13798390187811424,75000000.0,98495540.66885659,0.7614557927262013,39877479.88263214,1.8807607757747198
Rio Ngumoha,Liverpool,ENG,2025-2026,Centrocampista,16.0,560,19.0,2.001368925393566,256.0,0.1607142857142857,3.5357142857142856,right,0.6428571428571428,1.9285714285714286,0.3214285714285714,170.0,0.48214285714285715,0.0,0.2631578947368421,0.3214285714285714,60,5,0.34169807584424106,0.19630372384563088,0.0,30000000.0,39424472.57389027,0.7609486707469149,15950654.94187176,1.8808005131656111
Álex Jiménez,Bournemouth,ENG,2025-2026,Defensa,20.0,2317,31.0,0.999315537303217,400.0,0.0,1.981009926629262,right,1.3595166163141994,0.7768666378938283,0.03884333189469141,177.0,1.048769961156668,0.0,0.8387096774193549,1.7479499352611136,57,6,,,0.38843331894691413,22000000.0,32575653.94327953,0.6753509856872321,11685675.19853125,1.8826468840041986
Jefferson Lerma,Crystal Palace,ENG,2025-2026,Centrocampista,30.0,1733,31.0,0.999315537303217,900.0,0.10386612810155799,0.6231967686093479,right,1.298326601269475,1.2463935372186958,0.0,180.0,1.298326601269475,0.0,0.5806451612903226,0.934795152914022,45,15,0.09266399397405667,0.11469874440746644,0.363531448355453,6000000.0,5192575.347400649,1.1554959915995324,3186946.0136604565,1.8826801503011754
Tom Bischof,Bayern Munich,GER,2025-2026,Defensa,20.0,1302,26.0,3.0006844626967832,400.0,0.2073732718894009,1.7972350230414746,left,1.0368663594470047,0.6221198156682028,0.2073732718894009,176.0,1.0368663594470047,0.0,0.5384615384615384,1.2442396313364057,89,1,0.19714876477207458,0.13696068382826268,0.1382488479262673,40000000.0,48708562.22775716,0.8212108543250228,21206640.826811828,1.886201606688575
John McGinn,Aston Villa,ENG,2025-2026,Centrocampista,30.0,2137,30.0,2.001368925393566,900.0,0.16846045858680395,3.4534394010294807,left,1.3055685540477304,2.021525503041647,0.21057557323350493,178.0,0.5053813757604118,0.0,0.9333333333333333,0.7159569489939167,65,4,0.20478457002824274,0.12632000902000853,0.21057557323350493,13000000.0,13383312.699035548,0.9713589073456252,6890545.843687749,1.8866429880745899
Florian Sotoca,Lens,FRA,2025-2026,Centrocampista,34.0,507,26.0,0.999315537303217,1156.0,0.0,1.952662721893491,right,1.5976331360946745,2.130177514792899,0.1775147928994083,187.0,1.242603550295858,0.0,0.15384615384615385,0.7100591715976332,70,2,0.16614884193215146,0.12776840877713713,0.1775147928994083,1200000.0,851983.1040374476,1.4084786356834325,632555.7675505731,1.8970659372006429
Felix Nmecha,Dortmund,GER,2025-2026,Centrocampista,24.0,2176,29.0,4.0,576.0,0.12408088235294118,0.2895220588235294,right,1.1580882352941175,0.9099264705882354,0.08272058823529412,190.0,1.0340073529411766,0.0,0.8620689655172413,0.9512867647058824,73,2,0.07542315672788605,0.13913894389749176,0.0,55000000.0,34742374.016415715,1.583081224501601,28893540.113954395,1.90353967644959
Nathan Ngoy,Lille,FRA,2025-2026,Defensa,22.0,2405,29.0,3.0006844626967832,484.0,0.07484407484407485,0.22453222453222454,right,0.7484407484407485,0.41164241164241167,0.037422037422037424,183.0,1.4220374220374221,0.0,0.9310344827586207,0.7858627858627859,61,3,0.046006784741447274,0.0584701019999515,0.37422037422037424,25000000.0,22082974.731746726,1.1320938552748387,13126372.797547106,1.90456269874277
Philipp Lienhart,Freiburg,GER,2025-2026,Defensa,29.0,1302,20.0,,841.0,0.0,0.8986175115207373,right,0.4838709677419355,0.5529953917050692,0.06912442396313365,189.0,0.8986175115207373,0.0,0.7,0.8986175115207373,47,7,0.0099143080739519,0.06555795274709227,0.2764976958525346,10000000.0,3202407.3148959894,3.122650873761444,5237402.004642471,1.9093436003453483
Ismaël Doukouré,Strasbourg,FRA,2025-2026,Defensa,22.0,2072,25.0,2.001368925393566,484.0,0.08687258687258688,0.1303088803088803,right,0.9121621621621622,0.7384169884169883,0.0,183.0,1.0424710424710424,0.0,1.0,0.4777992277992278,53,8,0.03188216730207924,0.022614918973721188,0.17374517374517376,20000000.0,13761670.64816798,1.4533119205743015,10409696.87055102,1.9212855329706957
Natan,Real Betis,ESP,2025-2026,Defensa,24.0,2807,33.0,4.0,576.0,0.0,0.03206270039187745,,0.8977556109725685,0.35268970431065194,0.0,,1.1863199144994656,0.0,0.9696969696969697,0.5450659066619167,60,5,0.010646003536351813,0.016669643409802346,0.2565016031350196,25000000.0,18620968.876316514,1.3425724604371578,12966498.401765637,1.9280455852750324
Dušan Vlahović,Juventus,ITA,2025-2026,Delantero,25.0,968,19.0,3.0006844626967832,625.0,0.09297520661157024,0.27892561983471076,left,0.8367768595041323,1.6735537190082646,0.6508264462809917,190.0,0.1859504132231405,1.0,0.5789473684210527,0.27892561983471076,69,6,0.11595302830981322,0.7008127404823283,0.0,35000000.0,20777546.537889205,1.6845107258537588,18120251.48136669,1.9315405217190829
Henrikh Mkhitaryan,Inter,ITA,2025-2026,Centrocampista,36.0,1560,30.0,0.999315537303217,1296.0,0.057692307692307696,2.4230769230769234,both,1.6153846153846152,0.9807692307692307,0.23076923076923078,177.0,0.8653846153846154,0.0,0.5333333333333333,1.5576923076923077,87,1,0.19100299463249168,0.3484615631258258,0.28846153846153844,3000000.0,3850198.272971471,0.7791806518277531,1546693.4092540517,1.9396216354518878
Yann Aurel Bisseck,Inter,ITA,2025-2026,Defensa,24.0,1922,23.0,4.999315537303217,576.0,0.04682622268470344,0.5619146722164412,right,0.9833506763787722,0.749219562955255,0.1404786680541103,196.0,1.0770031217481788,0.0,0.9130434782608695,0.8428720083246618,87,1,,,0.09365244536940688,50000000.0,42994250.946621366,1.1629461823181075,25737143.071244217,1.9427175682084297
Juan Miranda,Bologna,ITA,2025-2026,Defensa,25.0,2573,32.0,2.001368925393566,625.0,0.10493587252234746,5.981344733773805,left,0.8744656043528954,1.2242518460940535,0.03497862417411582,185.0,1.154294597745822,0.0,0.90625,1.0843373493975905,56,8,0.1575638114641577,0.018087700291674655,0.2098717450446949,15000000.0,13689447.223393636,1.0957345285912483,7714732.808510228,1.9443317574723125
Giacomo Raspadori,Atalanta,ITA,2025-2026,Centrocampista,25.0,796,13.0,4.0,625.0,0.11306532663316583,4.974874371859297,right,0.7914572864321608,0.6783919597989949,0.33919597989949746,172.0,0.11306532663316583,0.0,0.5384615384615384,0.33919597989949746,59,7,0.10746131295422512,0.09912398255350602,0.0,22000000.0,13931527.239219889,1.5791520643957706,11293048.893490024,1.9481010139504569
Rodrigo Muniz,Fulham,ENG,2025-2026,Delantero,24.0,1000,21.0,4.0,576.0,0.09,0.18,right,1.8900000000000001,1.6199999999999999,0.09,186.0,0.18,0.0,0.47619047619047616,0.27,52,11,0.08653378103859723,0.40907626066356895,0.18,20000000.0,24092522.221216984,0.8301330934287602,10196324.765600096,1.9614910724965435
Thierno Barry,Everton,ENG,2025-2026,Delantero,22.0,1914,38.0,3.0006844626967832,484.0,0.0,0.18808777429467086,right,2.1630094043887147,0.3761755485893417,0.3761755485893417,195.0,0.23510971786833856,0.0,0.5526315789473685,0.18808777429467086,49,13,0.04720713309710115,0.4302191419883114,0.14106583072100312,30000000.0,25111886.60949387,1.1946533713901892,15290366.950117778,1.9620196230652867
Takumi Minamino,Monaco,FRA,2025-2026,Centrocampista,30.0,944,15.0,0.999315537303217,900.0,0.1906779661016949,0.7627118644067796,right,0.9533898305084745,0.7627118644067796,0.2860169491525424,172.0,0.2860169491525424,0.0,0.7333333333333333,0.2860169491525424,54,7,0.20023910413590906,0.32152726196573445,0.3813559322033898,10000000.0,3585614.039935486,2.7889225913952314,5091296.88373295,1.9641360989870182
Konrad Laimer,Bayern Munich,GER,2025-2026,Defensa,28.0,1994,29.0,3.0006844626967832,784.0,0.40621865596790374,1.715145436308927,right,1.3089267803410232,0.40621865596790374,0.13540621865596789,180.0,0.7673019057171514,0.0,0.7586206896551724,1.1283851554663993,89,1,0.22521165597515036,0.12759549510567156,0.40621865596790374,32000000.0,29794129.470566023,1.0740370861183637,16288034.380670728,1.9646323952984108
Manuel Lazzari,Lazio,ITA,2025-2026,Defensa,31.0,938,23.0,0.999315537303217,961.0,0.0,1.535181236673774,right,0.9594882729211087,1.8230277185501067,0.0,174.0,0.5756929637526652,0.0,0.391304347826087,0.863539445628998,54,9,0.012273407155977512,0.010489687762423747,0.19189765458422176,2000000.0,1427643.616694595,1.4009098465558054,1017784.5238810743,1.9650524772900706
Álvaro Carreras,Real Madrid,ESP,2025-2026,Defensa,22.0,2332,28.0,4.999315537303217,484.0,0.11578044596912522,1.1578044596912522,,0.8490566037735848,1.2735849056603774,0.07718696397941681,,1.4665523156089193,0.0,0.9285714285714286,0.6946826758147513,86,2,,,0.19296740994854203,50000000.0,50557603.37864893,0.9889709293679769,25438599.50978492,1.9655170081500586
Renato Veiga,Villarreal,ESP,2025-2026,Defensa,22.0,2481,32.0,6.0013689253935665,484.0,0.0,0.07255139056831923,,0.8706166868198306,0.21765417170495766,0.0,,0.94316807738815,0.0,0.84375,0.3264812575574365,72,3,0.0042510094591827466,0.007191372814587122,0.18137847642079807,30000000.0,21696745.501229674,1.3826958517027237,15261530.300126353,1.9657268576632596
Jack Hinshelwood,Brighton,ENG,2025-2026,Centrocampista,20.0,1741,27.0,3.0006844626967832,400.0,0.15508328546812178,0.36186099942561745,right,1.6542217116599656,0.6203331418724871,0.2067777139574957,182.0,0.31016657093624356,0.0,0.7407407407407407,0.672027570361861,53,8,0.12185764868114099,0.24617010548856325,0.0,28000000.0,39067302.55580992,0.7167118835501981,14222315.959224148,1.9687370242847178
Jack Grealish,Everton,ENG,2025-2026,Centrocampista,29.0,1627,20.0,0.999315537303217,841.0,0.33189920098340503,2.1573448063921328,right,0.7191149354640444,3.2083589428395825,0.11063306699446834,180.0,0.6084818684695759,0.0,0.9,0.8297480024585127,49,13,0.25215105531987925,0.17064810670985534,0.27658266748617083,20000000.0,17870039.154202215,1.1191917279765398,10146904.524133334,1.971044465081161
Petar Sučić,Inter,ITA,2025-2026,Centrocampista,21.0,1765,34.0,4.0,441.0,0.10198300283286119,2.1926345609065154,right,1.529745042492918,1.274787535410765,0.10198300283286119,183.0,0.45892351274787535,0.0,0.6176470588235294,1.274787535410765,87,1,0.20605636797528767,0.11126022718361349,0.254957507082153,45000000.0,42615663.53005295,1.055949767584062,22828709.59324113,1.9712020872753622
Brahim Díaz,Real Madrid,ESP,2025-2026,Delantero,25.0,1257,30.0,0.999315537303217,625.0,0.42959427207637235,1.431980906921241,both,1.360381861575179,2.649164677804296,0.07159904534606205,170.0,0.1431980906921241,0.0,0.43333333333333335,0.7159904534606205,86,2,0.26031805402410346,0.12240449548976803,0.1431980906921241,35000000.0,33475980.2899396,1.0455257679345213,17668228.586516548,1.980956937964349
Mohammed Salisu,Monaco,FRA,2025-2026,Defensa,26.0,1080,12.0,2.001368925393566,676.0,0.0,0.0,left,1.4166666666666665,0.25,0.08333333333333334,188.0,1.5833333333333335,0.0,1.0,0.9166666666666667,54,7,0.012567057274281979,0.0729737407527864,0.25,10000000.0,9064849.006916875,1.103162335342769,5045093.415394001,1.98212385314555
Daniel James,Leeds United,ENG,2025-2026,Delantero,27.0,559,19.0,3.0006844626967832,729.0,0.0,8.050089445438283,right,0.16100178890876565,1.2880143112701252,0.0,171.0,0.16100178890876565,0.0,0.3157894736842105,0.8050089445438282,47,14,0.07881610312754012,0.12877940438514532,0.0,10000000.0,7972568.711264533,1.2543008862213865,5045013.29140953,1.9821553328764556
Jacob Ramsey,Newcastle,ENG,2025-2026,Centrocampista,24.0,1450,28.0,4.0,576.0,0.18620689655172415,0.49655172413793097,right,0.9931034482758619,0.8689655172413794,0.12413793103448274,180.0,0.5586206896551724,0.0,0.5357142857142857,1.3034482758620691,49,12,0.09722407419106055,0.07518206942698051,0.3103448275862069,35000000.0,21037350.09491173,1.6637076362799794,17648938.517631657,1.9831220991015561
Mathias Jensen,Brentford,ENG,2025-2026,Centrocampista,29.0,2247,36.0,0.999315537303217,841.0,0.04005340453938585,4.966622162883845,right,0.8010680907877169,0.6008010680907877,0.12016021361815754,180.0,0.8411214953271028,0.0,0.7222222222222222,0.9212283044058746,53,9,0.2136119222081949,0.063614418757495,0.12016021361815754,10000000.0,10683313.423273847,0.936039185952812,5033853.343300998,1.9865497300011532
Thijs Dallinga,Bologna,ITA,2025-2026,Delantero,24.0,811,23.0,0.999315537303217,576.0,0.2219482120838471,0.5548705302096177,right,2.219482120838471,0.9987669543773119,0.2219482120838471,190.0,0.11097410604192355,0.0,0.391304347826087,0.4438964241676942,56,8,0.07989467808381917,0.43126158425458117,0.2219482120838471,9000000.0,7267633.532140526,1.2383673392718857,4524775.878933321,1.989048792870085
Lewis Ferguson,Bologna,ITA,2025-2026,Centrocampista,25.0,1601,27.0,2.001368925393566,625.0,0.0,1.4053716427232978,right,1.9113054341036853,1.46158650843223,0.056214865708931916,181.0,0.6745783885071831,0.0,0.6296296296296297,0.8994378513429107,56,8,0.0880208569488661,0.0366091316939331,0.3935040599625234,14000000.0,8872598.358174084,1.5778917781285773,7009523.883066396,1.9972825877405442
Oscar Bobb,Fulham,ENG,2025-2026,Centrocampista,22.0,571,14.0,4.999315537303217,484.0,0.0,1.4185639229422067,left,0.6304728546409808,1.2609457092819616,0.0,177.0,0.9457092819614711,0.0,0.42857142857142855,1.1033274956217163,52,11,0.31793059177709754,0.22525268021299,0.0,28000000.0,24494972.837906588,1.1430916941728262,14016559.859021107,1.9976371008025269
Dwight McNeil,Everton,ENG,2025-2026,Centrocampista,25.0,1168,22.0,4.0,625.0,0.07705479452054795,3.0821917808219177,left,0.8476027397260274,0.5393835616438356,0.0,183.0,0.7705479452054794,0.0,0.6363636363636364,1.2328767123287672,49,13,0.13400505462737933,0.11275224052752329,0.07705479452054795,18000000.0,15969700.529821211,1.1271344735856184,9006184.211042443,1.998626674538844
Bashir Humphreys,Burnley,ENG,2025-2026,Defensa,22.0,1578,20.0,3.0006844626967832,484.0,0.0,0.9695817490494297,left,0.7984790874524715,0.5703422053231939,0.0,186.0,0.6273764258555133,0.0,0.85,0.9695817490494297,22,19,0.04930180182305126,0.030007722323668322,0.34220532319391633,12000000.0,10067100.140898533,1.192001652119152,5986740.314219556,2.0044296846312006
Kevin Schade,Brentford,ENG,2025-2026,Centrocampista,23.0,2745,35.0,2.001368925393566,529.0,0.09836065573770492,0.7540983606557378,right,1.639344262295082,1.4098360655737705,0.26229508196721313,185.0,0.6229508196721312,0.0,0.9142857142857143,0.8852459016393444,53,9,0.14968056170666802,0.3879570476710796,0.19672131147540983,35000000.0,40373706.31936105,0.866900841927804,17457319.078963343,2.004889745194391
Reinildo Mandava,Sunderland,ENG,2025-2026,Defensa,31.0,1966,25.0,0.999315537303217,961.0,0.04577822990844354,1.0528992878942014,left,1.4649033570701933,1.6022380467955237,0.0,180.0,1.3275686673448626,0.0,0.92,1.0528992878942014,54,7,,,0.32044760935910477,4000000.0,4886636.218575506,0.8185589884499388,1992730.547383116,2.0072959714763545
Senny Mayulu,PSG,FRA,2025-2026,Centrocampista,19.0,1672,26.0,0.999315537303217,361.0,0.21531100478468898,1.4533492822966507,both,1.291866028708134,1.076555023923445,0.21531100478468898,183.0,0.645933014354067,0.0,0.8076923076923077,1.6686602870813396,76,1,0.21640556413261441,0.25934506579787964,0.16148325358851676,40000000.0,36237857.901550904,1.1038180046036354,19888239.48786293,2.011238854218874
Christian Kofane,Leverkusen,GER,2025-2026,Delantero,19.0,1239,29.0,3.0006844626967832,361.0,0.29055690072639223,0.0,right,2.179176755447942,1.234866828087167,0.3631961259079903,189.0,0.14527845036319612,0.0,0.41379310344827586,0.5084745762711864,59,6,0.16289585714226196,0.5844821973047591,0.2179176755447942,40000000.0,27891486.629093915,1.4341293647028324,19888041.511358775,2.0112588751966634
Amad Diallo,Manchester Utd,ENG,2025-2026,Centrocampista,23.0,2341,32.0,4.0,529.0,0.1153353267834259,1.7684750106791969,left,0.9226826142674072,1.4609141392567278,0.07689021785561725,173.0,0.5766766339171294,0.0,0.84375,0.8842375053395984,78,2,,,0.07689021785561725,45000000.0,65329547.45285228,0.6888154250949936,22370246.331049647,2.0116005579044747
Bradley Barcola,PSG,FRA,2025-2026,Delantero,22.0,1743,29.0,4.999315537303217,484.0,0.05163511187607572,1.342512908777969,right,1.0327022375215147,0.5163511187607573,0.5679862306368331,187.0,0.6196213425129088,0.0,0.7241379310344828,0.8261617900172116,76,1,0.2469872101731021,0.6018576688949089,0.10327022375215145,90000000.0,40832330.3181091,2.204135774246641,44731006.73119311,2.0120271502237084
Pablo Marí,Fiorentina,ITA,2025-2026,Defensa,31.0,808,11.0,0.999315537303217,961.0,0.0,0.0,left,1.8935643564356437,0.8910891089108911,0.0,193.0,2.116336633663366,0.0,0.8181818181818182,0.8910891089108911,42,15,0.012562788589534784,0.005374580568698521,0.3341584158415841,2000000.0,1487401.3641162785,1.3446269771227994,993527.4708192595,2.01302939147803
Lucas Beraldo,PSG,FRA,2025-2026,Defensa,21.0,1567,20.0,2.001368925393566,441.0,0.05743458838544991,0.11486917677089982,left,0.8615188257817485,0.4020421186981493,0.11486917677089982,186.0,1.0338225909380983,0.0,0.9,1.206126356094448,76,1,,,0.11486917677089982,22000000.0,17117213.68929492,1.2852559066759077,10886149.250293752,2.0209166248025077
Jacopo Fazzini,Fiorentina,ITA,2025-2026,Centrocampista,22.0,584,20.0,0.999315537303217,484.0,0.0,2.4657534246575343,right,1.8493150684931505,2.3116438356164384,0.0,178.0,0.7705479452054794,0.0,0.25,1.5410958904109588,42,15,0.11144549120217562,0.13611736024844728,0.3082191780821918,8500000.0,4313993.0327869225,1.9703323430053934,4186173.008735261,2.030494196552102
Phil Foden,Manchester City,ENG,2025-2026,Centrocampista,25.0,2086,33.0,4.0,625.0,0.21572387344199426,5.134228187919463,left,0.7766059443911794,1.3374880153403643,0.30201342281879195,171.0,0.4314477468839885,0.0,0.696969696969697,0.6903163950143816,78,2,0.2634908560679534,0.2885773654380672,0.1725790987535954,70000000.0,97518932.07389769,0.7178093372367486,34419340.353854194,2.033740312288163
Jamie Gittens,Chelsea,ENG,2025-2026,Centrocampista,20.0,495,16.0,6.0013689253935665,400.0,0.36363636363636365,2.3636363636363638,right,1.0909090909090908,1.4545454545454546,0.0,178.0,0.36363636363636365,0.0,0.3125,0.7272727272727273,52,10,,,0.0,30000000.0,24044422.958919846,1.2476905788612735,14741814.28205425,2.035027672036277
Mohammed Kudus,Tottenham,ENG,2025-2026,Centrocampista,24.0,1535,19.0,4.999315537303217,576.0,0.2931596091205212,7.153094462540716,left,1.3485342019543973,0.8794788273615635,0.11726384364820848,177.0,0.1758957654723127,0.0,1.0,0.996742671009772,41,17,0.15092673113248053,0.13850776735292777,0.1758957654723127,50000000.0,29446811.68871163,1.6979766953570525,24555540.49070245,2.0362003442331753
Samuele Ricci,Milan,ITA,2025-2026,Centrocampista,23.0,1312,31.0,0.999315537303217,529.0,0.27439024390243905,1.9207317073170733,right,1.1661585365853657,2.263719512195122,0.06859756097560976,181.0,0.6173780487804879,0.0,0.3548387096774194,0.6173780487804879,70,5,0.19081361107698572,0.14447788954939603,0.20579268292682926,22000000.0,15402136.941250484,1.428373224047821,10752202.188700467,2.046092476118045
Marc Cucurella,Chelsea,ENG,2025-2026,Defensa,27.0,2707,34.0,6.0013689253935665,729.0,0.1329885482083487,1.3631326191355744,left,1.4961211673439234,0.9641669745105282,0.03324713705208718,173.0,0.930919837458441,0.0,0.9117647058823529,1.3298854820834873,52,10,0.15099779203517613,0.06270730034023314,0.2659770964166974,60000000.0,36509304.46969863,1.6434166816242084,29292405.16459979,2.0483125118216887
Tyler Adams,Bournemouth,ENG,2025-2026,Centrocampista,26.0,1772,25.0,2.001368925393566,676.0,0.10158013544018057,0.1523702031602709,right,1.8284424379232505,0.6602708803611739,0.10158013544018057,175.0,1.523702031602709,0.0,0.84,1.2189616252821671,57,6,0.062486516736431,0.04718267180143307,0.4063205417607223,25000000.0,26363130.618355233,0.9482940536126556,12200912.936368959,2.049026997437136
Callum Hudson-Odoi,Nottingham,ENG,2025-2026,Centrocampista,24.0,1841,30.0,2.001368925393566,576.0,0.1955458989679522,4.448669201520913,right,0.5866376969038566,0.5866376969038566,0.14665942422596415,178.0,0.3910917979359044,0.0,0.7,0.34220532319391633,44,16,0.19231003019118975,0.1442976292811581,0.0,30000000.0,22935711.74147542,1.3080038822492694,14570008.929687103,2.0590241327082195
Patrick Osterhage,Freiburg,GER,2025-2026,Centrocampista,25.0,1189,20.0,,625.0,0.0,0.6812447434819175,left,0.9840201850294364,0.9840201850294364,0.07569386038687972,186.0,1.135407905803196,0.0,0.65,0.5298570227081582,47,7,0.025204014568844194,0.09698406081173577,0.3027754415475189,12000000.0,6879333.207077708,1.7443551051799562,5809363.183149506,2.0656308827113614
Stanislav Lobotka,Napoli,ITA,2025-2026,Centrocampista,30.0,2431,32.0,0.999315537303217,900.0,0.03702180172768408,0.1851090086384204,right,0.48128342245989303,1.6659810777457835,0.03702180172768408,168.0,0.5923488276429453,0.0,0.90625,0.5923488276429453,76,2,0.03931202481725686,0.015214693478562616,0.11106540518305225,10000000.0,10467258.164589472,0.9553600229169662,4832446.250669403,2.0693453131764836
Facundo Medina,Marseille,FRA,2025-2026,Defensa,26.0,1365,17.0,4.999315537303217,676.0,0.06593406593406594,0.8571428571428572,left,1.5824175824175823,0.5934065934065934,0.0,184.0,1.5824175824175823,0.0,0.9411764705882353,1.054945054945055,59,5,0.08625044509932235,0.02968396799086214,0.46153846153846156,18000000.0,12363487.103645045,1.4558999292920505,8687550.646457024,2.0719303670869302
Víctor Muñoz,Osasuna,ESP,2025-2026,Centrocampista,22.0,2656,34.0,,484.0,0.06777108433734941,3.3546686746987953,,1.0843373493975905,1.8298192771084336,0.2033132530120482,,0.338855421686747,0.0,0.9117647058823529,0.4405120481927711,42,16,0.08173805083981323,0.24108529742386373,0.1016566265060241,30000000.0,12708933.5031088,2.3605442575225957,14470964.220443372,2.0731168665055852
Nuno Tavares,Lazio,ITA,2025-2026,Defensa,25.0,1473,23.0,3.0006844626967832,625.0,0.0,6.04887983706721,left,1.2219959266802445,1.3441955193482689,0.0,183.0,1.0997963340122199,0.0,0.7391304347826086,1.2830957230142568,54,9,0.07227822504710034,0.06890548286910213,0.3054989816700611,12000000.0,9206063.86054662,1.3034886767869418,5784789.669152859,2.074405585390508
Nuno Mendes,PSG,FRA,2025-2026,Defensa,23.0,1256,20.0,3.0006844626967832,529.0,0.35828025477707004,3.1528662420382165,left,0.8598726114649681,1.7914012738853502,0.28662420382165604,180.0,1.003184713375796,1.0,0.65,1.4331210191082802,76,1,0.36224097003092526,0.27301977008913353,0.07165605095541401,80000000.0,33381645.012941767,2.396526593251612,38331914.20623205,2.087033785205371
Callum Wilson,West Ham,ENG,2025-2026,Delantero,33.0,1251,32.0,0.999315537303217,1089.0,0.07194244604316546,0.3597122302158273,right,0.8633093525179856,1.0071942446043165,0.5035971223021583,180.0,0.2158273381294964,0.0,0.34375,0.14388489208633093,39,18,0.07386757476295498,0.5469540430219482,0.07194244604316546,4000000.0,2496986.41398647,1.6019310227699437,1910515.4647903678,2.093675803058156
Destiny Udogie,Tottenham,ENG,2025-2026,Defensa,22.0,1338,20.0,4.0,484.0,0.06726457399103139,1.8161434977578474,left,1.1434977578475336,1.4798206278026906,0.0,188.0,0.47085201793721976,0.0,0.7,1.3452914798206277,41,17,,,0.26905829596412556,30000000.0,19431378.090906136,1.5438946151760573,14246168.731176712,2.1058293332120352
Gabriel Gudmundsson,Leeds United,ENG,2025-2026,Defensa,26.0,2631,32.0,3.0006844626967832,676.0,0.0,3.0102622576966938,left,1.0604332953249713,1.9156214367160773,0.0,181.0,0.9578107183580387,0.0,0.96875,1.6077537058152795,47,14,0.10609098798260858,0.030024935551913736,0.20524515393386544,20000000.0,25063531.458883483,0.7979721466150863,9484709.42339463,2.108657114014347
Pedro Porro,Tottenham,ENG,2025-2026,Defensa,25.0,2796,34.0,4.999315537303217,625.0,0.06437768240343347,7.467811158798284,right,1.0300429184549356,0.8369098712446352,0.032188841201716736,173.0,0.997854077253219,0.0,0.9411764705882353,1.609442060085837,41,17,0.13672698395078914,0.045157460078133406,0.3218884120171674,45000000.0,37051596.25275685,1.2145225726044595,21331851.828468405,2.1095214968606375
Jadon Sancho,Aston Villa,ENG,2025-2026,Centrocampista,25.0,876,23.0,,625.0,0.2054794520547945,2.363013698630137,right,0.3082191780821918,0.2054794520547945,0.0,180.0,0.2054794520547945,0.0,0.391304347826087,0.2054794520547945,65,4,0.21082366433964203,0.07899368736790875,0.0,18000000.0,19817440.51885033,0.9082908553644159,8521529.147289949,2.1122969468131707
Antonio Vergara,Napoli,ITA,2025-2026,Centrocampista,22.0,612,12.0,4.999315537303217,484.0,0.29411764705882354,1.6176470588235292,left,2.5,2.9411764705882355,0.14705882352941177,182.0,0.5882352941176471,0.0,0.6666666666666666,1.3235294117647058,76,2,0.12284228441250675,0.10376431157483774,0.29411764705882354,15000000.0,13059402.157815957,1.1485977549916102,7089942.895328526,2.1156728934845597
Przemysław Frankowski,Rennes,FRA,2025-2026,Centrocampista,30.0,1210,19.0,0.999315537303217,900.0,0.1487603305785124,6.099173553719008,right,0.9669421487603306,0.743801652892562,0.0743801652892562,175.0,0.6694214876033058,0.0,0.7894736842105263,1.859504132231405,59,6,,,0.371900826446281,6000000.0,4044947.613026467,1.4833319424650706,2823211.961346454,2.12523894137175
Álex Baena,Atlético Madrid,ESP,2025-2026,Centrocampista,24.0,1560,27.0,4.0,576.0,0.17307692307692307,6.75,right,1.5,1.6730769230769231,0.11538461538461539,172.0,0.9230769230769231,0.0,0.7777777777777778,0.6346153846153846,86,2,0.37876607452590877,0.10281194932758808,0.28846153846153844,40000000.0,28289570.574836686,1.413948645639027,18787927.651547786,2.129026720874387
Nikola Milenković,Nottingham,ENG,2025-2026,Defensa,27.0,3375,38.0,3.0006844626967832,729.0,0.0,0.05333333333333333,right,0.5599999999999999,0.5333333333333333,0.0,195.0,0.7733333333333333,0.0,0.9736842105263158,0.5066666666666666,44,16,0.00713558038075765,0.013584381391604741,0.16,28000000.0,26068730.832130395,1.074083743482029,13126170.75162417,2.133143056708706
Matías Vecino,Lazio,ITA,2025-2026,Centrocampista,33.0,603,13.0,,1089.0,0.1492537313432836,0.0,right,1.1940298507462688,0.44776119402985076,0.0,187.0,1.044776119402985,0.0,0.38461538461538464,1.3432835820895521,54,9,0.0,0.006307438571951283,0.1492537313432836,1000000.0,779578.6327869894,1.28274423892944,468559.79077755543,2.1341993480502066
Oliver Scarles,West Ham,ENG,2025-2026,Defensa,19.0,659,13.0,2.001368925393566,361.0,0.0,4.7799696509863425,left,0.9559939301972686,0.9559939301972686,0.0,180.0,1.7754172989377843,0.0,0.6923076923076923,2.5948406676783002,39,18,0.13331726743176872,0.0326062504863522,0.27314112291350534,10000000.0,8673276.913862674,1.152966762080062,4665761.945195681,2.1432726567408706
Mamadou Sarr,Strasbourg,FRA,2025-2026,Defensa,19.0,1305,15.0,0.999315537303217,361.0,0.0,0.0,right,1.103448275862069,0.7586206896551724,0.0,194.0,0.3448275862068965,0.0,1.0,0.896551724137931,53,8,0.0,0.03927334012656376,0.20689655172413793,22000000.0,17195714.015867326,1.2793885720418194,10260365.829067148,2.1441730603479074
Gianluca Mancini,Roma,ITA,2025-2026,Defensa,29.0,3059,36.0,3.0006844626967832,841.0,0.058842759071592025,0.8532200065380844,right,2.0889179470415167,1.2356979405034325,0.11768551814318405,190.0,1.3828048381824125,0.0,1.0,0.8237986270022883,73,3,0.08003168123469473,0.07045066600952245,0.2647924158221641,15000000.0,13762259.148950607,1.08993733061216,6979562.296850629,2.1491319028370035
Lorenz Assignon,Stuttgart,GER,2025-2026,Defensa,25.0,1094,24.0,3.0006844626967832,625.0,0.0,3.290676416819013,right,1.563071297989031,0.5758683729433273,0.0,181.0,1.2340036563071297,0.0,0.5,1.2340036563071297,62,4,0.08660665848607392,0.055551023811605885,0.24680073126142596,9000000.0,9400153.550911887,0.9574311686777639,4186585.1200580513,2.149723400315149
Matthijs de Ligt,Manchester Utd,ENG,2025-2026,Defensa,25.0,1170,13.0,3.0006844626967832,625.0,0.0,0.3076923076923077,right,0.46153846153846156,0.38461538461538464,0.07692307692307693,189.0,0.8461538461538461,0.0,1.0,1.0,78,2,0.03293662804823655,0.10179784349524057,0.0,30000000.0,50765834.17197963,0.5909486269519156,13906679.742671205,2.1572367060376108
Gustav Isaksen,Lazio,ITA,2025-2026,Delantero,24.0,1593,30.0,2.001368925393566,576.0,0.056497175141242945,1.8079096045197742,left,1.0169491525423728,3.2203389830508473,0.2824858757062147,181.0,0.39548022598870053,0.0,0.6,0.45197740112994356,54,9,0.04985050556097327,0.30556396102416983,0.0,15000000.0,11783552.172313958,1.2729607999906214,6941929.950011342,2.16078239164247
Gonçalo Ramos,PSG,FRA,2025-2026,Delantero,24.0,1318,30.0,4.999315537303217,576.0,0.06828528072837634,0.06828528072837634,right,1.6388467374810318,1.5705614567526556,0.40971168437025796,185.0,0.34142640364188165,1.0,0.43333333333333335,0.9559939301972686,76,1,0.10474801592794508,0.6396087595263047,0.27314112291350534,50000000.0,23047850.504724815,2.1693997012758297,23121811.86399654,2.1624602904868393
Andy Diouf,Inter,ITA,2025-2026,Centrocampista,22.0,493,19.0,4.0,484.0,0.0,1.0953346855983772,left,0.9127789046653144,0.5476673427991886,0.18255578093306288,187.0,0.18255578093306288,0.0,0.21052631578947367,1.0953346855983772,87,1,0.31975659585234845,0.17250274729293452,0.18255578093306288,20000000.0,24504863.58278763,0.8161645108707369,9224379.205538683,2.1681675866047665
Wael Mohya,Gladbach,GER,2025-2026,Centrocampista,16.0,552,15.0,,256.0,0.16304347826086957,1.3043478260869565,both,0.6521739130434783,2.119565217391304,0.32608695652173914,179.0,0.32608695652173914,0.0,0.4,1.141304347826087,38,12,0.032203043912253954,0.17895170487463474,0.16304347826086957,17000000.0,5745556.235446251,2.9588083909302525,7830417.0459266,2.171021019735269
Axel Disasi,West Ham,ENG,2025-2026,Defensa,27.0,1254,14.0,0.999315537303217,729.0,0.0,0.0,right,0.3588516746411483,0.28708133971291866,0.0,191.0,0.8612440191387559,0.0,1.0,0.7177033492822966,39,18,0.0017156445702012075,0.07756342915327925,0.07177033492822966,15000000.0,8844250.717359768,1.6960170487430368,6884324.394907393,2.178863042987355
Georginio Rutter,Brighton,ENG,2025-2026,Centrocampista,23.0,1786,32.0,2.001368925393566,529.0,0.15117581187010076,1.007838745800672,left,1.5117581187010078,1.7133258678611423,0.15117581187010076,182.0,0.5543113101903695,0.0,0.625,0.9574468085106382,53,8,0.2317326393474857,0.14781223433269533,0.10078387458006718,30000000.0,30128669.156846277,0.9957293448251417,13695730.667120237,2.190463636381367
Milos Kerkez,Liverpool,ENG,2025-2026,Defensa,21.0,2257,34.0,4.0,441.0,0.03987594151528578,3.1501993797075767,left,0.877270713336287,1.1962782454585734,0.07975188303057155,180.0,0.5981391227292867,0.0,0.7941176470588235,1.0367744793974303,60,5,0.07430868090440279,0.055570599417118414,0.1595037660611431,35000000.0,41245207.383362666,0.8485834408513161,15915066.655785698,2.199173949879515
Sander Berge,Fulham,ENG,2025-2026,Centrocampista,27.0,2905,35.0,3.0006844626967832,729.0,0.03098106712564544,0.4027538726333907,right,1.0843373493975905,0.4337349397590362,0.0,195.0,0.8055077452667814,0.0,0.9714285714285714,1.270223752151463,52,11,0.061499603839652056,0.041714813335832344,0.1549053356282272,25000000.0,26084193.90206601,0.9584348319853527,11311972.563127533,2.210047793210701
Hiroki Ito,Bayern Munich,GER,2025-2026,Defensa,26.0,920,16.0,2.001368925393566,676.0,0.1956521739130435,0.6847826086956522,left,0.9782608695652174,0.2934782608695652,0.09782608695652174,188.0,1.2717391304347827,0.0,0.625,0.2934782608695652,89,1,0.10742088121807444,0.14641085356149983,0.0,18000000.0,19330965.416886777,0.9311485283748893,8141448.532971279,2.210908774661353
Morgan Gibbs-White,Nottingham,ENG,2025-2026,Centrocampista,25.0,3097,37.0,2.001368925393566,625.0,0.11624152405553762,1.220536002583145,right,0.7555699063609945,1.1914756215692606,0.4359057152082661,180.0,0.34872457216661285,1.0,0.9459459459459459,0.46496609622215046,44,16,0.13090149408358506,0.33918398284781237,0.029060381013884404,70000000.0,45870081.7723867,1.5260491652783417,31630721.59992431,2.213038351934643
Ryan Christie,Bournemouth,ENG,2025-2026,Centrocampista,30.0,994,26.0,3.0006844626967832,900.0,0.0,1.539235412474849,left,1.4486921529175052,1.9919517102615694,0.18108651911468815,178.0,0.9959758551307847,0.0,0.34615384615384615,1.8108651911468814,57,6,0.14664170141116353,0.16213909350897765,0.2716297786720322,8000000.0,7216616.023387952,1.1085528139606182,3603625.735026507,2.219986366020653
Khéphren Thuram,Juventus,ITA,2025-2026,Centrocampista,24.0,2442,35.0,3.0006844626967832,576.0,0.11056511056511056,0.5896805896805897,right,1.4004914004914004,0.44226044226044225,0.11056511056511056,192.0,0.44226044226044225,0.0,0.8571428571428571,1.1793611793611793,69,6,,,0.07371007371007371,38000000.0,21248910.238177173,1.7883270047292463,17057144.979200676,2.2278054179838915
Jarell Quansah,Leverkusen,GER,2025-2026,Defensa,22.0,2299,28.0,4.0,484.0,0.0,0.8612440191387559,right,0.704654197477164,0.8220965637233579,0.156589821661592,190.0,1.017833840800348,0.0,0.8928571428571429,0.8612440191387559,59,6,0.035291152425748776,0.13967573373744985,0.352327098738582,45000000.0,25772438.97242151,1.7460512778070194,20190246.041103564,2.22879899077943
Finn Jeltsch,Stuttgart,GER,2025-2026,Defensa,19.0,1511,23.0,4.0,361.0,0.05956320317670417,0.1786896095301125,right,0.7743216412971543,0.9530112508272667,0.0,188.0,1.1317008603573793,0.0,0.7391304347826086,0.8338848444738584,62,4,0.006068108478853199,0.011620688530130152,0.1786896095301125,35000000.0,23161057.540417176,1.5111572491421557,15684603.8872844,2.231487658312793
Morato,Nottingham,ENG,2025-2026,Defensa,24.0,1345,21.0,0.999315537303217,576.0,0.0,0.13382899628252787,left,1.070631970260223,0.46840148698884754,0.06691449814126393,192.0,0.7360594795539034,0.0,0.6666666666666666,1.204460966542751,44,16,0.006269153616076065,0.12616031828810734,0.33457249070631967,14000000.0,16413399.135510368,0.8529616494679044,6251781.41552043,2.23936172260344
Matty Cash,Aston Villa,ENG,2025-2026,Defensa,27.0,3014,35.0,3.0006844626967832,729.0,0.08958195089581952,3.9117451891174517,right,1.254147312541473,0.8958195089581952,0.08958195089581952,185.0,0.7166556071665562,0.0,0.9714285714285714,0.9555408095554081,65,4,,,0.26874585268745854,22000000.0,32377898.00331421,0.6794758571957968,9797614.732625322,2.2454444883142477
Emre Can,Dortmund,GER,2025-2026,Defensa,31.0,621,9.0,0.999315537303217,961.0,0.0,0.2898550724637681,right,1.4492753623188404,1.4492753623188404,0.43478260869565216,186.0,1.8840579710144927,3.0,0.7777777777777778,1.1594202898550725,73,2,0.0,0.34260559705612453,0.43478260869565216,3000000.0,5553763.791232742,0.5401742156797965,1333152.8963153993,2.2503045286789485
Portu,Girona,ESP,2025-2026,Delantero,33.0,474,10.0,0.999315537303217,1089.0,0.0,3.4177215189873418,right,1.139240506329114,0.7594936708860759,0.0,167.0,0.37974683544303794,0.0,0.4,0.18987341772151897,41,19,0.035998210122313676,0.3178891659820382,0.37974683544303794,1200000.0,340534.4988425893,3.5238720425641663,533126.0417282052,2.2508748514892023
Daichi Kamada,Crystal Palace,ENG,2025-2026,Centrocampista,28.0,1902,28.0,0.999315537303217,784.0,0.0,1.9873817034700316,right,1.419558359621451,1.3249211356466877,0.0,180.0,0.6624605678233438,0.0,0.7857142857142857,1.6561514195583595,45,15,0.12235468091907373,0.07037174535404056,0.14195583596214512,10000000.0,12007339.611831978,0.8328239496237823,4442044.212081577,2.251215774215341
Raúl Albiol,Pisa,ITA,2025-2026,Defensa,39.0,500,8.0,,1521.0,0.18,0.18,right,1.08,0.36,0.0,190.0,1.26,0.0,0.625,0.72,18,20,0.1637381838262081,0.012176284790039063,0.18,700000.0,253934.97046568323,2.7566112643575336,310803.3858426164,2.2522277165746956
José María Giménez,Atlético Madrid,ESP,2025-2026,Defensa,30.0,1178,16.0,0.999315537303217,900.0,0.07640067911714771,0.0,right,1.5280135823429541,0.7640067911714771,0.0,186.0,1.1460101867572157,0.0,0.8125,0.9168081494057726,86,2,,,0.22920203735144315,9000000.0,8745635.276256552,1.0290847623652932,3993632.0725982296,2.253587670670088
Ryan Gravenberch,Liverpool,ENG,2025-2026,Centrocampista,23.0,2992,36.0,6.0013689253935665,529.0,0.09024064171122996,0.24064171122994651,right,1.143048128342246,1.2633689839572193,0.15040106951871657,190.0,1.3235294117647058,0.0,0.9444444444444444,1.052807486631016,60,5,0.07125608172307518,0.046068489838535974,0.15040106951871657,80000000.0,92545197.09784855,0.8644424833350947,35494340.90822529,2.2538804201731546
Kristjan Asllani,Torino,ITA,2025-2026,Centrocampista,23.0,1129,15.0,0.999315537303217,529.0,0.0,4.145261293179805,right,0.5580159433126661,1.1160318866253323,0.0,179.0,0.9565987599645703,0.0,0.8666666666666667,1.1160318866253323,45,13,0.0900846087201387,0.09259738606310873,0.23914968999114258,12000000.0,6282310.373364764,1.9101253021303497,5318074.097851056,2.2564559611625192
Oscar Højlund,Frankfurt,GER,2025-2026,Centrocampista,20.0,1089,24.0,3.0006844626967832,400.0,0.08264462809917356,0.1652892561983471,right,2.231404958677686,0.4132231404958678,0.08264462809917356,184.0,0.5785123966942148,0.0,0.5,1.4049586776859504,44,8,0.08810241606609881,0.050733076670199384,0.3305785123966942,15000000.0,7597482.970358478,1.974338087827559,6644439.109507442,2.2575268962186277
Folarin Balogun,Monaco,FRA,2025-2026,Delantero,24.0,2230,30.0,2.001368925393566,576.0,0.16143497757847533,0.5650224215246636,right,1.7757847533632285,1.493273542600897,0.5246636771300448,179.0,0.16143497757847533,3.0,0.8666666666666667,0.242152466367713,54,7,0.16911768869835164,0.5688092092411267,0.16143497757847533,50000000.0,23398675.590072896,2.136873081022285,22139703.156875867,2.258386196314996
Eli Junior Kroupi,Bournemouth,ENG,2025-2026,Centrocampista,19.0,1672,33.0,4.0,361.0,0.0,0.5382775119617225,right,1.4533492822966507,0.645933014354067,0.6997607655502392,179.0,0.48444976076555024,2.0,0.6363636363636364,0.3229665071770335,57,6,0.09773881063778755,0.47632831952013255,0.26913875598086123,70000000.0,63674785.27655656,1.099336255253494,30737600.226515792,2.277341089875146
Marcel Sabitzer,Dortmund,GER,2025-2026,Centrocampista,31.0,1817,26.0,0.999315537303217,961.0,0.09906439185470556,1.832691249312053,right,0.9906439185470556,0.8420473307649972,0.04953219592735278,178.0,0.9906439185470556,0.0,0.8076923076923077,0.9411117226197029,73,2,0.11095514366209475,0.05694038194158803,0.14859658778205834,6000000.0,4649435.389406308,1.290479272745878,2629602.109182013,2.281714020174106
Kenny Tete,Fulham,ENG,2025-2026,Defensa,29.0,1791,22.0,2.001368925393566,841.0,0.0,1.708542713567839,right,1.3567839195979898,1.557788944723618,0.05025125628140704,180.0,1.306532663316583,0.0,0.9545454545454546,1.9095477386934672,52,11,0.04769113523202326,0.03662181943280613,0.10050251256281408,8000000.0,10196576.131608155,0.7845770871264293,3495558.890518179,2.2886182869641445
Pascal Groß,Brighton,ENG,2025-2026,Centrocampista,34.0,1636,19.0,0.999315537303217,1156.0,0.16503667481662593,6.5464547677261615,right,0.9352078239608801,0.6601466992665037,0.0550122249388753,181.0,0.6051344743276283,0.0,0.9473684210526315,0.9352078239608801,53,8,0.18122065849921015,0.06892995134651807,0.1100244498777506,2500000.0,1539493.9616307304,1.6239102343420952,1091415.7101294089,2.290602908495403
Dávid Hancko,Atlético Madrid,ESP,2025-2026,Defensa,27.0,2432,30.0,4.0,729.0,0.07401315789473684,1.0731907894736843,,0.5550986842105263,0.14802631578947367,0.0,,0.703125,0.0,0.9,0.9991776315789473,86,2,0.07961515001002945,0.06083293023709159,0.07401315789473684,35000000.0,29573811.914541185,1.183479495343338,15273577.041345332,2.2915391663168068
Ao Tanaka,Leeds United,ENG,2025-2026,Centrocampista,26.0,1315,28.0,2.001368925393566,676.0,0.0,2.6692015209125475,right,0.8897338403041825,0.6844106463878327,0.13688212927756654,180.0,1.4372623574144487,0.0,0.5,1.0266159695817492,47,14,0.09292426113280053,0.15044612171192134,0.06844106463878327,13000000.0,9747889.858258061,1.3336219621918346,5667810.153734339,2.2936548062455326
Vitaliy Mykolenko,Everton,ENG,2025-2026,Defensa,26.0,2958,33.0,3.0006844626967832,676.0,0.030425963488843813,2.8296146044624746,left,0.8823529411764706,0.8519269776876268,0.0,180.0,0.821501014198783,0.0,1.0,0.7606490872210954,49,13,,,0.18255578093306288,25000000.0,23897181.236944683,1.0461484872261995,10892015.913693083,2.2952592245638224
Anthony Gordon,Newcastle,ENG,2025-2026,Delantero,24.0,1795,26.0,4.999315537303217,576.0,0.10027855153203342,3.4596100278551534,right,0.6518105849582172,2.0055710306406684,0.3008356545961003,183.0,0.15041782729805014,3.0,0.9230769230769231,0.6518105849582172,49,12,0.18626127942026824,0.43902940191017226,0.15041782729805014,80000000.0,64922180.95777889,1.2322444936350294,34797877.17092991,2.2989908150728193
Reece James,Chelsea,ENG,2025-2026,Defensa,25.0,1963,29.0,6.0013689253935665,625.0,0.18339276617422312,5.776872134488028,right,1.1920529801324504,1.0086602139582272,0.09169638308711156,180.0,1.467142129393785,0.0,0.6896551724137931,1.5129903209373408,52,10,0.1830875190374381,0.056302427232144014,0.18339276617422312,60000000.0,38684036.78185708,1.5510273743752658,26000973.47352202,2.3076059079518982
Benjamin Šeško,Manchester Utd,ENG,2025-2026,Delantero,22.0,1643,30.0,4.0,484.0,0.054777845404747415,0.10955569080949483,right,0.931223371880706,0.3286670724284845,0.6025562994522216,195.0,0.16433353621424224,0.0,0.5666666666666667,0.16433353621424224,78,2,0.032742781064638043,0.6849491902373672,0.10955569080949483,75000000.0,73889766.73833115,1.0150255348024113,32434162.628030468,2.3123766400302563
João Cancelo,Barcelona,ESP,2025-2026,Defensa,31.0,954,16.0,3.0006844626967832,961.0,0.18867924528301888,2.924528301886792,right,1.0377358490566038,1.3207547169811322,0.18867924528301888,182.0,1.0377358490566038,0.0,0.6875,1.7924528301886793,94,1,0.3066052499947683,0.09154849703300674,0.09433962264150944,8000000.0,7932525.33699111,1.0085060759521614,3459247.2900950275,2.312641834802228
Désiré Doué,PSG,FRA,2025-2026,Delantero,20.0,1348,23.0,3.0006844626967832,400.0,0.26706231454005935,3.7388724035608307,right,1.6023738872403561,1.8694362017804154,0.46735905044510384,181.0,0.8011869436201781,0.0,0.6956521739130435,1.3353115727002969,76,1,0.2572224335330442,0.5466770986509606,0.0,120000000.0,55237962.87036184,2.1724189988980656,51884323.31759516,2.3128373336480474
Zachary Athekame,Milan,ITA,2025-2026,Centrocampista,20.0,833,27.0,0.999315537303217,400.0,0.2160864345738295,4.969987995198079,right,1.728691476590636,1.296518607442977,0.2160864345738295,181.0,0.432172869147659,0.0,0.25925925925925924,0.864345738295318,70,5,0.16885936850545502,0.04125286619282928,0.3241296518607443,15000000.0,9850686.50033161,1.5227365117644385,6476478.553761878,2.316073445697927
Miguel Román,Celta Vigo,ESP,2025-2026,Centrocampista,22.0,1311,19.0,2.001368925393566,484.0,0.0,1.4416475972540046,right,1.3729977116704806,0.7551487414187643,0.06864988558352403,178.0,0.8237986270022883,0.0,0.7368421052631579,1.1670480549199085,54,6,0.1434769685373767,0.07579500524825854,0.20594965675057209,15000000.0,8983721.295933938,1.6696867039707755,6473812.926041205,2.3170271015496633
Marc Bernal,Barcelona,ESP,2025-2026,Centrocampista,18.0,790,22.0,3.0006844626967832,324.0,0.11392405063291139,0.11392405063291139,left,1.7088607594936709,1.2531645569620253,0.22784810126582278,193.0,1.3670886075949367,0.0,0.4090909090909091,2.1645569620253164,94,1,0.07663879595413993,0.11644870639318908,0.45569620253164556,30000000.0,24876459.02764113,1.205959415954896,12915106.7344405,2.322861174658317
Jean-Ricner Bellegarde,Wolves,ENG,2025-2026,Centrocampista,27.0,1248,26.0,2.001368925393566,729.0,0.07211538461538461,1.8028846153846156,right,1.442307692307692,2.956730769230769,0.07211538461538461,170.0,0.6490384615384616,0.0,0.5769230769230769,1.0817307692307694,20,20,0.08773246117366047,0.0627264317098217,0.360576923076923,16000000.0,9271723.544787314,1.725676992277818,6865333.021353548,2.330549727192329
Benjamin André,Lille,FRA,2025-2026,Centrocampista,34.0,2332,27.0,2.001368925393566,1156.0,0.07718696397941681,0.8490566037735848,right,1.3507718696397941,1.6981132075471697,0.07718696397941681,180.0,1.1963979416809605,0.0,0.9629629629629629,1.5437392795883362,61,3,0.07460463810057139,0.09931951042386107,0.34734133790737565,3000000.0,1717745.5607096471,1.7464751873732796,1284219.8973368397,2.3360485273754685
Kyle Walker-Peters,West Ham,ENG,2025-2026,Defensa,28.0,1383,23.0,2.001368925393566,784.0,0.0,1.3015184381778742,right,0.7809110629067245,1.6268980477223427,0.0650759219088937,173.0,0.5856832971800434,0.0,0.6521739130434783,1.9522776572668112,39,18,0.023231640409621654,0.07732612297035867,0.1301518438177874,12000000.0,7776245.958454761,1.5431610656492858,5133381.617174606,2.337640349950206
Noni Madueke,Arsenal,ENG,2025-2026,Delantero,23.0,1211,26.0,4.0,529.0,0.07431874483897605,5.945499587118084,left,1.1147811725846408,1.1147811725846408,0.22295623451692814,182.0,0.37159372419488024,0.0,0.6153846153846154,0.7431874483897605,85,1,0.2980908147012469,0.14837127489604604,0.0,50000000.0,79470251.60071637,0.6291662476572465,21300458.941050783,2.3473672627606503
Joshua Zirkzee,Manchester Utd,ENG,2025-2026,Delantero,24.0,626,24.0,3.0006844626967832,576.0,0.1437699680511182,0.7188498402555911,right,1.1501597444089455,0.8626198083067093,0.2875399361022364,193.0,0.1437699680511182,0.0,0.20833333333333334,0.8626198083067093,78,2,0.17485808994704352,0.5530306037527304,0.43130990415335463,20000000.0,35838827.57935243,0.5580539696985639,8511298.536122011,2.349817705855324
Crysencio Summerville,West Ham,ENG,2025-2026,Centrocampista,23.0,2470,31.0,4.0,529.0,0.0728744939271255,2.1497975708502026,right,1.785425101214575,2.4412955465587047,0.18218623481781376,172.0,0.5465587044534413,0.0,0.9354838709677419,0.9473684210526315,39,18,0.11790033497353676,0.20765708670442404,0.21862348178137653,45000000.0,32309088.83760823,1.3927969379198144,19135167.53039052,2.351690933906426
Omari Hutchinson,Nottingham,ENG,2025-2026,Centrocampista,21.0,1688,31.0,0.999315537303217,441.0,0.2665876777251185,7.091232227488151,left,1.2263033175355451,1.2796208530805686,0.0533175355450237,174.0,0.5864928909952606,0.0,0.5483870967741935,0.5864928909952606,44,16,0.2629370021664701,0.11611059125980706,0.0533175355450237,30000000.0,21862519.27797188,1.3722114829752141,12733570.91932918,2.3559769832090773
Wilson Isidor,Sunderland,ENG,2025-2026,Delantero,24.0,1165,32.0,4.0,576.0,0.0,0.0,right,1.0815450643776825,0.5407725321888412,0.46351931330472107,184.0,0.15450643776824033,0.0,0.34375,0.6180257510729613,54,7,0.0,0.43411784951651045,0.07725321888412016,18000000.0,26796439.73317467,0.6717310276751259,7639945.545656989,2.3560377351422743
Rodrigo Bentancur,Tottenham,ENG,2025-2026,Centrocampista,28.0,1883,26.0,3.0006844626967832,784.0,0.04779607010090281,0.33457249070631967,right,0.9081253319171535,0.3823685608072225,0.04779607010090281,187.0,1.7206585236325014,0.0,0.8846153846153846,1.7206585236325014,41,17,0.04193574983470312,0.04670610299222152,0.33457249070631967,20000000.0,14066797.110320987,1.4217877632802243,8473702.324527029,2.360243401766692
Dani Ceballos,Real Madrid,ESP,2025-2026,Centrocampista,28.0,486,16.0,3.0006844626967832,784.0,0.0,0.5555555555555556,right,1.1111111111111112,2.7777777777777777,0.0,179.0,1.2962962962962963,0.0,0.25,1.8518518518518519,86,2,0.109257730482905,0.015048595076357878,0.1851851851851852,7000000.0,14985300.220313517,0.46712444175866824,2957955.204399064,2.3664996649001364
Daniele Ghilardi,Roma,ITA,2025-2026,Defensa,22.0,1097,23.0,4.0,484.0,0.0,0.24612579762989975,right,1.886964448495898,1.3947128532360984,0.0,189.0,1.804922515952598,0.0,0.391304347826087,1.2306289881494987,73,3,0.034236587217262686,0.0460173862026079,0.0820419325432999,18000000.0,19674194.1235795,0.9149040558884708,7583500.797843585,2.3735739574417147
Pascal Groß,Dortmund,GER,2025-2026,Centrocampista,34.0,613,11.0,0.999315537303217,1156.0,0.1468189233278956,3.3768352365415986,right,1.468189233278956,0.5872756933115824,0.0,181.0,0.734094616639478,0.0,0.6363636363636364,0.8809135399673735,73,2,0.4836492615084956,0.18396313279429619,0.0,2500000.0,1440552.3988698483,1.7354453763440445,1051944.7974779974,2.3765505623428784
Noah Okafor,Leeds United,ENG,2025-2026,Delantero,25.0,1561,28.0,3.0006844626967832,625.0,0.05765534913516976,2.0755925688661114,right,1.0377962844330557,0.8071748878923767,0.46124279308135807,185.0,0.6918641896220372,0.0,0.6785714285714286,0.8648302370275465,47,14,0.13026162041715136,0.3630382476122733,0.1729660474055093,25000000.0,18625332.830060337,1.342257892951651,10488742.229536433,2.383507903321304
Dominik Szoboszlai,Liverpool,ENG,2025-2026,Centrocampista,24.0,3231,36.0,4.999315537303217,576.0,0.19498607242339833,5.73816155988858,right,1.1699164345403898,0.8356545961002785,0.1671309192200557,187.0,0.807799442896936,0.0,1.0,0.8913649025069638,60,5,0.24610498198891748,0.1315925005449807,0.22284122562674094,100000000.0,75628535.42713255,1.3222522350224428,41910902.77812247,2.386013981359526
Ayden Heaven,Manchester Utd,ENG,2025-2026,Defensa,18.0,924,17.0,3.0006844626967832,324.0,0.09740259740259741,0.09740259740259741,left,0.6818181818181819,0.8766233766233766,0.0,189.0,0.09740259740259741,0.0,0.6470588235294118,1.2662337662337664,78,2,0.0355978041597001,0.02094673134942914,0.19480519480519481,30000000.0,30636134.330983702,0.9792358159775938,12570966.166111032,2.386451415395133
Brennan Johnson,Tottenham,ENG,2025-2026,Centrocampista,24.0,610,16.0,4.0,576.0,0.0,3.39344262295082,right,0.29508196721311475,0.5901639344262295,0.29508196721311475,186.0,0.29508196721311475,0.0,0.375,1.3278688524590165,41,17,0.1890069764168536,0.382635622117363,0.29508196721311475,30000000.0,11902083.679311298,2.52056705433413,12540457.314647721,2.3922572556392248
Albert Guðmundsson,Fiorentina,ITA,2025-2026,Delantero,28.0,2250,33.0,0.999315537303217,784.0,0.16,2.16,right,1.36,1.2000000000000002,0.2,177.0,0.12,3.0,0.8181818181818182,0.16,42,15,,,0.16,12000000.0,6674973.810255517,1.7977598626024633,5015515.252324964,2.392575716809424
Joe Gomez,Liverpool,ENG,2025-2026,Defensa,28.0,607,21.0,0.999315537303217,784.0,0.29654036243822074,2.372322899505766,right,2.0757825370675453,0.0,0.0,188.0,1.186161449752883,0.0,0.3333333333333333,1.0378912685337727,60,5,,,0.5930807248764415,13000000.0,11305206.671869053,1.1499126355954317,5427354.74464756,2.3952736851816363
Boubacar Kamara,Aston Villa,ENG,2025-2026,Centrocampista,25.0,1411,18.0,4.0,625.0,0.1913536498936924,0.1275690999291283,right,1.0205527994330263,1.9135364989369241,0.06378454996456415,184.0,0.9567682494684621,0.0,0.9444444444444444,1.0205527994330263,65,4,0.04650042257664433,0.06711137824256863,0.3189227498228207,40000000.0,48337430.202751316,0.827516064305033,16631882.503948633,2.405019395158874
Viktor Gyökeres,Arsenal,ENG,2025-2026,Delantero,27.0,2224,36.0,4.0,729.0,0.04046762589928058,0.32374100719424465,right,1.41636690647482,1.254496402877698,0.5665467625899281,189.0,0.04046762589928058,3.0,0.7222222222222222,0.20233812949640287,85,1,0.1073905062592059,0.5613438718242022,0.20233812949640287,65000000.0,93508229.02502291,0.6951259870680037,26971813.16914304,2.4099232629403984
Andrey Santos,Chelsea,ENG,2025-2026,Centrocampista,21.0,1260,27.0,4.999315537303217,441.0,0.0,0.14285714285714285,right,0.9285714285714286,1.5714285714285714,0.07142857142857142,180.0,1.2857142857142856,0.0,0.48148148148148145,1.5,52,10,0.04916982193078314,0.18251080278839385,0.2857142857142857,40000000.0,28907315.80664574,1.3837327639671086,16545160.215980316,2.4176254250693554
Bruno Fernandes,Manchester Utd,ENG,2025-2026,Centrocampista,30.0,3063,35.0,0.999315537303217,900.0,0.6170421155729677,5.318315377081293,right,0.7051909892262488,1.0284035259549462,0.2644466209598433,183.0,0.6170421155729677,4.0,1.0,1.0284035259549462,78,2,0.5217571390188873,0.3505917479002248,0.14691478942213515,35000000.0,40463006.28086786,0.8649876323339095,14463419.120778324,2.419898068895658
Habib Diarra,Sunderland,ENG,2025-2026,Centrocampista,21.0,1405,20.0,4.0,441.0,0.12811387900355872,2.0498220640569396,right,1.217081850533808,1.7295373665480427,0.12811387900355872,178.0,0.25622775800711745,1.0,0.75,0.4483985765124555,54,7,0.04130139476304801,0.20836805055096902,0.3843416370106762,35000000.0,40034937.37992018,0.8742364117585585,14462276.48730399,2.420089259856529
Nathan Aké,Manchester City,ENG,2025-2026,Defensa,30.0,695,18.0,3.0006844626967832,900.0,0.0,0.5179856115107914,left,0.3884892086330935,1.0359712230215827,0.0,180.0,0.6474820143884893,0.0,0.3333333333333333,0.776978417266187,78,2,0.0921294648709486,0.1419538734413737,0.12949640287769784,12000000.0,8424356.979865871,1.4244410616359064,4951307.789740967,2.4236021086921347
Mario Götze,Frankfurt,GER,2025-2026,Centrocampista,33.0,886,21.0,2.001368925393566,1089.0,0.0,2.234762979683973,right,0.9142212189616252,1.2189616252821671,0.0,176.0,0.4063205417607223,0.0,0.38095238095238093,0.8126410835214446,44,8,0.2904450350796329,0.04414854054055419,0.10158013544018057,3000000.0,1132072.2754036426,2.650007482013765,1234266.0661773009,2.430594247228582
Lewis Hall,Newcastle,ENG,2025-2026,Defensa,20.0,2181,30.0,3.0006844626967832,400.0,0.04126547455295736,4.209078404401651,left,0.7015130674002751,1.6506189821182944,0.04126547455295736,179.0,1.1966987620357634,0.0,0.8,1.2792297111416782,49,12,0.10456297778494994,0.05315579908247909,0.16506189821182943,40000000.0,29056718.304377798,1.3766179504852565,16456586.557996763,2.430637718158069
Mikel Merino,Arsenal,ENG,2025-2026,Centrocampista,29.0,1036,22.0,2.001368925393566,841.0,0.2606177606177606,0.3474903474903475,left,1.9111969111969112,1.7374517374517373,0.3474903474903475,188.0,0.7818532818532818,0.0,0.45454545454545453,1.1293436293436292,85,1,0.19895038571079268,0.45328757527884833,0.08687258687258688,25000000.0,26966663.324126933,0.9270705722658921,10280777.602099353,2.431722673866124
Kevin,Fulham,ENG,2025-2026,Centrocampista,22.0,1041,26.0,4.0,484.0,0.08645533141210375,3.717579250720461,right,1.2103746397694524,1.4697406340057637,0.08645533141210375,176.0,0.7780979827089338,0.0,0.34615384615384615,0.8645533141210375,52,11,0.10723756755076842,0.11533210663291323,0.08645533141210375,25000000.0,24066164.728763886,1.038802828857894,10270668.99914701,2.4341160251660607
Quinten Timber,Marseille,FRA,2025-2026,Centrocampista,24.0,1105,15.0,4.999315537303217,576.0,0.0,0.5701357466063348,right,1.0588235294117647,1.6289592760180998,0.0,176.0,0.7330316742081449,0.0,0.9333333333333333,1.3846153846153846,59,5,0.03746719516780042,0.09243478710295387,0.3257918552036199,25000000.0,13662438.75316685,1.8298343693731245,10238911.222778806,2.441665862321549
Harrison Armstrong,Everton,ENG,2025-2026,Centrocampista,18.0,529,13.0,2.001368925393566,324.0,0.0,0.5103969754253308,right,1.0207939508506616,2.551984877126654,0.0,185.0,0.6805293005671078,0.0,0.46153846153846156,1.7013232514177694,49,13,0.020652143654390633,0.07470598321105221,0.0,12000000.0,10482332.04811559,1.1447834265236083,4905231.8199353125,2.4463675602916255
Strahinja Pavlović,Milan,ITA,2025-2026,Defensa,24.0,2869,34.0,2.001368925393566,576.0,0.03136981526664343,0.4705472289996514,left,0.9410944579993028,0.8469850121993726,0.15684907633321715,194.0,0.6273963053328686,0.0,0.9705882352941176,0.8156151969327292,70,5,0.022446116274784315,0.12268442568379273,0.12547926106657373,40000000.0,23559148.354088128,1.6978542432353654,16275178.847497849,2.457730288238867
Pape Matar Sarr,Tottenham,ENG,2025-2026,Centrocampista,22.0,1398,26.0,0.999315537303217,484.0,0.2575107296137339,0.5150214592274678,right,1.866952789699571,0.8369098712446352,0.12875536480686695,185.0,0.9012875536480687,0.0,0.5,1.351931330472103,41,17,,,0.19313304721030042,30000000.0,16399462.254568057,1.8293282751782622,12206178.597474862,2.4577716736183275
Thiago Pinar,Real Madrid,ESP,2025-2026,Centrocampista,17.0,592,10.0,0.999315537303217,289.0,0.30405405405405406,0.0,right,1.8243243243243243,1.0641891891891893,0.0,179.0,1.0641891891891893,0.0,0.8,0.6081081081081081,86,2,,,0.30405405405405406,20000000.0,23410855.92743457,0.8543045184675423,8124476.2980702,2.4616971317585827
Odilon Kossounou,Atalanta,ITA,2025-2026,Defensa,24.0,988,19.0,3.0006844626967832,576.0,0.0,0.18218623481781376,right,1.45748987854251,0.2732793522267207,0.09109311740890688,191.0,0.9109311740890689,0.0,0.5263157894736842,1.2753036437246963,59,7,0.023428102472593425,0.024067279090916337,0.09109311740890688,15000000.0,9541765.221782263,1.5720361643102991,6078206.438679566,2.467833258269295
Frenkie de Jong,Barcelona,ESP,2025-2026,Centrocampista,28.0,1636,25.0,3.0006844626967832,784.0,0.27506112469437655,0.27506112469437655,right,0.5501222493887531,1.430317848410758,0.0550122249388753,181.0,0.9352078239608801,0.0,0.64,1.0452322738386308,94,1,0.2803559214887745,0.05953752736317354,0.2200488997555012,35000000.0,33155462.338363305,1.05563299473289,14152198.105012557,2.473114051986269
Marten de Roon,Atalanta,ITA,2025-2026,Centrocampista,34.0,2691,34.0,2.001368925393566,1156.0,0.06688963210702341,0.43478260869565216,right,1.2374581939799332,0.3678929765886288,0.033444816053511704,186.0,0.8695652173913043,0.0,0.9411764705882353,1.4715719063545152,59,7,0.05306748754304388,0.027585073271423677,0.26755852842809363,3200000.0,2171376.871747871,1.473719298402644,1293837.9302335388,2.473261855464693
Raoul Bellanova,Atalanta,ITA,2025-2026,Centrocampista,25.0,1377,24.0,3.0006844626967832,625.0,0.06535947712418301,5.490196078431373,right,0.32679738562091504,0.7843137254901962,0.0,188.0,0.6535947712418301,0.0,0.625,0.5882352941176471,59,7,0.12696865726919734,0.032745450369867625,0.13071895424836602,15000000.0,10901604.980722103,1.3759441867986695,6034969.756434996,2.4855136985575994
Diogo Dalot,Manchester Utd,ENG,2025-2026,Defensa,26.0,2614,34.0,2.001368925393566,676.0,0.10328997704667177,1.9625095638867636,right,0.8607498087222647,0.4820198928844682,0.03442999234889059,184.0,0.8951798010711552,0.0,0.8529411764705882,1.0328997704667178,78,2,0.12070488549167518,0.07556218198588219,0.17214996174445296,30000000.0,46448372.988538004,0.6458783821642806,12037968.655686183,2.4921148125626145
Giorgio Scalvini,Atalanta,ITA,2025-2026,Defensa,21.0,1808,24.0,2.001368925393566,441.0,0.049778761061946904,0.2488938053097345,right,1.5431415929203538,0.497787610619469,0.14933628318584072,194.0,1.8915929203539825,0.0,0.9583333333333334,1.1449115044247788,59,7,0.07869491042503345,0.19217387451666645,0.09955752212389381,38000000.0,31619604.786489,1.2017860519318486,15247327.17214457,2.4922400871296593
Ben Chilwell,Strasbourg,FRA,2025-2026,Defensa,28.0,1598,20.0,,784.0,0.11264080100125157,1.6896120150187737,left,0.7884856070087609,1.2390488110137672,0.0,180.0,1.2390488110137672,0.0,0.95,0.9574468085106382,53,8,0.07992371310653615,0.01638228120340573,0.22528160200250313,10000000.0,6067398.87486803,1.6481527267675322,4011012.640382378,2.493135997458906
Alexander Sørloth,Atlético Madrid,ESP,2025-2026,Delantero,29.0,1980,35.0,2.001368925393566,841.0,0.0,0.4545454545454546,left,1.3636363636363638,0.7272727272727273,0.5909090909090909,196.0,0.0,0.0,0.5714285714285714,0.3181818181818182,86,2,0.05562436004931277,0.6330731196159666,0.18181818181818182,18000000.0,19108057.19222403,0.9420109966661105,7205167.420366797,2.4982070436169916
Will Hughes,Crystal Palace,ENG,2025-2026,Centrocampista,30.0,1571,31.0,0.999315537303217,900.0,0.0,2.577975811584978,left,1.3749204328453215,1.4322087842138764,0.0,185.0,0.8593252705283259,0.0,0.6129032258064516,0.9166136218968809,45,15,0.1103695499088869,0.07340078000844777,0.40101845957988547,5000000.0,5778246.13323037,0.8653144716777086,1999797.684397709,2.5002529200877035
Waldemar Anton,Dortmund,GER,2025-2026,Defensa,29.0,2880,32.0,2.001368925393566,841.0,0.0,0.375,right,0.8124999999999999,0.5,0.0625,189.0,1.03125,0.0,1.0,1.3125,73,2,0.013988076854730025,0.05771683435887098,0.09375,18000000.0,13968707.607472517,1.2885945146686981,7172745.390525783,2.5094993646052934
Florian Wirtz,Liverpool,ENG,2025-2026,Centrocampista,22.0,2378,33.0,4.0,484.0,0.1135407905803196,1.2111017661900756,right,0.8326324642556769,0.7190916736753574,0.18923465096719932,177.0,0.4541631623212784,0.0,0.8181818181818182,0.9840201850294364,60,5,0.20377789490094098,0.28675982510064757,0.03784693019343986,100000000.0,65155548.3818563,1.534788709227513,39485997.22201045,2.5325433580352272
Bukayo Saka,Arsenal,ENG,2025-2026,Delantero,23.0,2222,31.0,4.0,529.0,0.20252025202520252,4.941494149414941,left,1.3366336633663365,2.187218721872187,0.28352835283528355,178.0,0.648064806480648,1.0,0.8064516129032258,0.7695769576957696,85,1,0.3464229467796861,0.35243366767411743,0.081008100810081,110000000.0,176487276.81953883,0.623274391119292,43035486.679387376,2.556030115785503
Victor Lindelöf,Aston Villa,ENG,2025-2026,Defensa,31.0,948,17.0,0.999315537303217,961.0,0.09493670886075949,0.0,right,0.18987341772151897,0.0,0.0,187.0,0.7594936708860759,0.0,0.6470588235294118,0.2848101265822785,65,4,0.05678163416966608,0.014822239622096472,0.0,5000000.0,4580740.2324699,1.0915266411656002,1956041.8285838107,2.5561825554722613
Bafodé Diakité,Bournemouth,ENG,2025-2026,Defensa,24.0,1277,18.0,4.0,576.0,0.0,0.07047768206734534,right,0.5638214565387627,0.28191072826938135,0.0,184.0,0.7047768206734535,0.0,0.8333333333333334,1.0571652310101802,57,6,0.005960020709989962,0.0009773673231515832,0.07047768206734534,25000000.0,24209255.58189084,1.0326628968591938,9777354.090495583,2.556928977779594
Alessandro Buongiorno,Napoli,ITA,2025-2026,Defensa,26.0,2521,33.0,3.0006844626967832,676.0,0.03570011900039667,0.21420071400238,left,1.7850059500198334,0.9282030940103133,0.0,190.0,1.4280047600158665,0.0,0.8484848484848485,0.7854026180087268,76,2,0.012562570850357845,0.05871892740114347,0.10710035700119,30000000.0,21411818.227461807,1.4010953988729171,11683279.882668598,2.5677720897967267
Lucas Paquetá,West Ham,ENG,2025-2026,Centrocampista,27.0,1511,18.0,4.503764544832307,729.0,0.05956320317670417,2.14427531436135,left,1.6082064857710126,1.7868960953011253,0.23825281270681667,183.0,0.4169424222369292,2.0,1.0,1.3103904698874917,39,18,0.17940253959900887,0.14538397099687161,0.4169424222369292,32000000.0,20244777.774687774,1.5806545448974938,12456014.049938563,2.569040133682077
Rayan Cherki,Manchester City,ENG,2025-2026,Centrocampista,21.0,1786,33.0,4.0,441.0,0.604703247480403,4.031354983202688,both,0.9070548712206047,1.7133258678611423,0.20156774916013437,177.0,0.3527435610302352,0.0,0.5757575757575758,0.8062709966405375,78,2,,,0.05039193729003359,90000000.0,63925891.6733714,1.4078802445158523,35016587.246428885,2.5702104938618344
Luka Modrić,Milan,ITA,2025-2026,Centrocampista,39.0,2811,34.0,0.999315537303217,1521.0,0.096051227321238,3.553895410885806,right,0.736392742796158,1.056563500533618,0.064034151547492,172.0,1.1205976520811098,0.0,0.9411764705882353,0.8644610458911419,70,5,0.12889786026059882,0.039922590273071636,0.128068303094984,3500000.0,2381500.6014092662,1.4696616066058752,1360115.9481597492,2.573310021645975
Iñaki Williams,Athletic Club,ESP,2025-2026,Centrocampista,31.0,2157,30.0,2.001368925393566,961.0,0.25034770514603616,2.7955493741307373,right,1.1682892906815021,0.9596662030598053,0.12517385257301808,186.0,0.33379694019471484,1.0,0.8333333333333334,0.37552155771905427,45,12,0.17562838817877963,0.3613535826442885,0.08344923504867871,8000000.0,2771336.394061407,2.8866939492235226,3104653.896224092,2.57677675754121
Cristian Romero,Tottenham,ENG,2025-2026,Defensa,27.0,1868,23.0,4.999315537303217,729.0,0.048179871520342615,0.048179871520342615,right,1.5417558886509637,0.7708779443254818,0.19271948608137046,185.0,1.493576017130621,0.0,0.9565217391304348,1.4453961456102784,41,17,0.08754025489626337,0.08856244360314128,0.5299785867237687,50000000.0,27465417.882082324,1.8204711180680273,19398926.109897,2.5774622634647213
Niccolò Fortini,Fiorentina,ITA,2025-2026,Centrocampista,19.0,541,16.0,0.999315537303217,361.0,0.0,4.824399260628466,right,0.8317929759704252,2.99445471349353,0.0,185.0,0.6654343807763401,0.0,0.125,1.497227356746765,42,15,0.0770420993914115,0.03805039994515024,0.0,10000000.0,5721871.708913634,1.7476798692326188,3876452.840830593,2.5796779712293203
Daniel Muñoz,Crystal Palace,ENG,2025-2026,Centrocampista,29.0,2399,29.0,3.0006844626967832,841.0,0.11254689453939141,2.325969153814089,right,1.275531471446436,0.6752813672363485,0.15006252605252188,180.0,0.9003751563151313,0.0,1.0,1.8007503126302626,45,15,0.19005682518167663,0.11806184232620062,0.2626094205919133,22000000.0,18389737.629317194,1.1963194061522264,8526528.140518107,2.5801826531781304
Wout Faes,Monaco,FRA,2025-2026,Defensa,27.0,1141,14.0,0.999315537303217,729.0,0.0,0.07887817703768624,right,1.1042944785276074,0.23663453111305874,0.0,187.0,1.1042944785276074,0.0,0.9285714285714286,0.946538124452235,54,7,0.0032166735408705226,0.04411022192704688,0.23663453111305874,10000000.0,5581927.799948856,1.7914957624660828,3862421.9657120677,2.589049070446766
Nico Schlotterbeck,Dortmund,GER,2025-2026,Defensa,25.0,2520,28.0,4.999315537303217,625.0,0.03571428571428571,1.1071428571428572,left,1.0714285714285714,0.9642857142857143,0.17857142857142855,191.0,0.8571428571428572,0.0,1.0,1.3571428571428572,73,2,0.03786069247871637,0.13584510406612285,0.2857142857142857,55000000.0,35237078.4740656,1.5608558479239378,21186305.028144594,2.5960166214418305
Ezri Konsa,Aston Villa,ENG,2025-2026,Defensa,27.0,3035,34.0,,729.0,0.0,0.14827018121911037,right,0.32619439868204286,1.2454695222405272,0.0,180.0,0.6523887973640857,0.0,1.0,0.2372322899505766,65,4,,,0.0,45000000.0,29853840.59325896,1.5073437489366466,17284704.530572437,2.603457867642802
Wesley,Roma,ITA,2025-2026,Centrocampista,21.0,2448,30.0,4.0,441.0,0.0,3.4926470588235294,right,1.3235294117647058,2.0955882352941178,0.18382352941176472,178.0,0.8455882352941176,0.0,0.9333333333333333,1.4705882352941178,73,3,0.0,0.0003719725303680581,0.25735294117647056,40000000.0,33434594.44333328,1.1963656406179568,15314344.74722624,2.6119302301356946
Jules Koundé,Barcelona,ESP,2025-2026,Defensa,26.0,2261,30.0,4.0,676.0,0.11941618752764264,1.592215833701902,,0.9553295002211412,0.9553295002211412,0.039805395842547546,,1.233967271118974,0.0,0.8,0.9553295002211412,94,1,0.184880721043797,0.08757618878305301,0.2388323750552853,60000000.0,36856337.71548525,1.6279425390328703,22967453.645586103,2.612392341174087
Nick Woltemade,Newcastle,ENG,2025-2026,Delantero,23.0,1902,33.0,0.999315537303217,529.0,0.14195583596214512,0.14195583596214512,right,0.9463722397476341,0.9463722397476341,0.3785488958990536,198.0,0.23659305993690852,1.0,0.7272727272727273,0.6151419558359621,49,12,0.13728480042789823,0.3909481223966421,0.0,55000000.0,34531703.790770456,1.5927392500887911,21006577.733494572,2.618227523672435
Jonathan David,Juventus,ITA,2025-2026,Delantero,25.0,1781,35.0,0.999315537303217,625.0,0.20213363279056712,0.40426726558113424,both,1.516002245929253,1.313868613138686,0.30320044918585065,178.0,0.30320044918585065,0.0,0.5714285714285714,0.5053340819764177,69,6,,,0.0,30000000.0,18924296.269440725,1.5852637040165403,11447112.200219821,2.620748314096537
Jacob Murphy,Newcastle,ENG,2025-2026,Delantero,30.0,1617,33.0,0.999315537303217,900.0,0.11131725417439704,6.957328385899815,right,0.5009276437847866,0.7235621521335807,0.16697588126159554,179.0,0.3339517625231911,0.0,0.5757575757575758,0.6679035250463822,49,12,0.26635726571691276,0.17365189037650325,0.11131725417439704,12000000.0,5544555.2645569695,2.1642853984536568,4576325.695034592,2.622190988945618
Isak Hien,Atalanta,ITA,2025-2026,Defensa,26.0,1970,28.0,2.001368925393566,676.0,0.0,0.0,right,1.6446700507614214,0.9593908629441624,0.045685279187817264,191.0,1.3248730964467006,0.0,0.7142857142857143,1.5532994923857868,59,7,0.004899788118407206,0.04949288770821191,0.22842639593908629,22000000.0,10609149.925541606,2.073681694989986,8369498.102846961,2.628592506940948
Lautaro Martínez,Inter,ITA,2025-2026,Delantero,27.0,2159,30.0,3.0006844626967832,729.0,0.25011579434923575,0.7086614173228346,right,1.9592403890690133,1.9592403890690133,0.7086614173228346,174.0,0.25011579434923575,0.0,0.9,0.5419175544233441,87,1,0.2622662258781786,0.7144486803549371,0.1667438628994905,85000000.0,82395812.65559138,1.0316058214668498,32330445.04464215,2.629100833057859
Cole Palmer,Chelsea,ENG,2025-2026,Centrocampista,23.0,1955,26.0,7.000684462696783,529.0,0.04603580562659846,1.6112531969309463,left,0.59846547314578,1.7033248081841432,0.4603580562659847,185.0,0.59846547314578,5.0,0.9230769230769231,0.5524296675191817,52,10,0.09774021313661505,0.4722131390286528,0.23017902813299235,100000000.0,87916946.1985582,1.1374371418014513,37841627.07305719,2.6425925028788964
Moisés Caicedo,Chelsea,ENG,2025-2026,Centrocampista,23.0,2795,33.0,7.000684462696783,529.0,0.032200357781753126,0.257602862254025,right,1.7388193202146691,1.7710196779964222,0.09660107334525939,178.0,1.899821109123435,0.0,0.9696969696969697,1.513416815742397,52,10,0.08458464740640576,0.049297946023759774,0.3542039355992845,100000000.0,75345869.08462527,1.327212775098317,37817178.803696,2.644300901425959
Mattéo Guendouzi,Lazio,ITA,2025-2026,Centrocampista,26.0,1428,16.0,4.0,676.0,0.06302521008403361,1.2605042016806722,right,1.0714285714285714,1.3235294117647058,0.12605042016806722,185.0,0.6932773109243697,0.0,1.0,0.5042016806722689,54,9,0.06439445912055358,0.0770829722261792,0.31512605042016806,27000000.0,10913634.793045973,2.47396953553953,10205880.363480145,2.645533656911608
Timothy Castagne,Fulham,ENG,2025-2026,Defensa,29.0,1845,30.0,0.999315537303217,841.0,0.0,2.341463414634146,right,0.8780487804878049,0.5365853658536586,0.0,185.0,1.3658536585365855,0.0,0.6666666666666666,1.170731707317073,52,11,0.08517131359293693,0.07171581753688615,0.1951219512195122,8000000.0,6985345.591913044,1.1452547185727824,3020510.0629546465,2.648559294046663
Ezechiel Banzuzi,RB Leipzig,GER,2025-2026,Centrocampista,20.0,597,24.0,4.0,400.0,0.15075376884422112,0.7537688442211055,right,2.1105527638190953,1.0552763819095476,0.0,191.0,0.9045226130653267,0.0,0.08333333333333333,1.507537688442211,65,3,0.053336313696362866,0.18818551028643424,0.45226130653266333,16000000.0,10108696.391854933,1.582795583107232,5969757.17872157,2.6801760140311797
Aymeric Laporte,Athletic Club,ESP,2025-2026,Defensa,31.0,2058,25.0,2.001368925393566,961.0,0.043731778425655975,0.08746355685131195,left,0.3935860058309038,0.5685131195335277,0.0,191.0,1.1807580174927115,0.0,0.96,0.7434402332361516,45,12,0.019303739434732643,0.0796131931690624,0.1749271137026239,8000000.0,2049174.9917579184,3.904010166128891,2979422.9277742202,2.6850837205500078
Ronald Araújo,Barcelona,ESP,2025-2026,Defensa,26.0,1071,24.0,0.999315537303217,676.0,0.0,0.5042016806722689,right,1.4285714285714284,0.25210084033613445,0.25210084033613445,192.0,0.8403361344537815,0.0,0.4583333333333333,1.2605042016806722,94,1,0.05039392352229407,0.19351123863471154,0.16806722689075632,20000000.0,17095880.87124765,1.169872447674608,7425340.719054084,2.693479094996708
Niccolò Pisilli,Roma,ITA,2025-2026,Centrocampista,20.0,1295,25.0,3.0006844626967832,400.0,0.277992277992278,1.0424710424710424,right,1.38996138996139,0.277992277992278,0.138996138996139,180.0,1.667953667953668,0.0,0.52,0.9034749034749034,73,3,0.15415871963192596,0.15796242237206132,0.2084942084942085,30000000.0,29017476.18312335,1.0338597268306913,11026707.044762371,2.7206671836130667
Jonathan Gradit,Lens,FRA,2025-2026,Defensa,32.0,807,10.0,2.001368925393566,1024.0,0.0,0.33457249070631967,right,1.6728624535315986,1.003717472118959,0.0,180.0,1.7843866171003717,0.0,1.0,1.3382899628252787,70,2,0.009874189376387897,0.011815029338389968,0.22304832713754646,2500000.0,1660261.2241135961,1.5057871398127336,918171.8873861005,2.7228017262836595
Ian Maatsen,Aston Villa,ENG,2025-2026,Defensa,23.0,1605,30.0,4.0,529.0,0.056074766355140186,3.02803738317757,left,0.9532710280373832,1.0654205607476637,0.0,178.0,1.0093457943925233,0.0,0.5666666666666667,1.738317757009346,65,4,0.16635634969467314,0.07287014119118174,0.11214953271028037,30000000.0,26568497.823597763,1.1291568006285408,10980972.919515947,2.731998359333212
Frank Anguissa,Napoli,ITA,2025-2026,Centrocampista,29.0,1258,18.0,0.999315537303217,841.0,0.07154213036565978,1.0731319554848968,right,1.287758346581876,1.287758346581876,0.2861685214626391,184.0,0.9300476947535771,0.0,0.7777777777777778,1.0015898251192368,76,2,,,0.07154213036565978,15000000.0,9705302.555155056,1.545546871388633,5483804.431451332,2.7353273056147502
Scott McTominay,Napoli,ITA,2025-2026,Centrocampista,28.0,2791,33.0,2.001368925393566,784.0,0.09673951988534575,0.32246506628448585,right,0.773916159082766,2.353994983876747,0.32246506628448585,193.0,0.7416696524543174,0.0,0.9393939393939394,0.4192045861698316,76,2,0.06466616601798322,0.40081611424364183,0.03224650662844858,40000000.0,32385928.46290305,1.235104315314554,14589342.592561252,2.7417273771057387
William Osula,Newcastle,ENG,2025-2026,Delantero,21.0,819,24.0,3.0006844626967832,441.0,0.0,0.32967032967032966,right,2.6373626373626373,1.7582417582417582,0.7692307692307693,191.0,0.10989010989010989,0.0,0.3333333333333333,0.5494505494505495,49,12,0.04908292830645383,0.5401533870742871,0.0,28000000.0,10535916.722686933,2.6575760550297205,10179960.964814007,2.750501705927865
Jeremie Frimpong,Liverpool,ENG,2025-2026,Defensa,24.0,1040,21.0,4.0,576.0,0.08653846153846154,4.413461538461538,right,0.6923076923076923,1.8173076923076925,0.0,172.0,0.5192307692307693,0.0,0.5714285714285714,0.7788461538461539,60,5,0.23290447460917327,0.04448708196958671,0.08653846153846154,35000000.0,28340930.477291185,1.2349629814746041,12701138.532407759,2.7556584719311017
Lutsharel Geertruida,Sunderland,ENG,2025-2026,Defensa,25.0,1693,28.0,0.999315537303217,625.0,0.0,0.47844063792085056,right,0.7974010632014177,0.37212049616066156,0.0,184.0,1.06320141760189,0.0,0.6071428571428571,1.1695215593620791,54,7,0.04113180708630826,0.04450710428734538,0.10632014176018902,20000000.0,16563599.721472675,1.2074669960825275,7222691.09610966,2.769050999671376
Jérémy Jacquet,Rennes,FRA,2025-2026,Defensa,20.0,1671,19.0,4.999315537303217,400.0,0.0,0.0,right,1.0771992818671454,0.9156193895870736,0.0,190.0,1.18491921005386,0.0,1.0,0.9156193895870736,59,6,0.030747296178255303,0.042459835804985496,0.32315978456014366,55000000.0,24351502.358510345,2.2585875479168798,19792964.809906155,2.778765108119281
David Neres,Napoli,ITA,2025-2026,Delantero,28.0,922,16.0,2.001368925393566,784.0,0.2928416485900217,5.1735357917570495,left,1.8546637744034709,0.6832971800433839,0.2928416485900217,176.0,0.09761388286334056,0.0,0.625,0.4880694143167028,76,2,0.3695763662909996,0.14491328973638262,0.2928416485900217,23000000.0,9454943.63810261,2.4325898577874097,8273071.834774322,2.780103987895254
Aaron Hickey,Brentford,ENG,2025-2026,Defensa,23.0,691,21.0,2.001368925393566,529.0,0.0,0.5209840810419681,both,0.9117221418234442,1.1722141823444283,0.0,185.0,1.0419681620839363,0.0,0.38095238095238093,0.9117221418234442,53,9,0.0786480743184621,0.07161669492419653,0.13024602026049203,16000000.0,12803292.14033129,1.2496785845883225,5754575.953702978,2.7803960063650313
Conor Gallagher,Tottenham,ENG,2025-2026,Centrocampista,25.0,1184,16.0,4.999315537303217,625.0,0.07601351351351351,1.7483108108108107,right,1.9003378378378377,1.7483108108108107,0.07601351351351351,182.0,1.3682432432432434,0.0,0.875,1.0641891891891893,41,17,0.03800271192213168,0.09631478407804073,0.15202702702702703,32000000.0,22058979.432128012,1.450656414022187,11508042.180914946,2.780664121397567
Kaishū Sano,Mainz 05,GER,2025-2026,Centrocampista,24.0,3059,34.0,2.001368925393566,576.0,0.058842759071592025,0.5295848316443282,both,0.41189931350114417,0.8532200065380844,0.029421379535796013,176.0,1.971232428898333,0.0,1.0,0.9120627656096764,40,10,0.10647769125337382,0.04711494072005226,0.029421379535796013,50000000.0,12100552.426525626,4.132042756196401,17894038.20785073,2.7942267373757637
Ruben Loftus-Cheek,Milan,ITA,2025-2026,Centrocampista,29.0,1133,28.0,0.999315537303217,841.0,0.0794351279788173,0.7943512797881729,right,1.827007943512798,1.5092674315975285,0.23830538393645193,191.0,0.39717563989408644,0.0,0.42857142857142855,0.6354810238305384,70,5,0.0827088815613016,0.32881016792057105,0.1588702559576346,8500000.0,6909686.302176214,1.2301571487149734,3021634.3457851834,2.8130471881405765
Rudy Matondo,Auxerre,FRA,2025-2026,Centrocampista,17.0,614,16.0,2.001368925393566,289.0,0.0,0.7328990228013029,right,1.758957654723127,1.3192182410423452,0.0,180.0,1.0260586319218241,0.0,0.375,1.0260586319218241,34,15,0.03546111980386394,0.26664288917780893,0.43973941368078173,20000000.0,4297485.19805971,4.653884557654762,7098865.634647231,2.8173515360519814
Stefan de Vrij,Inter,ITA,2025-2026,Defensa,33.0,670,11.0,0.999315537303217,1089.0,0.0,0.0,right,0.6716417910447761,0.6716417910447761,0.0,189.0,0.9402985074626866,0.0,0.7272727272727273,1.6119402985074627,87,1,0.013844918904464636,0.047951427482958164,0.13432835820895522,3000000.0,2940899.2534640427,1.020096147960983,1059111.3609088485,2.832563326887202
Anthony Caci,Mainz 05,GER,2025-2026,Centrocampista,28.0,519,10.0,2.001368925393566,784.0,0.0,7.283236994219653,both,1.5606936416184969,0.5202312138728323,0.0,184.0,0.5202312138728323,0.0,0.6,1.7341040462427744,40,10,0.2988373651842161,0.04528632979689306,0.5202312138728323,7000000.0,2197311.554787394,3.18571118635805,2466517.668647334,2.8380092666592893
Rudy Matondo,Paris FC,FRA,2025-2026,Centrocampista,17.0,743,11.0,2.001368925393566,289.0,0.0,0.9690444145356663,right,1.816958277254374,1.695827725437416,0.24226110363391656,180.0,0.6056527590847914,0.0,0.7272727272727273,1.695827725437416,76,1,0.029304343956355932,0.22034822874182325,0.12113055181695828,20000000.0,21948139.276951853,0.9112389778299963,7041865.693731057,2.8401564116459617
Rodrigo Gomes,Wolves,ENG,2025-2026,Centrocampista,22.0,960,22.0,3.0006844626967832,484.0,0.0,2.25,right,0.5625,0.75,0.28125,175.0,1.03125,0.0,0.4090909090909091,1.6875,20,20,0.014185641543008387,0.2141659272601828,0.0,15000000.0,7187291.960334358,2.0870169297118952,5256404.8688874515,2.8536614614267406
Piero Hincapié,Arsenal,ENG,2025-2026,Defensa,23.0,1792,25.0,4.999315537303217,529.0,0.10044642857142856,1.6573660714285714,left,0.9040178571428572,0.703125,0.05022321428571428,183.0,1.3058035714285714,0.0,0.8,1.3058035714285714,85,1,0.10684523070397388,0.02072384748836547,0.10044642857142856,50000000.0,62321725.87326667,0.8022884363259882,17494853.46945931,2.8579833542066977
Jaydee Canvot,Crystal Palace,ENG,2025-2026,Defensa,19.0,1336,20.0,3.0006844626967832,361.0,0.0,0.33682634730538924,right,0.8083832335329341,0.4715568862275449,0.0,188.0,0.8083832335329341,0.0,0.7,1.4820359281437128,45,15,0.0055483159188091935,0.10548245835168185,0.20209580838323352,28000000.0,25875873.645335287,1.0820890681326865,9789389.570632396,2.860239629649471
Fikayo Tomori,Milan,ITA,2025-2026,Defensa,27.0,2554,33.0,0.999315537303217,729.0,0.07047768206734534,0.5990602975724354,right,1.2685982772122162,0.24667188723570868,0.0,185.0,0.9866875489428347,0.0,0.9393939393939394,1.409553641346907,70,5,0.03529628348947388,0.020946350427068765,0.28191072826938135,17000000.0,10648768.716110373,1.59642870018211,5941568.406869151,2.8611973869300242
Lucas Digne,Aston Villa,ENG,2025-2026,Defensa,32.0,1852,31.0,3.0006844626967832,1024.0,0.2915766738660907,5.248380129589633,left,0.6803455723542117,0.5831533477321814,0.0,178.0,0.6317494600431965,0.0,0.6774193548387096,1.263498920086393,65,4,0.14834003102589502,0.03418001929623905,0.14578833693304535,6000000.0,5882168.683892468,1.0200319512138776,2095781.022647742,2.8628945176819065
Luke Shaw,Manchester Utd,ENG,2025-2026,Defensa,30.0,3219,38.0,0.999315537303217,900.0,0.027958993476234855,1.509785647716682,left,1.342031686859273,0.5591798695246971,0.027958993476234855,178.0,1.2022367194780987,0.0,1.0,1.2581547064305685,78,2,0.04176126175906374,0.016743490526249558,0.2516309412861137,8000000.0,14546027.168729018,0.5499783485348056,2779646.747350345,2.878063555243441
Donyell Malen,Roma,ITA,2025-2026,Delantero,26.0,1467,18.0,4.0,676.0,0.12269938650306748,0.3680981595092025,right,0.736196319018405,1.0429447852760736,0.8588957055214724,178.0,0.18404907975460125,3.0,1.0,0.18404907975460125,73,3,0.02266146859691187,0.2907323028229497,0.06134969325153374,45000000.0,54768023.89264854,0.821647319030627,15595007.524217,2.8855388450515913
Ismaila Sarr,Crystal Palace,ENG,2025-2026,Centrocampista,27.0,2174,28.0,3.0006844626967832,729.0,0.04139834406623735,0.9935602575896965,right,0.49678012879484823,1.7387304507819688,0.37258509659613614,185.0,0.28978840846366144,3.0,0.8571428571428571,0.37258509659613614,45,15,0.0910955355112829,0.47787380467315493,0.0827966881324747,45000000.0,41420624.88731316,1.086415285197283,15566208.110995935,2.8908774493521063
Hans Hateboer,Lyon,FRA,2025-2026,Defensa,31.0,740,15.0,,961.0,0.0,2.675675675675676,right,0.972972972972973,0.3648648648648649,0.0,187.0,1.2162162162162162,0.0,0.5333333333333333,1.2162162162162162,60,4,0.004142922374445039,0.039970253594219685,0.0,1800000.0,1208805.8137308299,1.4890729177125004,621049.970385256,2.8983175039577023
Alphonso Davies,Bayern Munich,GER,2025-2026,Defensa,24.0,525,13.0,4.0,576.0,0.5142857142857142,1.0285714285714285,left,0.34285714285714286,0.8571428571428572,0.17142857142857143,183.0,0.5142857142857142,0.0,0.46153846153846156,1.0285714285714285,89,1,0.2231998952903918,0.07565188663346427,0.17142857142857143,40000000.0,22684488.819380753,1.7633194346361265,13795447.435856646,2.8995072603468732
Sead Kolašinac,Atalanta,ITA,2025-2026,Defensa,32.0,1212,19.0,0.999315537303217,1024.0,0.0,0.22277227722772278,left,1.6336633663366338,0.7425742574257425,0.0,183.0,0.8168316831683169,0.0,0.7894736842105263,1.3366336633663365,59,7,0.0,0.009118203018413913,0.22277227722772278,4000000.0,2007550.7156211247,1.9924776838140414,1376891.9686856463,2.9050935665042195
Jarrad Branthwaite,Everton,ENG,2025-2026,Defensa,23.0,680,10.0,4.0,529.0,0.0,0.39705882352941174,left,0.39705882352941174,0.1323529411764706,0.1323529411764706,195.0,1.4558823529411766,0.0,0.7,0.7941176470588235,49,13,0.0493975455105743,0.04102438392446322,0.1323529411764706,40000000.0,19281755.789373275,2.0744998763051,13722354.986729218,2.914951554502393
Johan Bakayoko,RB Leipzig,GER,2025-2026,Delantero,22.0,777,20.0,4.0,484.0,0.0,1.7374517374517373,left,1.38996138996139,1.2741312741312742,0.23166023166023164,179.0,0.23166023166023164,0.0,0.4,0.3474903474903475,65,3,0.1512578671301884,0.2752483093888143,0.11583011583011582,20000000.0,13309309.164386071,1.502707597590213,6839833.051820014,2.924047977264327
Abdoulaye Touré,Le Havre,FRA,2025-2026,Centrocampista,31.0,740,11.0,,961.0,0.0,1.5810810810810811,right,1.5810810810810811,2.0675675675675675,0.24324324324324326,188.0,1.2162162162162162,0.0,0.7272727272727273,0.7297297297297298,35,14,0.02254638325020268,0.18603777623659856,0.24324324324324326,2500000.0,1205626.6146849303,2.0736104939532476,854280.1069091033,2.9264406133081167
Calvin Bassey,Fulham,ENG,2025-2026,Defensa,25.0,2534,30.0,0.999315537303217,625.0,0.0,0.49723756906077343,left,0.9944751381215469,1.4206787687450673,0.035516969218626675,185.0,0.781373322809787,0.0,0.9333333333333333,1.1365430149960536,52,11,0.015305949995425054,0.042298427101551024,0.1775848460931334,28000000.0,28796857.94492531,0.9723283023985007,9566455.968365677,2.9268937308226057
Marc Guéhi,Manchester City,ENG,2025-2026,Defensa,25.0,1350,15.0,4.999315537303217,625.0,0.06666666666666667,0.4666666666666667,right,0.7333333333333333,1.3333333333333335,0.06666666666666667,182.0,1.6666666666666665,0.0,1.0,0.8,78,2,0.18177281857157745,0.31315576657652855,0.13333333333333333,70000000.0,65893307.64212923,1.0623233603657367,23871974.195971873,2.932308799655611
Chris Wood,Nottingham,ENG,2025-2026,Delantero,33.0,901,15.0,0.999315537303217,1089.0,0.0,0.09988901220865705,right,0.5993340732519422,0.5993340732519422,0.2996670366259711,191.0,0.09988901220865705,0.0,0.7333333333333333,0.09988901220865705,44,16,0.0321337224690287,0.33614170637300095,0.0,5000000.0,3746857.188652557,1.33445171466439,1697881.1102369104,2.9448469447323875
Vakoun Bayo,Udinese,ITA,2025-2026,Delantero,28.0,453,15.0,2.001368925393566,784.0,0.3973509933774834,0.1986754966887417,right,2.980132450331126,1.1920529801324504,0.0,184.0,0.0,0.0,0.26666666666666666,0.1986754966887417,50,10,0.1452264870634142,0.26335673005819715,0.0,2500000.0,1633839.0741636972,1.5301384570445893,846950.3160862944,2.9517670074820295
Martín Zubimendi,Arsenal,ENG,2025-2026,Centrocampista,26.0,2992,38.0,4.0,676.0,0.030080213903743314,0.3910427807486631,right,0.9926470588235294,0.45120320855614976,0.15040106951871657,181.0,1.1731283422459893,0.0,0.8947368421052632,1.1731283422459893,85,1,0.03272196690098726,0.08856507332592127,0.12032085561497326,75000000.0,84437087.80049928,0.888235276152626,25282478.566674784,2.9664813045212517
Pablo Barrios,Atlético Madrid,ESP,2025-2026,Centrocampista,22.0,1661,23.0,4.0,484.0,0.054184226369656835,1.625526791089705,right,0.650210716435882,1.2462372065021072,0.054184226369656835,181.0,1.4087898856110779,0.0,0.8695652173913043,0.8669476219145094,86,2,,,0.0,55000000.0,31766577.625930976,1.7313794594953043,18487867.420189865,2.9749239731098833
Pedri,Barcelona,ESP,2025-2026,Centrocampista,22.0,2104,29.0,4.0,484.0,0.3849809885931559,0.5133079847908746,right,0.3849809885931559,1.8393536121673004,0.08555133079847908,174.0,1.0266159695817492,0.0,0.7931034482758621,1.4115969581749048,94,1,0.2544115930742552,0.10206729390555745,0.08555133079847908,150000000.0,65109905.862325594,2.303796910982699,50405095.19163354,2.975889628413948
Assane Diao,Como,ITA,2025-2026,Centrocampista,19.0,1075,17.0,3.0006844626967832,361.0,0.08372093023255814,2.26046511627907,right,1.255813953488372,3.265116279069767,0.16744186046511628,185.0,0.33488372093023255,0.0,0.7647058823529411,0.41860465116279066,71,4,0.14085122819036938,0.26586225389741186,0.16744186046511628,30000000.0,22594187.281636376,1.327775131986392,10054853.704753395,2.9836336639903185
Nicolás Domínguez,Nottingham,ENG,2025-2026,Centrocampista,27.0,1175,27.0,2.001368925393566,729.0,0.07659574468085106,1.0723404255319149,right,1.225531914893617,0.8425531914893618,0.07659574468085106,179.0,0.4595744680851064,0.0,0.6296296296296297,2.2978723404255317,44,16,0.09803264608725588,0.07754514687397379,0.2297872340425532,15000000.0,10608205.000605755,1.4139998236406124,5000504.9659082685,2.999697051050817
Donyell Malen,Aston Villa,ENG,2025-2026,Delantero,26.0,656,21.0,4.0,676.0,0.13719512195121952,0.9603658536585367,right,0.27439024390243905,0.823170731707317,0.5487804878048781,178.0,0.0,0.0,0.23809523809523808,0.27439024390243905,65,4,0.050677400048277005,0.6501589759775415,0.0,45000000.0,23520284.661327284,1.9132421502529802,14947389.428623302,3.0105591491332833
Ryan Yates,Nottingham,ENG,2025-2026,Centrocampista,27.0,617,22.0,2.001368925393566,729.0,0.2917341977309562,0.7293354943273905,right,1.8962722852512155,1.8962722852512155,0.0,190.0,1.312803889789303,0.0,0.09090909090909091,1.458670988654781,44,16,0.033183531621335194,0.09843132496363147,0.4376012965964344,7000000.0,8971614.675712315,0.7802385917164041,2325049.96446976,3.010687988202605
Joachim Andersen,Fulham,ENG,2025-2026,Defensa,29.0,2875,33.0,3.0006844626967832,841.0,0.03130434782608696,0.4695652173913044,right,0.9391304347826088,0.4069565217391304,0.0,192.0,1.0643478260869565,0.0,1.0,0.8139130434782608,52,11,0.018185195255538692,0.05194356191093507,0.21913043478260869,20000000.0,15816697.247880079,1.2644864908620927,6636938.617983969,3.013437542695729
Kostas Tsimikas,Roma,ITA,2025-2026,Centrocampista,29.0,644,18.0,0.999315537303217,841.0,0.0,6.009316770186335,left,1.2577639751552796,1.1180124223602483,0.0,179.0,1.1180124223602483,0.0,0.3333333333333333,0.6987577639751553,73,3,,,0.13975155279503104,4500000.0,5074164.186520104,0.886845564034878,1493071.687250215,3.0139209245120937
Robin Le Normand,Atlético Madrid,ESP,2025-2026,Defensa,28.0,1789,28.0,3.0006844626967832,784.0,0.05030743432084964,0.1509223029625489,right,1.106763555058692,0.7043040804918949,0.05030743432084964,187.0,1.0061486864169926,0.0,0.6071428571428571,1.0061486864169926,86,2,0.017195353945618306,0.06428933825787383,0.25153717160424816,20000000.0,23160005.612662066,0.8635576490994276,6632074.806274487,3.0156475287459603
David Møller Wolfe,Wolves,ENG,2025-2026,Centrocampista,23.0,1049,22.0,0.999315537303217,529.0,0.17159199237368922,2.7454718779790275,left,0.8579599618684461,0.34318398474737843,0.0,185.0,0.6005719733079123,0.0,0.5,0.42897998093422307,20,20,0.11193539830079184,0.007083161394009713,0.08579599618684461,12000000.0,5484783.293716625,2.187871308196846,3971625.5181340105,3.0214328982451404
Elye Wahi,Nice,FRA,2025-2026,Delantero,22.0,922,14.0,0.999315537303217,484.0,0.09761388286334056,0.8785249457700651,right,2.049891540130152,0.4880694143167028,0.4880694143167028,181.0,0.19522776572668113,1.0,0.7857142857142857,0.39045553145336226,32,16,,,0.4880694143167028,18000000.0,4791668.363200987,3.756520409099312,5896175.0314844195,3.052826604346636
Serhou Guirassy,Dortmund,GER,2025-2026,Delantero,29.0,2337,33.0,2.001368925393566,841.0,0.038510911424903725,0.1540436456996149,right,1.4249037227214378,1.386392811296534,0.6546854942233633,187.0,0.0,1.0,0.8181818181818182,0.038510911424903725,73,2,0.07431046267318633,0.7667977570894441,0.11553273427471115,32000000.0,15731251.060973233,2.0341675227208715,10475850.15123988,3.0546446863992807
Youri Tielemans,Aston Villa,ENG,2025-2026,Centrocampista,28.0,1862,25.0,4.999315537303217,784.0,0.19334049409237378,2.1750805585392055,right,1.2083780880773363,1.933404940923738,0.0,176.0,0.7733619763694951,0.0,0.84,1.8850698174006444,65,4,0.14414827176794873,0.08893489998202095,0.0,40000000.0,32293780.653845377,1.2386285900916034,13078841.652796177,3.058374821094974
Johnny Cardoso,Atlético Madrid,ESP,2025-2026,Centrocampista,23.0,887,15.0,4.0,529.0,0.0,0.30439684329199546,right,2.3337091319052985,1.4205186020293121,0.0,186.0,1.6234498308906424,0.0,0.8,2.130777903043968,86,2,0.034042977073818884,0.004487011272968407,0.5073280721533258,20000000.0,18549124.513441917,1.0782180035239228,6532393.51477861,3.0616649096158777
Richarlison,Tottenham,ENG,2025-2026,Delantero,28.0,1964,32.0,0.999315537303217,784.0,0.18329938900203666,0.824847250509165,right,1.053971486761711,1.5122199592668024,0.5040733197556008,184.0,0.3207739307535642,0.0,0.625,0.7331975560081466,41,17,0.1561797029232557,0.4521206200223363,0.22912423625254583,25000000.0,12705939.949863117,1.9675836733565963,8162995.205057981,3.062601333455325
Bilal Nadir,Marseille,FRA,2025-2026,Centrocampista,21.0,598,20.0,3.0006844626967832,441.0,0.6020066889632107,1.5050167224080266,left,3.6120401337792645,0.6020066889632107,0.0,186.0,0.9030100334448161,0.0,0.25,1.354515050167224,59,5,0.2930673798639639,0.05596228897023361,0.9030100334448161,8000000.0,3475813.864103436,2.3016192215067157,2610660.5763186933,3.064358527710578
Alexander Isak,Liverpool,ENG,2025-2026,Delantero,25.0,699,14.0,4.999315537303217,625.0,0.12875536480686695,0.2575107296137339,right,0.6437768240343348,0.12875536480686695,0.38626609442060084,190.0,0.0,0.0,0.5714285714285714,0.7725321888412017,60,5,0.10894124408136621,0.41785086181350534,0.0,85000000.0,37053003.64722165,2.2940110553324486,27709701.81274518,3.067517672128248
Carlos Alcaraz,Everton,ENG,2025-2026,Centrocampista,22.0,689,20.0,0.999315537303217,484.0,0.13062409288824384,0.7837445573294629,right,1.3062409288824384,1.5674891146589258,0.0,176.0,0.2612481857764877,0.0,0.3,1.1756168359941945,49,13,0.15855797692181756,0.13177222274892647,0.5224963715529753,15000000.0,12310641.247766942,1.2184580557670697,4887279.249017529,3.069192332935629
Jonathan Rowe,Bologna,ITA,2025-2026,Centrocampista,22.0,1605,28.0,0.999315537303217,484.0,0.11214953271028037,2.9719626168224296,right,1.2897196261682242,2.803738317757009,0.16822429906542058,173.0,0.5046728971962616,0.0,0.6071428571428571,0.7850467289719626,56,8,0.15138240743463285,0.2790888772459231,0.11214953271028037,28000000.0,13740633.542189967,2.0377517466008626,9085550.33295147,3.0818166180258353
Lamare Bogarde,Aston Villa,ENG,2025-2026,Centrocampista,21.0,1053,28.0,2.001368925393566,441.0,0.0,0.17094017094017094,right,1.4529914529914532,1.7094017094017093,0.0,185.0,0.3418803418803419,0.0,0.39285714285714285,1.6239316239316237,65,4,0.0035173012914820616,0.0,0.42735042735042733,18000000.0,12609229.3438803,1.4275257836226154,5824240.5675436305,3.0905316824149467
Bruno Guimarães,Newcastle,ENG,2025-2026,Centrocampista,27.0,2453,29.0,4.0,729.0,0.18344883815735835,3.0085609457806766,right,1.6510395434162248,2.751732572360375,0.330207908683245,182.0,0.5870362821035466,2.0,0.9310344827586207,1.5042804728903383,49,12,0.14196410150253136,0.24205369941276697,0.22013860578883,70000000.0,52754885.42365667,1.3268913284116464,22648057.410502635,3.0907728080704504
Moussa Niakhaté,Lyon,FRA,2025-2026,Defensa,29.0,2759,32.0,2.001368925393566,841.0,0.06524102935846321,0.19572308807538963,left,1.239579557810801,1.0438564697354114,0.0,190.0,1.0438564697354114,0.0,0.9375,0.7176513229430953,60,4,0.026669508037294065,0.005577317793118043,0.09786154403769481,15000000.0,7827291.187022131,1.9163717870711674,4844886.015372377,3.096048070564794
Éder Militão,Real Madrid,ESP,2025-2026,Defensa,27.0,1139,16.0,2.001368925393566,729.0,0.07901668129938542,0.07901668129938542,right,1.1852502194907815,1.0272168568920104,0.15803336259877085,186.0,0.7901668129938543,0.0,0.875,1.2642669007901668,86,2,0.08817227902356943,0.14953385632161356,0.15803336259877085,20000000.0,22733515.447106265,0.879758348264865,6456173.0425644005,3.097810400703878
Dan Burn,Newcastle,ENG,2025-2026,Defensa,33.0,2199,29.0,0.999315537303217,1089.0,0.08185538881309685,0.572987721691678,left,1.4733969986357434,0.5320600272851297,0.04092769440654843,201.0,0.8185538881309686,0.0,0.8620689655172413,1.0641200545702594,49,12,0.016722115961196965,0.037714505814635896,0.45020463847203274,4000000.0,2972763.1918406044,1.3455494911195316,1289984.835832911,3.100811644361152
Gavi,Barcelona,ESP,2025-2026,Centrocampista,20.0,573,11.0,4.0,400.0,0.15706806282722513,0.31413612565445026,right,1.7277486910994766,2.1989528795811517,0.0,173.0,0.47120418848167545,0.0,0.6363636363636364,1.256544502617801,94,1,0.10770961252182566,0.0,0.47120418848167545,30000000.0,21353397.751023497,1.4049286371093828,9650038.875334635,3.108795766271945
Kai Havertz,Arsenal,ENG,2025-2026,Delantero,26.0,581,12.0,2.001368925393566,676.0,0.4647160068846816,0.9294320137693632,left,1.2392426850258176,1.2392426850258176,0.3098106712564544,193.0,0.1549053356282272,0.0,0.5833333333333334,0.7745266781411358,85,1,0.22569454074701015,0.7583406039236334,0.1549053356282272,55000000.0,45773635.45601037,1.2015650374298192,17660816.213397346,3.114238851445465
Elliot Anderson,Nottingham,ENG,2025-2026,Centrocampista,22.0,3331,38.0,4.999315537303217,484.0,0.10807565295706995,4.72830981687181,right,1.5400780546382467,2.161513059141399,0.10807565295706995,179.0,1.1077754428099669,1.0,0.9736842105263158,1.6211347943560495,44,16,0.1308427940767803,0.09306109344004618,0.2161513059141399,110000000.0,57735983.88192289,1.9052243090715033,35217496.65207447,3.123447446782692
Leon Bailey,Aston Villa,ENG,2025-2026,Centrocampista,27.0,459,13.0,3.0006844626967832,729.0,0.19607843137254904,3.7254901960784315,left,1.1764705882352942,0.9803921568627452,0.0,178.0,0.7843137254901962,0.0,0.23076923076923078,1.1764705882352942,65,4,0.21897345196967033,0.1386935212740711,0.19607843137254904,14000000.0,9011539.062529437,1.553563703475792,4481903.432205477,3.123672834938974
Fabio Miretti,Juventus,ITA,2025-2026,Centrocampista,21.0,617,23.0,0.999315537303217,441.0,0.2917341977309562,2.479740680713128,right,2.1880064829821717,1.0210696920583469,0.1458670988654781,180.0,0.5834683954619124,0.0,0.21739130434782608,1.312803889789303,69,6,0.18221902520647892,0.23747129169575013,0.1458670988654781,15000000.0,11462154.639045944,1.3086544783563074,4782104.490830883,3.1366943212472074
Rayan Aït-Nouri,Manchester City,ENG,2025-2026,Defensa,24.0,974,17.0,4.0,576.0,0.18480492813141686,2.0328542094455853,left,1.570841889117043,0.9240246406570841,0.0,180.0,1.2012320328542094,0.0,0.7058823529411765,1.9404517453798769,78,2,,,0.18480492813141686,40000000.0,28613357.713481516,1.3979484826820425,12624704.47165713,3.1683909979676192
Teun Koopmeiners,Juventus,ITA,2025-2026,Centrocampista,27.0,1827,33.0,3.0006844626967832,729.0,0.0,2.315270935960591,left,1.6256157635467978,0.541871921182266,0.0,185.0,0.8866995073891626,0.0,0.5454545454545454,0.6403940886699507,69,6,0.03614445129785632,0.08842194379477078,0.24630541871921183,14000000.0,9795061.450918427,1.429291696652633,4410127.508142113,3.174511388650956
Douglas Luiz,Aston Villa,ENG,2025-2026,Centrocampista,27.0,604,13.0,3.0006844626967832,729.0,0.0,4.172185430463577,right,1.3410596026490067,1.490066225165563,0.1490066225165563,177.0,1.0430463576158941,0.0,0.5384615384615384,1.6390728476821192,65,4,0.2716303914507839,0.10467076106675413,0.1490066225165563,18000000.0,16970654.955537613,1.0606544088698537,5667681.337138495,3.1759019128425203
Pape Gueye,Villarreal,ESP,2025-2026,Centrocampista,26.0,2131,30.0,2.001368925393566,676.0,0.08446738620366025,0.5912717034256217,left,1.4781792585640545,2.280619427498827,0.21116846550915064,189.0,1.4781792585640545,1.0,0.8666666666666667,0.9291412482402628,72,3,,,0.337869544814641,40000000.0,19636577.730376635,2.037014827595052,12580729.597174712,3.1794658402786835
Santiago Giménez,Milan,ITA,2025-2026,Delantero,24.0,892,16.0,0.999315537303217,576.0,0.10089686098654709,0.10089686098654709,left,1.0089686098654709,1.5134529147982063,0.0,180.0,0.10089686098654709,0.0,0.6875,0.5044843049327354,70,5,0.055300774754363326,0.3823458121863983,0.20179372197309417,18000000.0,10104736.783501945,1.7813427886007571,5639028.692406803,3.1920390871991446
Seko Fofana,Rennes,FRA,2025-2026,Centrocampista,30.0,655,12.0,0.999315537303217,900.0,0.0,0.9618320610687023,right,0.4122137404580153,1.786259541984733,0.13740458015267176,185.0,0.4122137404580153,0.0,0.5833333333333334,0.2748091603053435,59,6,0.08866400618589562,0.10459928405080132,0.0,8000000.0,3508618.2560931337,2.28009986156432,2498765.36049425,3.201581119412356
Álvaro Morata,Como,ITA,2025-2026,Delantero,32.0,930,26.0,0.999315537303217,1024.0,0.0967741935483871,0.8709677419354839,right,1.5483870967741935,3.193548387096774,0.0,189.0,0.0967741935483871,0.0,0.34615384615384615,1.064516129032258,71,4,0.07520827140298582,0.4752257936784337,0.3870967741935484,6000000.0,2388046.3971247682,2.5125139977280426,1873732.288481692,3.202165024792241
Dayot Upamecano,Bayern Munich,GER,2025-2026,Defensa,26.0,1794,24.0,4.0,676.0,0.05016722408026756,0.3511705685618729,right,0.7525083612040133,0.2508361204013378,0.05016722408026756,186.0,1.0535117056856187,0.0,0.875,1.3043478260869565,89,1,,,0.20066889632107024,75000000.0,36951029.02470628,2.029713433686876,23410151.6191212,3.2037383277236304
Harry Maguire,Manchester Utd,ENG,2025-2026,Defensa,32.0,1653,23.0,0.999315537303217,1024.0,0.10889292196007261,0.21778584392014522,right,0.8711433756805809,0.8711433756805809,0.054446460980036304,194.0,0.6533575317604355,0.0,0.8260869565217391,0.925589836660617,78,2,0.03947988274201291,0.06406223049857222,0.16333938294010888,8000000.0,7252806.6615948,1.103021267940555,2496316.3900493523,3.204721978307341
Djed Spence,Tottenham,ENG,2025-2026,Defensa,24.0,2056,30.0,4.999315537303217,576.0,0.0,2.144941634241245,right,1.2256809338521402,0.9192607003891051,0.0,184.0,0.6566147859922179,0.0,0.7666666666666667,1.0943579766536966,41,17,0.081433966263933,0.0496888009592137,0.17509727626459143,40000000.0,24629496.079391606,1.6240689566308038,12477769.186178751,3.2057012277728933
Granit Xhaka,Sunderland,ENG,2025-2026,Centrocampista,32.0,2904,34.0,2.001368925393566,1024.0,0.1859504132231405,3.068181818181818,left,0.7128099173553719,1.2396694214876034,0.030991735537190084,183.0,0.8987603305785125,0.0,0.9411764705882353,1.0227272727272727,54,7,0.11482377155599269,0.025018756960957383,0.24793388429752067,8000000.0,5451377.847202137,1.4675188959990944,2493886.3323946684,3.2078446784373993
Honest Ahanor,Atalanta,ITA,2025-2026,Defensa,17.0,1377,22.0,0.999315537303217,289.0,0.0,0.13071895424836602,left,1.5686274509803924,1.8300653594771241,0.0,184.0,1.5686274509803924,0.0,0.6818181818181818,1.3071895424836601,59,7,0.00809091198093751,0.15568219173967449,0.13071895424836602,30000000.0,20476366.762511928,1.465103665505929,9327389.060324812,3.216334153746053
Ardon Jashari,Milan,ITA,2025-2026,Centrocampista,23.0,701,14.0,4.0,529.0,0.12838801711840228,1.412268188302425,left,1.412268188302425,1.0271041369472182,0.0,181.0,0.6419400855920114,0.0,0.5,1.412268188302425,70,5,0.1451262468193125,0.031256280977613744,0.0,25000000.0,11551734.61408932,2.1641771418041595,7762139.4322606465,3.2207615204767066
Joshua Kimmich,Bayern Munich,GER,2025-2026,Centrocampista,30.0,2280,29.0,3.0006844626967832,900.0,0.3157894736842105,4.973684210526316,right,0.3157894736842105,0.8289473684210525,0.07894736842105263,177.0,0.9473684210526315,0.0,0.8275862068965517,1.0263157894736843,89,1,0.29879564519873575,0.09333961665336239,0.15789473684210525,35000000.0,28231769.90896119,1.2397380721387385,10815241.605274616,3.236173659119222
Dominic Solanke,Tottenham,ENG,2025-2026,Delantero,27.0,1001,15.0,4.0,729.0,0.0,0.1798201798201798,right,1.078921078921079,0.8091908091908093,0.26973026973026976,186.0,0.26973026973026976,0.0,0.7333333333333333,1.4385614385614385,41,17,0.05373467939657407,0.32245031849189953,0.0899100899100899,28000000.0,13530619.3739048,2.0693805084784884,8640968.61505386,3.240377467778301
Harry Kane,Bayern Munich,GER,2025-2026,Delantero,32.0,2377,31.0,0.999315537303217,1024.0,0.18931426167437948,0.4543542280185107,right,0.9465713083718973,1.2116112747160286,1.3630626840555322,188.0,0.30290281867900715,10.0,0.8064516129032258,0.4922170803533866,89,1,0.2803111673075334,1.1199826299070648,0.03786285233487589,60000000.0,30810541.64466209,1.947385433595419,18415585.443379246,3.258109832265536
Amine Adli,Bournemouth,ENG,2025-2026,Centrocampista,25.0,1094,31.0,4.0,625.0,0.08226691042047532,3.2084095063985374,left,2.3857404021937842,1.8921389396709323,0.24680073126142596,180.0,0.4936014625228519,0.0,0.3225806451612903,1.3985374771480805,57,6,0.10513052972581857,0.2940609408934112,0.16453382084095064,20000000.0,22879252.609952677,0.8741544289475532,6125137.570209702,3.265232783876114
Robert Lewandowski,Barcelona,ESP,2025-2026,Delantero,36.0,1664,31.0,2.001368925393566,1296.0,0.10817307692307693,0.0,right,0.703125,1.1358173076923077,0.7572115384615384,186.0,0.1622596153846154,1.0,0.5483870967741935,0.1622596153846154,94,1,0.1232918168982276,0.8689978368392286,0.10817307692307693,7000000.0,6098327.857708963,1.1478556357299197,2101180.689897636,3.3314602754801736
Manu Koné,Roma,ITA,2025-2026,Centrocampista,24.0,2456,29.0,3.0006844626967832,576.0,0.10993485342019543,0.03664495114006515,right,1.722312703583062,1.9421824104234526,0.0732899022801303,185.0,0.7328990228013029,0.0,0.9655172413793104,0.989413680781759,73,3,,,0.0732899022801303,50000000.0,28257442.26489264,1.7694453564228123,14867577.92203724,3.363022562396546
Johan Manzambi,Freiburg,GER,2025-2026,Centrocampista,19.0,2077,27.0,,361.0,0.17332691381800674,1.516610495907559,right,0.9532980259990371,3.3798748194511314,0.21665864227250844,182.0,1.1699566682715454,0.0,0.9629629629629629,0.6066441983630236,47,7,0.15506500076030846,0.17435762519173803,0.17332691381800674,65000000.0,28632883.814123254,2.270117129031151,19324042.189187977,3.363685473444487
Brajan Gruda,RB Leipzig,GER,2025-2026,Centrocampista,21.0,753,13.0,0.999315537303217,441.0,0.35856573705179284,2.9880478087649402,left,1.1952191235059761,1.4342629482071714,0.35856573705179284,178.0,0.0,0.0,0.6153846153846154,0.9561752988047808,65,3,0.14527403207800066,0.21184774861481798,0.1195219123505976,28000000.0,20452871.720827505,1.369000910101398,8284232.089565772,3.379914963423925
Adam Wharton,Crystal Palace,ENG,2025-2026,Centrocampista,21.0,2552,34.0,3.0006844626967832,441.0,0.1763322884012539,3.0329153605015677,left,1.2343260188087775,1.0932601880877741,0.03526645768025078,182.0,0.9521943573667712,0.0,0.8529411764705882,1.2695924764890283,45,15,0.233624991727263,0.04063034497659805,0.21159874608150472,70000000.0,36562152.96651344,1.9145480864901918,20685692.201215174,3.383981513361582
Aaron Wan-Bissaka,West Ham,ENG,2025-2026,Defensa,27.0,2081,25.0,0.999315537303217,729.0,0.08649687650168189,1.8596828447861604,right,0.9947140797693417,0.5189812590100913,0.0,183.0,1.7731859682844786,0.0,0.92,1.0379625180201826,39,18,0.06180182772436605,0.0,0.17299375300336378,15000000.0,10399691.505440386,1.442350476661068,4414009.852681431,3.3982706202814144
Sofyan Amrabat,Real Betis,ESP,2025-2026,Centrocampista,28.0,1295,17.0,2.001368925393566,784.0,0.0,0.416988416988417,right,1.528957528957529,1.3204633204633205,0.0,185.0,0.7644787644787645,0.0,0.8235294117647058,0.9034749034749034,60,5,0.016650468449047173,0.016625933097423735,0.277992277992278,10000000.0,6540464.472930251,1.5289434017091774,2925801.544753698,3.417866812576937
Diego Carlos,Como,ITA,2025-2026,Defensa,32.0,1949,27.0,0.999315537303217,1024.0,0.0,0.09235505387378141,right,1.800923550538738,0.323242688558235,0.04617752693689071,185.0,1.0159055926115956,0.0,0.7777777777777778,0.8311954848640329,71,4,0.002209688319402698,0.07727532411971845,0.36942021549512566,5000000.0,2442157.671280484,2.0473698560905675,1462635.5572922055,3.4184865635678645
Adrien Rabiot,Milan,ITA,2025-2026,Centrocampista,30.0,2550,29.0,2.001368925393566,900.0,0.1411764705882353,2.0470588235294116,left,1.2352941176470589,1.9411764705882353,0.2117647058823529,191.0,0.7058823529411764,0.0,0.9655172413793104,1.0941176470588236,70,5,0.1389830290175536,0.15398158807964887,0.2117647058823529,18000000.0,9221052.71954051,1.9520547758994864,5260340.26689893,3.421831875262195
Brennan Johnson,Crystal Palace,ENG,2025-2026,Centrocampista,24.0,1112,18.0,4.0,576.0,0.08093525179856116,3.6420863309352516,right,1.4568345323741008,0.8902877697841726,0.0,186.0,0.16187050359712232,0.0,0.7222222222222222,0.5665467625899281,45,15,0.10368188454521646,0.20989903731258225,0.32374100719424465,30000000.0,18542553.738102693,1.617900124423188,8752668.399760185,3.4275261702844784
Ramon Hendriks,Stuttgart,GER,2025-2026,Defensa,24.0,2025,31.0,2.001368925393566,576.0,0.13333333333333333,0.8888888888888888,left,0.7555555555555555,1.1111111111111112,0.0,189.0,0.9777777777777777,0.0,0.7096774193548387,0.6666666666666667,62,4,0.0260655816230509,0.009474453495608435,0.13333333333333333,25000000.0,12767395.126620647,1.9581128140910882,7284800.851493427,3.431802805546133
Tosin Adarabioyo,Chelsea,ENG,2025-2026,Defensa,27.0,795,16.0,,729.0,0.0,0.0,right,0.6792452830188679,0.0,0.0,197.0,1.0188679245283019,0.0,0.5,0.6792452830188679,52,10,0.04709158753449062,0.008198203905573432,0.22641509433962262,16000000.0,8850815.077613536,1.8077431128878714,4646120.74037792,3.443733147300547
Sandro Tonali,Newcastle,ENG,2025-2026,Centrocampista,25.0,2534,35.0,6.0013689253935665,625.0,0.07103393843725335,3.3741120757695344,right,0.8524072612470404,1.4917127071823204,0.0,181.0,0.9944751381215469,0.0,0.8857142857142857,0.8879242304656669,49,12,0.13356353897210313,0.05032762974403628,0.1420678768745067,80000000.0,34323761.86848085,2.33074685422122,23222764.59964143,3.4448956176921
Moise Kean,Fiorentina,ITA,2025-2026,Delantero,25.0,2036,26.0,0.999315537303217,625.0,0.04420432220039292,0.3094302554027505,right,1.281925343811395,1.9449901768172888,0.3536345776031434,183.0,0.3094302554027505,2.0,0.8846153846153846,0.1768172888015717,42,15,0.002785013715987238,0.6798318201083184,0.1768172888015717,32000000.0,12677334.687582884,2.524189886013119,9288265.361877624,3.4452073399344822
Ademola Lookman,Atalanta,ITA,2025-2026,Delantero,27.0,795,12.0,4.0,729.0,0.0,2.3773584905660377,right,1.1320754716981132,0.9056603773584905,0.22641509433962262,174.0,0.33962264150943394,0.0,0.75,0.33962264150943394,59,7,0.19109248580797664,0.5052063167095184,0.0,40000000.0,14624495.097681565,2.7351371608269224,11605934.504893666,3.4465126425738415
Nicolò Rovella,Lazio,ITA,2025-2026,Centrocampista,23.0,512,11.0,2.001368925393566,529.0,0.17578125,1.93359375,right,1.23046875,2.109375,0.0,179.0,1.58203125,0.0,0.5454545454545454,1.7578125,54,9,0.25785478623220115,0.0030089572101132944,0.3515625,23000000.0,7545181.471080671,3.0483030909402085,6671715.47138699,3.44738922075442
Anthony Elanga,Newcastle,ENG,2025-2026,Delantero,23.0,1319,32.0,4.0,529.0,0.06823351023502654,5.663381349507203,both,0.5458680818802123,1.7058377558756632,0.0,178.0,0.2047005307050796,0.0,0.4375,0.750568612585292,49,12,0.11937592590935217,0.09917377735049639,0.0,32000000.0,17902693.680453908,1.7874405143253653,9280841.51273115,3.447963199899865
Loïs Openda,Juventus,ITA,2025-2026,Delantero,25.0,666,24.0,0.999315537303217,625.0,0.0,0.945945945945946,right,1.0810810810810811,2.8378378378378377,0.13513513513513514,177.0,0.13513513513513514,0.0,0.25,0.5405405405405406,69,6,0.08084495325346251,0.49279699139800426,0.0,25000000.0,11238338.504501577,2.2245281177449954,7240537.590697459,3.4527822950770464
Ferdi Kadioglu,Brighton,ENG,2025-2026,Defensa,25.0,3133,37.0,2.001368925393566,625.0,0.0,3.131184168528567,right,0.6319821257580593,1.034152569422279,0.028726460261729973,174.0,0.7181615065432492,0.0,0.918918918918919,1.120331950207469,53,8,0.0644782008148404,0.058016561107288485,0.17235876157037983,35000000.0,33691553.71325433,1.038836032849115,10124183.875761222,3.457068780012493
Gabriel Martinelli,Arsenal,ENG,2025-2026,Delantero,24.0,1081,30.0,0.999315537303217,576.0,0.3330249768732655,3.080481036077706,right,0.8325624421831638,1.1655874190564293,0.08325624421831637,178.0,0.08325624421831637,0.0,0.36666666666666664,0.666049953746531,85,1,0.21389955382494324,0.4460089655108853,0.24976873265494912,45000000.0,35910307.29531384,1.253122108645178,13013270.438558463,3.45800851618856
Jan Paul van Hecke,Brighton,ENG,2025-2026,Defensa,25.0,3210,36.0,,625.0,0.08411214953271029,0.6448598130841121,right,0.7570093457943925,1.205607476635514,0.08411214953271029,189.0,1.2616822429906542,0.0,1.0,0.869158878504673,53,8,0.028754180245031822,0.09416575694160763,0.2523364485981308,60000000.0,40585026.88136303,1.4783777321471354,17317122.33618905,3.4647788954295797
Pau Torres,Aston Villa,ENG,2025-2026,Defensa,28.0,1676,21.0,2.001368925393566,784.0,0.0,0.21479713603818618,left,0.37589498806682575,0.26849642004773266,0.0,192.0,0.5906921241050119,0.0,0.8571428571428571,0.7517899761336515,65,4,0.0003702068831415976,0.08498461576965514,0.053699284009546544,20000000.0,20947227.721893735,0.9547802824092227,5770593.693211407,3.465847894217233
Fabian Schär,Newcastle,ENG,2025-2026,Defensa,33.0,1091,16.0,0.999315537303217,1089.0,0.0,0.32997250229147573,right,1.2373968835930338,0.5774518790100825,0.0,186.0,1.319890009165903,0.0,0.6875,0.7424381301558203,49,12,0.013419821487925776,0.07945591845062214,0.08249312557286893,4000000.0,1846228.645385166,2.1665788850142707,1152986.4136435024,3.4692516344227973
Brian Brobbey,Sunderland,ENG,2025-2026,Delantero,23.0,1927,31.0,3.0006844626967832,529.0,0.046704722366372596,0.09340944473274519,right,1.5412558380902956,1.7280747275557862,0.3269330565646082,181.0,0.0,0.0,0.7096774193548387,0.09340944473274519,54,7,0.07045094939707534,0.33215863304430177,0.2802283341982356,40000000.0,43987473.39375217,0.9093497969738235,11400406.401670408,3.508646849128039
Emmanuel Agbadou,Wolves,ENG,2025-2026,Defensa,28.0,1101,14.0,4.0,784.0,0.0,1.0626702997275204,right,0.8174386920980927,0.40871934604904636,0.0,185.0,1.1444141689373297,0.0,0.8571428571428571,1.7166212534059946,20,20,0.014040887162942004,0.03652020433679101,0.08174386920980926,16000000.0,7645864.984016276,2.092634389104188,4552009.956717031,3.514930800269912
Alex Scott,Bournemouth,ENG,2025-2026,Centrocampista,21.0,2849,37.0,2.001368925393566,441.0,0.03159003159003159,2.77992277992278,right,1.4215514215514216,1.8954018954018954,0.09477009477009476,178.0,1.1056511056511056,0.0,0.918918918918919,1.2004212004212005,57,6,0.0913555967098801,0.11056937942220563,0.15795015795015796,50000000.0,44077409.29588947,1.1343679403740015,14192163.137987122,3.5230711142382987
Manuel Akanji,Inter,ITA,2025-2026,Defensa,30.0,2821,33.0,2.001368925393566,900.0,0.0,0.0957107408720312,right,0.8294930875576036,0.5742644452321871,0.06380716058135413,188.0,1.1804324707550515,0.0,0.9393939393939394,0.7656859269762496,87,1,0.010401402791260152,0.07336221060899503,0.12761432116270827,17000000.0,17303315.534036163,0.9824706696563712,4805662.363787289,3.5374936300357334
Matheus Cunha,Manchester Utd,ENG,2025-2026,Centrocampista,26.0,2494,33.0,4.0,676.0,0.07217321571772253,1.768243785084202,right,1.0104250200481155,1.9486768243785084,0.36086607858861264,183.0,0.7578187650360866,0.0,0.8787878787878788,0.8299919807538091,78,2,0.13345047232561236,0.2553525051951958,0.14434643143544507,75000000.0,94086749.48582609,0.7971366893836475,21193881.91640173,3.5387570948934215
Amadou Onana,Aston Villa,ENG,2025-2026,Centrocampista,23.0,1758,25.0,3.0006844626967832,529.0,0.0,0.0,right,1.023890784982935,1.2798634812286689,0.10238907849829351,195.0,0.9726962457337884,0.0,0.84,1.5358361774744027,65,4,0.025798457805003727,0.1419380941323351,0.15358361774744028,45000000.0,38361409.38209123,1.1730538769258032,12536560.467196781,3.589501292459538
Bernardo Silva,Manchester City,ENG,2025-2026,Centrocampista,30.0,2872,38.0,2.001368925393566,900.0,0.12534818941504178,2.256267409470752,left,1.128133704735376,0.6894150417827298,0.06267409470752089,173.0,0.6580779944289693,0.0,0.8947368421052632,0.8774373259052926,78,2,0.16554964658957297,0.09086408308631945,0.31337047353760444,22000000.0,16494311.576761868,1.3337931624254546,6073105.955161841,3.6225285977928783
Kevin De Bruyne,Napoli,ITA,2025-2026,Centrocampista,34.0,1165,18.0,0.999315537303217,1156.0,0.15450643776824033,4.48068669527897,right,0.6180257510729613,0.46351931330472107,0.38626609442060084,181.0,0.38626609442060084,3.0,0.7222222222222222,0.6180257510729613,76,2,0.3108203406465667,0.2716465319302972,0.07725321888412016,8000000.0,3258794.3295573727,2.454895642673652,2200862.334885233,3.634938847920795
Evann Guessand,Aston Villa,ENG,2025-2026,Centrocampista,24.0,588,13.0,0.999315537303217,576.0,0.15306122448979592,1.5306122448979593,right,1.683673469387755,1.8367346938775508,0.0,188.0,0.4591836734693877,0.0,0.46153846153846156,1.3775510204081631,65,4,0.18944904360235956,0.2838165419442313,0.0,25000000.0,15819512.449069196,1.5803268324790234,6865235.212254646,3.6415358290090727
Marc Casado,Barcelona,ESP,2025-2026,Centrocampista,21.0,989,24.0,0.999315537303217,441.0,0.0910010111223458,0.0910010111223458,right,2.275025278058645,1.820020222446916,0.0,172.0,0.6370070778564206,0.0,0.4166666666666667,0.8190091001011123,94,1,0.05292581475299338,0.0940440347958714,0.0910010111223458,18000000.0,22244569.11620265,0.8091862740055972,4939121.431211441,3.6443728405327054
Joško Gvardiol,Manchester City,ENG,2025-2026,Defensa,23.0,1372,18.0,4.999315537303217,529.0,0.13119533527696792,0.13119533527696792,left,1.0495626822157433,0.4591836734693877,0.13119533527696792,185.0,1.0495626822157433,0.0,0.8888888888888888,0.8527696793002916,78,2,0.028705850797474557,0.12210382384848142,0.13119533527696792,70000000.0,58806943.16062854,1.1903356344980918,19167413.353692994,3.6520316387142073
Federico Valverde,Real Madrid,ESP,2025-2026,Centrocampista,27.0,2740,33.0,3.0006844626967832,729.0,0.2627737226277372,0.9854014598540146,,0.5912408759124088,0.45985401459854014,0.16423357664233576,,0.8211678832116788,0.0,0.9393939393939394,0.8211678832116788,86,2,0.164643234206214,0.07369470833222906,0.09854014598540146,90000000.0,47598387.27493718,1.8908203649872248,24591685.570703723,3.6597735336701662
Murillo,Nottingham,ENG,2025-2026,Defensa,23.0,2130,25.0,4.0,529.0,0.0,0.08450704225352113,left,0.971830985915493,0.29577464788732394,0.04225352112676056,183.0,1.2253521126760563,0.0,1.0,0.971830985915493,44,16,0.012650536622484804,0.02517083897189775,0.2112676056338028,50000000.0,39455766.1998149,1.2672418968316617,13586907.473996075,3.680013284531067
Carlos Baleba,Brighton,ENG,2025-2026,Centrocampista,21.0,1652,31.0,4.999315537303217,441.0,0.0,0.0,left,1.6888619854721552,1.3075060532687652,0.0,179.0,1.5254237288135593,0.0,0.7419354838709677,1.1440677966101696,53,8,0.04426355814204955,0.03123574042873182,0.27239709443099275,55000000.0,30342893.432285134,1.8126155345976156,14944182.643606577,3.6803618713486554
Alejandro Balde,Barcelona,ESP,2025-2026,Defensa,21.0,1869,28.0,2.001368925393566,441.0,0.09630818619582664,1.203852327447833,left,0.6741573033707865,1.203852327447833,0.0,177.0,0.28892455858747995,0.0,0.75,1.0112359550561798,94,1,,,0.09630818619582664,50000000.0,31386425.91232784,1.593045354691411,13573381.695342654,3.6836803916857486
Harvey Barnes,Newcastle,ENG,2025-2026,Delantero,27.0,1966,37.0,,729.0,0.04577822990844354,3.3875890132248223,right,0.7782299084435402,1.0528992878942014,0.32044760935910477,182.0,0.1373346897253306,0.0,0.5135135135135135,0.2288911495422177,49,12,0.14219868127616656,0.3685387594498399,0.04577822990844354,32000000.0,15266908.804654943,2.096036624666486,8667288.01785989,3.692042993616979
Marshall Munetsi,Paris FC,FRA,2025-2026,Centrocampista,29.0,975,15.0,2.001368925393566,841.0,0.09230769230769231,0.0,right,1.1076923076923078,0.8307692307692308,0.36923076923076925,188.0,0.27692307692307694,0.0,0.7333333333333333,0.7384615384615385,76,1,0.03515579539995927,0.16975368931889534,0.0,15000000.0,7797649.904145882,1.923656509895981,4061703.2078544684,3.693032019423083
Alex Iwobi,Fulham,ENG,2025-2026,Centrocampista,29.0,2419,29.0,2.001368925393566,841.0,0.11161637040099215,3.274080198429103,right,0.29764365440264573,0.3720545680033071,0.14882182720132286,183.0,0.5580818520049607,0.0,1.0,0.6696982224059529,52,11,0.135054576259573,0.0894126338817244,0.11161637040099215,20000000.0,15410554.943474615,1.2978117967431615,5394763.481840745,3.707298766168672
Rodrygo,Real Madrid,ESP,2025-2026,Centrocampista,24.0,684,19.0,2.001368925393566,576.0,0.39473684210526316,5.526315789473684,right,0.6578947368421052,3.026315789473684,0.13157894736842105,174.0,0.39473684210526316,0.0,0.3157894736842105,1.0526315789473684,86,2,0.37931931474687236,0.37480022366109644,0.39473684210526316,45000000.0,31008444.80001364,1.4512175728329402,12121967.923996435,3.7122685262117208
Ayyoub Bouaddi,Lille,FRA,2025-2026,Centrocampista,17.0,2321,30.0,4.999315537303217,289.0,0.03877638948728996,0.7755277897457992,right,1.4347264110297284,0.9306333476949591,0.0,185.0,1.046962516156829,0.0,0.9333333333333333,1.5510555794915983,61,3,0.07770583624616491,0.04131731301953776,0.2714347264110297,80000000.0,32654845.420545526,2.4498661368541104,21505809.545390204,3.7199250663478556
Yunus Musah,Atalanta,ITA,2025-2026,Centrocampista,22.0,574,19.0,2.001368925393566,484.0,0.0,1.5679442508710801,right,1.0975609756097562,2.508710801393728,0.156794425087108,178.0,0.7839721254355401,0.0,0.21052631578947367,0.7839721254355401,59,7,0.1150595390267073,0.11685767629628398,0.156794425087108,14000000.0,11269251.427254999,1.24231854177471,3745774.4568562247,3.7375448418616215
Dan Ndoye,Nottingham,ENG,2025-2026,Centrocampista,24.0,1173,24.0,4.0,576.0,0.07672634271099744,3.1457800511508953,right,1.227621483375959,1.687979539641944,0.07672634271099744,184.0,0.7672634271099744,0.0,0.5833333333333334,0.843989769820972,44,16,0.11914715351884628,0.08995456611523239,0.07672634271099744,32000000.0,22976129.94002788,1.3927497835155944,8505302.96936443,3.7623586267605043
Franco Mastantuono,Real Madrid,ESP,2025-2026,Centrocampista,17.0,1037,23.0,0.999315537303217,289.0,0.0,2.690453230472517,left,1.562198649951784,2.6036644165863065,0.08678881388621022,178.0,0.2603664416586307,0.0,0.4782608695652174,1.0414657666345228,86,2,0.24833650063281462,0.2327916106943799,0.4339440694310511,45000000.0,35718183.10407175,1.2598625150916525,11942314.203783387,3.76811388748621
Geoffrey Kondogbia,Marseille,FRA,2025-2026,Centrocampista,32.0,587,10.0,0.999315537303217,1024.0,0.0,0.15332197614991483,left,1.8398637137989777,1.2265758091993186,0.0,188.0,1.686541737649063,0.0,0.9,1.3798977853492334,59,5,0.014477776620518005,0.04219138826635464,0.45996592844974443,3000000.0,1593940.3659529402,1.8821281298102044,791977.7236347029,3.7879853314961927
Denis Zakaria,Monaco,FRA,2025-2026,Defensa,28.0,2031,24.0,2.001368925393566,784.0,0.044313146233382575,0.4874446085672083,right,1.1521418020679468,0.310192023633678,0.08862629246676515,189.0,1.9940915805022155,0.0,0.9583333333333334,1.1078286558345642,54,7,0.06323554546213221,0.11306964347972652,0.1772525849335303,25000000.0,8397838.977084318,2.9769563417706606,6582693.734940047,3.7978373302259807
Koke,Atlético Madrid,ESP,2025-2026,Centrocampista,33.0,2219,34.0,0.999315537303217,1089.0,0.08111762054979721,1.7845876520955386,,0.8517350157728707,0.8922938260477693,0.08111762054979721,,0.7706173952230735,0.0,0.7058823529411765,1.2167643082469581,86,2,0.1395706345300757,0.039034466107668454,0.24335286164939163,5000000.0,3599669.988192343,1.3890162199315568,1316270.6353484192,3.79861091307905
Denzel Dumfries,Inter,ITA,2025-2026,Centrocampista,29.0,1325,20.0,4.0,841.0,0.06792452830188679,2.309433962264151,right,1.3584905660377358,0.8830188679245283,0.2037735849056604,188.0,0.4754716981132076,0.0,0.75,0.6113207547169811,87,1,0.09549396639724948,0.24822822954013662,0.13584905660377358,25000000.0,16671013.366750218,1.4996088989924072,6568079.175913123,3.8062878553111212
Olivier Boscagli,Brighton,ENG,2025-2026,Defensa,27.0,802,12.0,4.0,729.0,0.11221945137157106,1.6832917705735662,left,0.7855361596009974,1.1221945137157108,0.0,181.0,1.795511221945137,0.0,0.75,1.2344139650872816,53,8,0.01656165323278256,0.002324649567095716,0.22443890274314213,15000000.0,14238959.23415953,1.0534477803697,3927895.293451097,3.81883906758136
Benjamin Pavard,Marseille,FRA,2025-2026,Defensa,29.0,1928,27.0,2.001368925393566,841.0,0.09336099585062241,0.7935684647302904,right,1.0269709543568464,0.700207468879668,0.046680497925311204,186.0,1.120331950207469,0.0,0.8148148148148148,0.5601659751037344,59,5,0.001248786451982883,0.0021542626707447515,0.2800829875518672,12000000.0,4968754.590577021,2.415092108343882,3138628.9608406085,3.8233254550694262
Matt O'Riley,Marseille,FRA,2025-2026,Centrocampista,24.0,741,15.0,3.0006844626967832,576.0,0.242914979757085,0.8502024291497976,left,1.8218623481781377,0.1214574898785425,0.1214574898785425,189.0,0.728744939271255,0.0,0.4,0.97165991902834,59,5,0.018169979191562425,0.13842763447085854,0.242914979757085,18000000.0,6879765.082272983,2.6163684057149577,4688060.483318089,3.8395409069594733
Castello Lukeba,RB Leipzig,GER,2025-2026,Defensa,22.0,2176,26.0,3.0006844626967832,484.0,0.0,0.12408088235294118,left,0.4549632352941177,0.4963235294117647,0.04136029411764706,184.0,1.2821691176470589,0.0,0.9230769230769231,0.5790441176470588,65,3,0.009931382639265126,0.036769343089819065,0.12408088235294118,50000000.0,25562576.68731254,1.9559843521101874,12995431.240930812,3.8475060252343494
Yasin Ayari,Brighton,ENG,2025-2026,Centrocampista,21.0,1929,29.0,0.999315537303217,441.0,0.13996889580093314,1.119751166407465,right,1.119751166407465,1.3063763608087091,0.13996889580093314,172.0,1.2130637636080872,0.0,0.6896551724137931,1.166407465007776,53,8,0.06535614138211285,0.09881543543068097,0.04665629860031104,40000000.0,24395061.131589625,1.6396761534736737,10357659.281290548,3.861876406019031
Warren Zaïre-Emery,PSG,FRA,2025-2026,Defensa,19.0,2447,32.0,3.0006844626967832,361.0,0.14711892112791172,0.551695954229669,right,1.2872905598692275,0.6252554147936249,0.1103391908459338,176.0,0.40457703310175724,0.0,0.84375,1.0666121781773599,76,1,0.15732920185891544,0.07611703520018835,0.1103391908459338,80000000.0,34691750.125601344,2.306023758108493,20616226.93836971,3.880438464281197
Abdukodir Khusanov,Manchester City,ENG,2025-2026,Defensa,21.0,1432,21.0,4.999315537303217,441.0,0.0,0.18854748603351956,right,0.8798882681564246,0.3770949720670391,0.0,186.0,1.8226256983240223,0.0,0.7142857142857143,1.2569832402234635,78,2,,,0.12569832402234637,50000000.0,52381395.591760516,0.9545373779209674,12858271.773960212,3.88854745637411
Eric Dier,Monaco,FRA,2025-2026,Defensa,31.0,688,9.0,2.001368925393566,961.0,0.0,0.2616279069767442,right,1.177325581395349,0.5232558139534884,0.1308139534883721,191.0,1.3081395348837208,0.0,0.7777777777777778,0.2616279069767442,54,7,0.003741519298231186,0.07034199572233266,0.0,4000000.0,1296916.3468642586,3.0842390179377226,1017805.957433314,3.9300221921348673
Michael Olise,Bayern Munich,GER,2025-2026,Centrocampista,23.0,2316,32.0,3.0006844626967832,529.0,0.7383419689119172,5.6735751295336785,left,1.2435233160621761,2.2538860103626943,0.582901554404145,180.0,0.5440414507772021,0.0,0.71875,0.4274611398963731,89,1,0.6623395068397253,0.4486674750030736,0.31088082901554404,170000000.0,105721013.85080372,1.6080057673293644,43232225.970495395,3.932251837229467
Carlos Augusto,Inter,ITA,2025-2026,Centrocampista,26.0,1763,34.0,2.001368925393566,676.0,0.05104934770277936,2.34826999432785,left,1.327283040272263,0.6636415201361315,0.05104934770277936,184.0,0.9699376063528078,0.0,0.5294117647058824,1.1230856494611459,87,1,0.05814893750164297,0.10006827297522747,0.30629608621667614,23000000.0,18163593.04780479,1.2662692860089004,5822535.16965395,3.9501693557596758
Angel Gomes,Wolves,ENG,2025-2026,Centrocampista,24.0,461,12.0,2.001368925393566,576.0,0.0,2.3427331887201737,right,1.3665943600867678,1.7570498915401302,0.0,168.0,0.19522776572668113,0.0,0.5833333333333334,0.9761388286334056,20,20,0.05841330720067282,0.037756517747671636,0.19522776572668113,10000000.0,6045557.013901782,1.6541073017763228,2530506.819379106,3.951777534610096
Billy Gilmour,Napoli,ITA,2025-2026,Centrocampista,24.0,805,17.0,3.0006844626967832,576.0,0.0,0.670807453416149,right,1.0062111801242237,0.782608695652174,0.11180124223602485,170.0,1.2298136645962732,0.0,0.47058823529411764,0.8944099378881988,76,2,0.05406809187500003,0.06395055823352025,0.11180124223602485,20000000.0,10900416.50744679,1.8347922748031404,5057923.014141498,3.9541922532394813
Rico Henry,Brentford,ENG,2025-2026,Defensa,28.0,1328,25.0,0.999315537303217,784.0,0.06777108433734941,1.7620481927710845,left,1.016566265060241,1.1521084337349397,0.0,170.0,0.47439759036144574,0.0,0.56,0.7454819277108434,53,9,0.021427313976707947,0.009871482048239785,0.13554216867469882,13000000.0,11590736.384924391,1.121585339211802,3276709.8018979453,3.9673943638432987
Kaoru Mitoma,Brighton,ENG,2025-2026,Centrocampista,28.0,1721,25.0,0.999315537303217,784.0,0.05229517722254503,2.4055781522370716,right,1.621150493898896,1.0981987216734457,0.1568855316676351,178.0,0.41836141778036023,0.0,0.76,0.6275421266705404,53,8,0.18529019819086615,0.2504511539678737,0.26147588611272515,22000000.0,15880324.089523325,1.3853621548261719,5481373.566141484,4.013592530145051
Lucas Bergvall,Tottenham,ENG,2025-2026,Centrocampista,19.0,965,23.0,4.999315537303217,361.0,0.27979274611398963,1.7720207253886011,right,2.238341968911917,0.6528497409326425,0.09326424870466321,187.0,0.27979274611398963,0.0,0.4782608695652174,1.305699481865285,41,17,0.02719857240665144,0.1337688625669541,0.18652849740932642,35000000.0,17913472.41407197,1.9538367096546658,8709464.47670061,4.018616769565031
Liam Delap,Chelsea,ENG,2025-2026,Delantero,22.0,1107,28.0,4.999315537303217,484.0,0.0,0.4878048780487805,right,2.032520325203252,1.5447154471544715,0.08130081300813008,186.0,0.08130081300813008,0.0,0.42857142857142855,0.24390243902439024,52,10,0.013760565136506307,0.40895118113092294,0.3252032520325203,28000000.0,26246679.097005803,1.066801628370357,6935810.593896795,4.03701912284611
Jean-Philippe Mateta,Crystal Palace,ENG,2025-2026,Delantero,28.0,2218,32.0,0.999315537303217,784.0,0.0,0.44634806131650134,right,0.8521190261496844,0.7709648331830478,0.4869251577998197,192.0,0.24346257889990985,4.0,0.78125,0.1623083859332732,45,15,0.05070592296067071,0.6483176169703682,0.0811541929666366,30000000.0,26600861.351276316,1.1277830294228646,7352609.2837935705,4.080184168921531
Leny Yoro,Manchester Utd,ENG,2025-2026,Defensa,19.0,1740,32.0,3.0006844626967832,361.0,0.0,0.15517241379310345,right,0.8793103448275862,0.25862068965517243,0.0,190.0,1.603448275862069,0.0,0.5625,1.0344827586206897,78,2,0.011366131811820227,0.06452060240352976,0.05172413793103448,50000000.0,54476689.26821602,0.917823764102568,12064319.624283364,4.144452530862888
Wesley Fofana,Chelsea,ENG,2025-2026,Defensa,24.0,1722,25.0,3.0006844626967832,576.0,0.05226480836236934,0.10452961672473868,right,1.411149825783972,0.8885017421602788,0.0,188.0,1.9860627177700347,0.0,0.8,0.5749128919860628,52,10,0.034417816752548416,0.02823199440793293,0.47038327526132406,28000000.0,27191149.314718995,1.0297468369548897,6744288.112842587,4.151661306800036
Nicolò Barella,Inter,ITA,2025-2026,Centrocampista,28.0,2517,34.0,3.0006844626967832,784.0,0.2860548271752086,3.6471990464839097,right,1.1799761620977354,0.7866507747318237,0.10727056019070322,175.0,0.3218116805721096,0.0,0.9117647058823529,1.1084624553039333,87,1,0.28482570522714573,0.1365820411481718,0.25029797377830754,50000000.0,40370681.42248722,1.238522567324045,12039883.1919996,4.152864209947201
Mohamed Salah,Liverpool,ENG,2025-2026,Centrocampista,33.0,2146,27.0,2.001368925393566,1089.0,0.293569431500466,4.906803355079217,left,0.4193849021435228,0.6710158434296365,0.293569431500466,175.0,0.12581547064305684,1.0,0.8518518518518519,0.5032618825722274,60,5,0.2695869345032199,0.37063923479515265,0.04193849021435228,22000000.0,5640992.8125546,3.9000226965432,5291978.823657385,4.157235078426748
Sávio,Manchester City,ENG,2025-2026,Centrocampista,21.0,833,24.0,4.999315537303217,441.0,0.10804321728691475,4.321728691476591,left,0.9723889555822329,1.6206482593037215,0.10804321728691475,176.0,0.5402160864345739,0.0,0.2916666666666667,0.5402160864345739,78,2,0.10062618889943177,0.353249551310223,0.2160864345738295,35000000.0,30684888.50439201,1.1406265984962063,8384925.103797628,4.174157737455293
Simon Adingra,Monaco,FRA,2025-2026,Centrocampista,23.0,855,14.0,0.999315537303217,529.0,0.2105263157894737,3.052631578947368,right,0.736842105263158,0.8421052631578948,0.3157894736842105,175.0,0.631578947368421,0.0,0.7142857142857143,0.9473684210526315,54,7,0.07709170426977309,0.03532677888870239,0.0,22000000.0,9710670.200755047,2.265549086229847,5238943.104518815,4.199320275309737
Sacha Boey,Bayern Munich,GER,2025-2026,Defensa,24.0,463,9.0,2.001368925393566,576.0,0.0,1.1663066954643628,right,1.9438444924406046,1.5550755939524838,0.0,178.0,1.3606911447084233,0.0,0.5555555555555556,0.7775377969762419,89,1,0.03561526271424077,0.07628276083240242,0.19438444924406048,10000000.0,11595472.65170629,0.8624055526126817,2380982.7137369993,4.199946493649592
Vinicius Júnior,Real Madrid,ESP,2025-2026,Delantero,25.0,2815,36.0,0.999315537303217,625.0,0.15985790408525755,2.0142095914742453,,1.2149200710479573,2.589698046181172,0.5115452930728241,,0.06394316163410302,4.0,0.8888888888888888,0.47957371225577267,86,2,0.22876273738104538,0.4605110592438738,0.2557726465364121,140000000.0,73635883.03975916,1.9012469766188316,33291168.77478353,4.205319463161754
Yves Bissouma,Tottenham,ENG,2025-2026,Centrocampista,28.0,603,11.0,,784.0,0.0,0.1492537313432836,right,1.1940298507462688,0.8955223880597015,0.0,182.0,1.1940298507462688,0.0,0.6363636363636364,1.6417910447761195,41,17,0.0,0.031698776075421875,0.5970149253731344,10000000.0,7496070.901510801,1.3340322058566099,2354155.8995887036,4.247807038500342
William Saliba,Arsenal,ENG,2025-2026,Defensa,24.0,2614,31.0,4.0,576.0,0.0,0.30986993114001526,right,0.7574598316755929,0.5508798775822494,0.03442999234889059,192.0,0.5164498852333589,0.0,0.967741935483871,0.7918898240244836,85,1,0.04496652856697175,0.054322216366207494,0.06885998469778118,100000000.0,85190371.61649309,1.1738415750805309,23179005.67427423,4.314248911504749
Brajan Gruda,Brighton,ENG,2025-2026,Centrocampista,21.0,719,18.0,0.999315537303217,441.0,0.12517385257301808,1.7524339360222532,left,1.376912378303199,1.7524339360222532,0.12517385257301808,178.0,0.25034770514603616,0.0,0.4444444444444444,0.6258692628650905,53,8,0.15214373595929692,0.2218655837370764,0.25034770514603616,28000000.0,14806177.002586052,1.8911026117754441,6462215.603555169,4.332879265835062
Niclas Füllkrug,Milan,ITA,2025-2026,Delantero,32.0,659,20.0,0.999315537303217,1024.0,0.0,0.13657056145675267,right,1.0925644916540214,1.0925644916540214,0.13657056145675267,189.0,0.40971168437025796,0.0,0.15,0.27314112291350534,70,5,0.061333225941079164,0.13424887806629376,0.0,3500000.0,2183254.301833071,1.6031114639560693,798564.7677475603,4.382863032978696
Trent Alexander-Arnold,Real Madrid,ESP,2025-2026,Defensa,26.0,1163,21.0,4.999315537303217,676.0,0.30954428202923473,9.750644883920895,right,0.7738607050730868,0.3869303525365434,0.0,180.0,1.0060189165950129,0.0,0.6666666666666666,0.7738607050730868,86,2,0.15696963501945202,0.03119631093043453,0.30954428202923473,60000000.0,17264813.691954024,3.475276424671874,13329145.58940259,4.501413807626449
Eberechi Eze,Arsenal,ENG,2025-2026,Centrocampista,27.0,1812,32.0,3.0006844626967832,729.0,0.09933774834437085,0.3973509933774834,right,0.695364238410596,1.8874172185430462,0.347682119205298,178.0,0.5463576158940397,0.0,0.65625,0.6456953642384106,85,1,0.13080381964092813,0.23878099948833914,0.04966887417218543,65000000.0,64272744.95201911,1.0113151390768171,14179053.510024138,4.584227004577356
Matheus Nunes,Manchester City,ENG,2025-2026,Defensa,26.0,2862,34.0,2.001368925393566,676.0,0.15723270440251572,2.106918238993711,right,0.5345911949685535,0.9433962264150944,0.031446540880503145,183.0,0.9119496855345912,0.0,0.9411764705882353,1.2893081761006289,78,2,0.09745448546589544,0.021241300317616958,0.15723270440251572,50000000.0,44311889.97184135,1.1283653220788652,10792968.902916918,4.632645609354712
Davide Frattesi,Inter,ITA,2025-2026,Centrocampista,25.0,569,22.0,0.999315537303217,625.0,0.0,0.3163444639718805,right,1.4235500878734622,1.7398945518453426,0.0,178.0,0.47451669595782076,0.0,0.13636363636363635,1.1072056239015817,87,1,0.09476637912943618,0.3629022645510353,0.0,22000000.0,13567445.021201052,1.6215285903588987,4726647.754875122,4.654461500184551
Riccardo Calafiori,Arsenal,ENG,2025-2026,Defensa,23.0,1699,26.0,3.0006844626967832,529.0,0.10594467333725721,1.1124190700412007,left,1.3772807533843436,0.5297233666862861,0.052972336668628606,188.0,0.6886403766921718,0.0,0.8461538461538461,1.0064743967039433,85,1,0.034348521679815225,0.18378822861996869,0.26486168334314303,55000000.0,48372826.988479435,1.1370019786749057,11764449.716212705,4.6751017962365005
Jørgen Strand Larsen,Wolves,ENG,2025-2026,Delantero,25.0,1404,22.0,4.0,625.0,0.06410256410256411,0.19230769230769232,right,1.9230769230769231,0.7051282051282052,0.06410256410256411,193.0,0.19230769230769232,1.0,0.6363636363636364,0.12820512820512822,20,20,0.044010363172930785,0.41757736605806994,0.12820512820512822,40000000.0,12886792.380653623,3.1039531652616867,8538552.833354414,4.684634595659672
Cristhian Mosquera,Arsenal,ENG,2025-2026,Defensa,21.0,994,20.0,4.0,441.0,0.0,0.2716297786720322,right,1.539235412474849,0.6338028169014085,0.0,191.0,0.7243460764587526,0.0,0.45,1.9014084507042253,85,1,0.02657020181582367,0.007773510572056415,0.3621730382293763,40000000.0,27679574.62819725,1.4451089128823498,8421122.067911128,4.749960833891826
Gerard Martín,Barcelona,ESP,2025-2026,Defensa,23.0,2119,32.0,2.001368925393566,529.0,0.0,0.5946201038225578,left,0.6795658329400661,0.2973100519112789,0.0,186.0,1.316658801321378,0.0,0.8125,1.2317130722038698,94,1,0.03239563215346396,0.012948659027576335,0.2548371873525248,35000000.0,25693858.413126457,1.3621932306639952,7367273.791673619,4.750739688751145
Jhon Arias,Wolves,ENG,2025-2026,Delantero,27.0,1124,23.0,3.5044490075290895,729.0,0.0,2.402135231316726,right,2.0818505338078293,0.7206405693950179,0.08007117437722419,168.0,0.5604982206405694,0.0,0.6086956521739131,2.1619217081850532,20,20,0.07176191352135451,0.2636861270691311,0.08007117437722419,15000000.0,7014594.695759229,2.138398674561833,3156311.668594904,4.752382392793788
Myles Lewis-Skelly,Arsenal,ENG,2025-2026,Centrocampista,18.0,709,20.0,4.0,324.0,0.0,0.0,left,1.2693935119887165,2.0310296191819464,0.0,178.0,0.6346967559943583,0.0,0.25,0.6346967559943583,85,1,0.02266258264041922,0.015955509510211782,0.38081805359661497,45000000.0,33938183.79096954,1.3259401350750493,9425997.901007416,4.774030343799521
Ben White,Arsenal,ENG,2025-2026,Defensa,27.0,702,12.0,2.001368925393566,729.0,0.12820512820512822,2.0512820512820515,right,0.6410256410256411,0.7692307692307693,0.0,186.0,1.1538461538461537,0.0,0.75,1.1538461538461537,85,1,0.1997155634065469,0.036272271416890316,0.0,30000000.0,21310310.79494378,1.407769238500172,6274321.173646194,4.781393742801679
Justin Kluivert,Bournemouth,ENG,2025-2026,Centrocampista,26.0,952,20.0,2.001368925393566,676.0,0.0,3.781512605042017,both,1.7016806722689075,0.9453781512605043,0.18907563025210083,173.0,0.37815126050420167,0.0,0.5,0.6617647058823529,57,6,0.21694747541303272,0.21681492802874822,0.47268907563025214,25000000.0,17547186.490180522,1.4247298285676797,5228200.861067613,4.781759665388015
Kobbie Mainoo,Manchester Utd,ENG,2025-2026,Centrocampista,20.0,1662,28.0,4.999315537303217,400.0,0.10830324909747292,0.703971119133574,right,0.6498194945848376,1.1913357400722022,0.05415162454873646,184.0,1.0288808664259927,0.0,0.5714285714285714,1.0830324909747293,78,2,0.06444363782538727,0.02802216923637618,0.10830324909747292,70000000.0,46872113.97159464,1.4934252814460487,14552945.308147237,4.810022886625679
Joelinton,Newcastle,ENG,2025-2026,Centrocampista,28.0,1951,27.0,2.001368925393566,784.0,0.04613018964633521,0.5074320861096874,right,2.1219887237314197,1.2455151204510506,0.09226037929267042,186.0,1.291645310097386,0.0,0.8518518518518519,1.0609943618657098,49,12,0.08586552926839956,0.10050340481140654,0.46130189646335207,25000000.0,13009096.36924762,1.9217322472218623,5167987.736929917,4.83747277907657
Conor Gallagher,Atlético Madrid,ESP,2025-2026,Centrocampista,25.0,679,19.0,4.999315537303217,625.0,0.0,1.4580265095729015,right,2.385861561119293,1.1929307805596465,0.2650957290132548,182.0,1.4580265095729015,0.0,0.21052631578947367,1.5905743740795286,86,2,0.06626687911016776,0.16794801818615646,0.2650957290132548,32000000.0,17223396.981415838,1.8579377828037185,6593197.240925054,4.853487440262027
Hakan Çalhanoğlu,Inter,ITA,2025-2026,Centrocampista,31.0,1639,22.0,0.999315537303217,961.0,0.21964612568639413,4.722391702257474,right,1.537522879804759,0.6040268456375839,0.4942037827943868,178.0,1.043319097010372,4.0,0.9090909090909091,0.9334960341671752,87,1,0.190893347960936,0.28266779514730817,0.3843807199511898,16000000.0,17798708.812397983,0.8989416124867966,3286427.4476822093,4.868508511053297
Amir Rrahmani,Napoli,ITA,2025-2026,Defensa,31.0,1795,21.0,0.999315537303217,961.0,0.05013927576601671,0.05013927576601671,right,1.0027855153203342,0.8022284122562674,0.10027855153203342,192.0,1.1030640668523677,0.0,1.0,0.6016713091922006,76,2,0.01187478408507982,0.06790306155562069,0.10027855153203342,10000000.0,5079373.590519097,1.9687467011021786,2052330.2566827335,4.872510146667825
Vanderson,Monaco,FRA,2025-2026,Defensa,24.0,616,14.0,2.001368925393566,576.0,0.29220779220779225,4.821428571428571,right,2.1915584415584415,0.29220779220779225,0.0,173.0,2.7759740259740258,0.0,0.5,1.8993506493506493,54,7,0.19842782514411714,0.021596674553372643,0.5844155844155845,18000000.0,5292591.739283592,3.400980254418129,3565237.7047513095,5.048751721662715
Rodri,Manchester City,ENG,2025-2026,Centrocampista,29.0,1511,21.0,4.0,841.0,0.0,0.29781601588352086,right,0.8338848444738584,1.8464592984778292,0.05956320317670417,190.0,0.71475843812045,0.0,0.8095238095238095,1.4890800794176042,78,2,0.13557356647274338,0.07078956687498732,0.1786896095301125,55000000.0,22258527.45452198,2.4709630999793006,10752885.079434268,5.114906333853766
Vitinha,PSG,FRA,2025-2026,Centrocampista,25.0,2119,29.0,3.0006844626967832,625.0,0.2973100519112789,0.8919301557338368,right,0.5946201038225578,0.8919301557338368,0.04247286455875413,170.0,1.1042944785276074,0.0,0.8275862068965517,0.8494572911750826,76,1,0.09248617196164642,0.29345341947557313,0.08494572911750826,140000000.0,28569992.753899176,4.900246255081499,27248098.806213953,5.137973147986123
Lewis Cook,Bournemouth,ENG,2025-2026,Centrocampista,28.0,874,18.0,2.001368925393566,784.0,0.10297482837528604,4.530892448512586,right,0.8237986270022883,0.5148741418764302,0.0,175.0,2.1624713958810067,0.0,0.4444444444444444,1.7505720823798627,57,6,0.03572507264855524,0.006142015722356481,0.10297482837528604,11000000.0,9489291.907607762,1.1592013510703651,2134133.157080324,5.1543175567587065
João Neves,PSG,FRA,2025-2026,Centrocampista,20.0,1287,21.0,3.0006844626967832,400.0,0.06993006993006994,0.27972027972027974,right,0.9090909090909092,0.9090909090909092,0.34965034965034963,171.0,0.4195804195804196,0.0,0.6190476190476191,0.9790209790209791,76,1,0.17309729478784375,0.2210223252748276,0.0,140000000.0,30931484.25421122,4.526132624267439,26977332.845550094,5.189541931425329
Mason Mount,Manchester Utd,ENG,2025-2026,Centrocampista,26.0,1017,23.0,2.001368925393566,676.0,0.0,1.9469026548672568,right,1.5044247787610618,1.0619469026548671,0.2654867256637168,181.0,0.7964601769911505,0.0,0.5217391304347826,1.1504424778761062,78,2,0.12181075372263393,0.15439671225252405,0.17699115044247787,25000000.0,24317557.692319885,1.028063768422585,4785588.282261358,5.224018140604989
Tino Livramento,Newcastle,ENG,2025-2026,Defensa,22.0,1328,17.0,2.001368925393566,484.0,0.06777108433734941,2.4397590361445785,right,0.47439759036144574,1.0843373493975905,0.0,182.0,0.13554216867469882,0.0,0.8235294117647058,0.9487951807228915,49,12,,,0.06777108433734941,45000000.0,17854148.976259064,2.5204225673168286,8575539.332129734,5.247483366019879
Kevin Danso,Tottenham,ENG,2025-2026,Defensa,26.0,1494,24.0,0.999315537303217,676.0,0.0,0.42168674698795183,right,1.2650602409638554,0.783132530120482,0.0,190.0,1.5060240963855422,0.0,0.7083333333333334,0.783132530120482,41,17,0.00955857156989086,0.03157989582024425,0.4819277108433735,20000000.0,12078959.385422295,1.6557717731990516,3809698.3858861984,5.249759422975337
Lisandro Martínez,Manchester Utd,ENG,2025-2026,Defensa,27.0,1233,18.0,0.999315537303217,729.0,0.0,0.14598540145985403,left,0.656934306569343,0.14598540145985403,0.0,175.0,0.8759124087591241,0.0,0.7222222222222222,0.8029197080291971,78,2,0.03388345418293981,0.008282191629936224,0.0,45000000.0,24807050.12939794,1.8140004460535242,8564903.93895406,5.253999381748509
Fabián Ruiz Peña,PSG,FRA,2025-2026,Centrocampista,29.0,1131,20.0,0.999315537303217,841.0,0.3183023872679045,1.6710875331564987,left,0.15915119363395225,0.23872679045092837,0.07957559681697612,188.0,1.3527851458885942,0.0,0.65,0.8753315649867375,76,1,,,0.15915119363395225,30000000.0,9856136.110000791,3.04378913452298,5683053.730986446,5.278852078492085
Khvicha Kvaratskhelia,PSG,FRA,2025-2026,Delantero,24.0,1479,28.0,3.0006844626967832,576.0,0.2434077079107505,2.6166328600405677,both,1.0953346855983772,1.5821501014198782,0.486815415821501,183.0,0.6085192697768762,1.0,0.6428571428571429,0.7910750507099391,76,1,0.34947292338943386,0.4854919172778091,0.060851926977687626,140000000.0,33991271.671540774,4.118704394258222,26476654.178108368,5.287677176210424
Marcos Llorente,Atlético Madrid,ESP,2025-2026,Defensa,30.0,2181,29.0,0.999315537303217,900.0,0.16506189821182943,2.0220082530949104,right,1.1554332874828062,0.45392022008253097,0.0,183.0,0.5364511691884457,0.0,0.8620689655172413,1.6918844566712516,86,2,0.17341222270728798,0.09128921072125598,0.28885832187070154,20000000.0,11891515.004907874,1.6818714849828291,3543151.7176123164,5.644691956199307
Martin Ødegaard,Arsenal,ENG,2025-2026,Centrocampista,26.0,1369,24.0,2.001368925393566,676.0,0.3944485025566107,1.4463111760409055,left,0.591672753834916,0.591672753834916,0.06574141709276844,178.0,0.46018991964937916,0.0,0.6666666666666666,0.591672753834916,85,1,,,0.0,70000000.0,41146897.89942754,1.7012218070751302,12350663.17027653,5.667711849551858
Manuel Ugarte,Manchester Utd,ENG,2025-2026,Centrocampista,24.0,887,22.0,3.0006844626967832,576.0,0.0,0.10146561443066515,right,2.4351747463359636,1.5219842164599773,0.0,182.0,2.029312288613303,0.0,0.36363636363636365,3.0439684329199546,78,2,0.013068250748995596,0.08501997010692064,0.10146561443066515,25000000.0,22075259.727435272,1.1324895067454106,4393742.251046604,5.689910461644608
Conor Bradley,Liverpool,ENG,2025-2026,Defensa,22.0,929,15.0,3.0006844626967832,484.0,0.0968783638320775,2.2282023681377825,right,1.743810548977395,1.9375672766415502,0.0,181.0,1.16254036598493,0.0,0.8,1.4531754574811624,60,5,0.11564474416529787,0.0212966900447181,0.48439181916038754,25000000.0,19186081.613220062,1.3030279190918217,4385855.189969448,5.700142598683051
Jurriën Timber,Arsenal,ENG,2025-2026,Defensa,24.0,2454,30.0,2.001368925393566,576.0,0.18337408312958434,1.687041564792176,right,1.3936430317848412,1.0635696821515892,0.1100244498777506,179.0,0.8801955990220048,0.0,0.9333333333333333,1.2836185819070904,85,1,0.09495632396213947,0.1478303485256244,0.18337408312958434,70000000.0,62923692.954559974,1.1124585464262269,12224909.048822006,5.726013970365302
Dilane Bakwa,Nottingham,ENG,2025-2026,Centrocampista,22.0,553,14.0,0.999315537303217,484.0,0.325497287522604,6.184448462929476,left,1.464737793851718,2.278481012658228,0.0,180.0,0.0,0.0,0.42857142857142855,0.488245931283906,44,16,0.19793193241679002,0.12441008663306831,0.162748643761302,28000000.0,14462619.259763,1.936025521870707,4881688.755677608,5.735720034882362
Niklas Stark,Werder Bremen,GER,2025-2026,Defensa,30.0,697,14.0,,900.0,0.0,0.1291248206599713,right,1.4203730272596844,0.9038737446197991,0.0,190.0,1.6786226685796268,0.0,0.6428571428571429,1.5494978479196555,32,15,0.0,0.0748369987075948,1.0329985652797704,2500000.0,969335.3489002185,2.57908679677929,435647.66717044136,5.738582318683479
Alexis Mac Allister,Liverpool,ENG,2025-2026,Centrocampista,26.0,2658,37.0,2.001368925393566,676.0,0.13544018058690743,0.6772009029345373,right,1.18510158013544,1.0835214446952595,0.06772009029345372,176.0,0.6094808126410836,0.0,0.8378378378378378,0.9142212189616252,60,5,0.09648766560988759,0.13786820573921463,0.23702031602708803,70000000.0,32543311.2634007,2.150979641666776,12141571.624653809,5.7653162345032
Willian Pacho,PSG,FRA,2025-2026,Defensa,23.0,1914,23.0,3.0006844626967832,529.0,0.0,0.0,left,0.28213166144200624,0.329153605015674,0.0,188.0,1.2225705329153604,0.0,0.9130434782608695,1.2225705329153604,76,1,,,0.0,80000000.0,24429566.13905682,3.274720457360061,13771021.969952725,5.809300150312275
Chadi Riad,Crystal Palace,ENG,2025-2026,Defensa,22.0,552,9.0,3.0006844626967832,484.0,0.16304347826086957,0.9782608695652174,left,0.8152173913043479,0.4891304347826087,0.0,186.0,0.6521739130434783,0.0,0.6666666666666666,0.8152173913043479,45,15,0.06973233235918957,0.045643290049274976,0.32608695652173914,20000000.0,12421898.779400915,1.6100598109176159,3395938.0512597472,5.889388939995786
Pau Cubarsí,Barcelona,ESP,2025-2026,Defensa,18.0,2703,31.0,3.0006844626967832,324.0,0.0,0.0,,0.8324084350721421,0.2996670366259711,0.033296337402885685,,0.9988901220865705,0.0,1.0,0.932297447280799,94,1,0.014497074034978758,0.018367520745401246,0.09988901220865705,100000000.0,69273107.30468509,1.4435616343896385,16944938.660873197,5.901467216928058
Lucas Hernández,PSG,FRA,2025-2026,Defensa,29.0,1747,25.0,2.001368925393566,841.0,0.15455065827132228,0.824270177447052,left,1.1333714939896966,0.9788208357183743,0.0,184.0,1.081854607899256,0.0,0.8,0.7212364052661706,76,1,0.06595717014826975,0.03302829714868331,0.206067544361763,18000000.0,7449187.139338339,2.416371029926739,3028125.720537551,5.944271031390549
Antonee Robinson,Fulham,ENG,2025-2026,Defensa,27.0,1492,22.0,2.001368925393566,729.0,0.0,4.644772117962466,left,0.9048257372654155,0.5428954423592492,0.06032171581769437,183.0,1.6890080428954422,1.0,0.7727272727272727,1.8699731903485255,52,11,0.06575236256776162,0.058949208217885234,0.30160857908847183,22000000.0,14485368.842671849,1.518773891016921,3700219.894300491,5.945592594074465
Benoît Badiashile,Chelsea,ENG,2025-2026,Defensa,24.0,471,8.0,0.999315537303217,576.0,0.0,0.0,left,1.1464968152866242,0.38216560509554137,0.0,194.0,1.7197452229299361,0.0,0.75,0.9554140127388534,52,10,,,0.38216560509554137,15000000.0,11544064.034099909,1.2993690918286345,2501277.0592512623,5.996936622642728
Noussair Mazraoui,Manchester Utd,ENG,2025-2026,Defensa,27.0,985,20.0,2.001368925393566,729.0,0.0,1.1878172588832487,right,1.0964467005076142,1.2791878172588833,0.0,183.0,1.0050761421319796,0.0,0.55,1.3705583756345179,78,2,0.019140963778277943,0.017982314666969524,0.27411167512690354,18000000.0,15491613.000520634,1.1619190331823461,2981113.3589402228,6.038012592180979
Aurélien Tchouaméni,Real Madrid,ESP,2025-2026,Centrocampista,25.0,2615,33.0,2.001368925393566,625.0,0.0,0.27533460803059273,,1.066921606118547,0.9292543021032504,0.03441682600382409,,1.5487571701720841,0.0,0.9393939393939394,1.4110898661567879,86,2,0.0796173798849888,0.1053920447199568,0.27533460803059273,70000000.0,47885764.38358746,1.4618123131389766,11484641.066854976,6.095096885702604
Eduardo Camavinga,Real Madrid,ESP,2025-2026,Centrocampista,22.0,1528,29.0,3.0006844626967832,484.0,0.0,0.11780104712041886,left,2.0026178010471205,1.8259162303664922,0.05890052356020943,182.0,0.8835078534031413,0.0,0.5517241379310345,2.1793193717277486,86,2,0.10747388645236171,0.06728761539311777,0.11780104712041886,50000000.0,24959032.988302782,2.0032827402981854,8007998.5627842,6.243757364339003
Jonathan Tah,Bayern Munich,GER,2025-2026,Defensa,29.0,2018,28.0,3.0006844626967832,841.0,0.044598612487611496,0.044598612487611496,right,1.1595639246778988,0.267591674925669,0.08919722497522299,195.0,1.1149653121902874,0.0,0.8214285714285714,0.8027750247770069,89,1,0.026234689697519877,0.0296048468211435,0.3121902874132805,28000000.0,14987456.78252552,1.8682289067646438,4468697.912157177,6.265807300114306
Leonardo Bittencourt,Werder Bremen,GER,2025-2026,Centrocampista,31.0,615,17.0,,961.0,0.14634146341463414,0.5853658536585366,right,1.024390243902439,1.6097560975609757,0.0,171.0,1.170731707317073,0.0,0.29411764705882354,1.4634146341463417,32,15,0.12914032479975282,0.03148134466169811,0.7317073170731708,900000.0,975540.0408934143,0.9225659247935803,141691.29485356147,6.3518369348671255
Marshall Munetsi,Wolves,ENG,2025-2026,Centrocampista,29.0,875,13.0,2.001368925393566,841.0,0.10285714285714287,1.44,right,1.9542857142857142,1.0285714285714285,0.10285714285714287,188.0,0.5142857142857142,0.0,0.6923076923076923,1.3371428571428572,20,20,0.03917360058852604,0.18915411095534052,0.20571428571428574,15000000.0,3632890.2648466052,4.128943872911988,2360844.3237970406,6.353659090860721
Virgil van Dijk,Liverpool,ENG,2025-2026,Defensa,34.0,3420,38.0,0.999315537303217,1156.0,0.0,0.026315789473684213,right,0.5,0.47368421052631576,0.15789473684210525,195.0,0.6842105263157895,0.0,1.0,0.39473684210526316,60,5,0.0086457056336497,0.128716751589979,0.10526315789473685,15000000.0,3467889.15773051,4.32539776150644,2355465.3384503713,6.368168427334319
Neil El Aynaoui,Roma,ITA,2025-2026,Centrocampista,24.0,999,25.0,0.999315537303217,576.0,0.18018018018018017,1.5315315315315317,right,2.0720720720720722,0.9009009009009009,0.09009009009009009,185.0,1.6216216216216217,0.0,0.32,0.9009009009009009,73,3,0.15982085251593375,0.08628221631452844,0.45045045045045046,30000000.0,11132418.71780188,2.694832161857775,4497786.542517811,6.66994747669958
Merlin Röhl,Everton,ENG,2025-2026,Centrocampista,23.0,682,16.0,3.0006844626967832,529.0,0.0,0.6598240469208212,right,2.6392961876832848,0.9237536656891495,0.13196480938416422,192.0,0.5278592375366569,0.0,0.375,1.715542521994135,49,13,0.047637928233555685,0.07372485124164663,0.0,16000000.0,4516961.603961146,3.54220411923998,2378428.4038399104,6.727131232610752
Yoane Wissa,Newcastle,ENG,2025-2026,Delantero,28.0,531,19.0,3.0006844626967832,784.0,0.1694915254237288,0.1694915254237288,right,1.0169491525423728,0.3389830508474576,0.1694915254237288,176.0,0.0,0.0,0.21052631578947367,0.847457627118644,49,12,0.02873543334209313,0.5488445088898731,0.5084745762711864,25000000.0,8147243.040268584,3.06852267404261,3711876.2232271996,6.73513837653357
Ola Aina,Nottingham,ENG,2025-2026,Defensa,28.0,1588,18.0,2.001368925393566,784.0,0.0,2.2103274559193955,right,0.7367758186397985,0.850125944584383,0.0,184.0,1.473551637279597,0.0,1.0,1.1901763224181359,44,16,0.019345579783828643,0.023214317288165278,0.17002518891687657,18000000.0,11762623.766190488,1.5302708271378798,2544620.454838225,7.073746485758071
Jude Bellingham,Real Madrid,ESP,2025-2026,Centrocampista,22.0,1916,28.0,3.0006844626967832,484.0,0.1878914405010438,0.7515657620041752,right,1.5501043841336117,2.5835073068893526,0.2818371607515658,186.0,0.6576200417536534,0.0,0.7857142857142857,1.7379958246346554,86,2,0.14270051104446294,0.3631968083859486,0.1409185803757829,160000000.0,66396742.44640134,2.4097567757809766,21580707.04904928,7.4140295605860915
Tijjani Reijnders,Manchester City,ENG,2025-2026,Centrocampista,27.0,1631,28.0,,729.0,0.1103617412630288,2.37277743715512,right,1.0484365419987738,0.8277130594727161,0.27590435315757206,178.0,0.6069895769466584,0.0,0.6785714285714286,0.2207234825260576,78,2,0.1695870486351334,0.2682848681040807,0.1103617412630288,50000000.0,29668520.851879444,1.685287926877979,6692949.965220317,7.4705474058260215
Kylian Mbappé,Real Madrid,ESP,2025-2026,Delantero,26.0,2599,31.0,3.0006844626967832,676.0,0.17314351673720663,0.9003462870334745,,0.45017314351673726,1.2466333205078877,0.8657175836860331,,0.10388611004232397,8.0,0.9354838709677419,0.03462870334744132,86,2,,,0.1385148133897653,200000000.0,132401486.46266022,1.510557059013109,26721701.57270047,7.484553311691976
Radu Drăgușin,Tottenham,ENG,2025-2026,Defensa,23.0,517,10.0,0.999315537303217,529.0,0.0,0.5222437137330754,right,1.5667311411992264,0.17408123791102514,0.0,192.0,2.7852998065764023,0.0,0.5,0.5222437137330754,41,17,0.0,0.03616721115329049,0.0,16000000.0,6985906.564024741,2.2903255079870455,2093846.4584211546,7.641439006021793
Declan Rice,Arsenal,ENG,2025-2026,Centrocampista,26.0,3094,36.0,2.001368925393566,676.0,0.14544279250161601,5.148674854557207,right,0.7563025210084033,0.31997414350355524,0.11635423400129283,188.0,0.9599224305106658,0.0,0.9722222222222222,0.9599224305106658,85,1,0.23734662939481913,0.10823738844324754,0.08726567550096961,120000000.0,79140825.2075666,1.5162844168641152,15545212.784560414,7.71941829700682
Alessandro Bastoni,Inter,ITA,2025-2026,Defensa,26.0,2239,28.0,2.001368925393566,676.0,0.160786065207682,3.4167038856632423,left,1.8088432335864224,0.80393032603841,0.0401965163019205,190.0,0.8441268423403305,0.0,1.0,1.5676641357748995,87,1,0.12875395063718498,0.06773952409698261,0.241179097811523,65000000.0,34282991.23655469,1.8959839166744847,8005419.376130043,8.1194996721611
Achraf Hakimi,PSG,FRA,2025-2026,Defensa,26.0,1375,18.0,3.0006844626967832,676.0,0.1309090909090909,2.8145454545454545,right,0.5890909090909091,1.1127272727272728,0.1309090909090909,180.0,0.72,0.0,0.8333333333333334,0.850909090909091,76,1,0.09541612858122045,0.1833914862708612,0.19636363636363638,80000000.0,16341358.574103072,4.895553796046053,9486874.39990073,8.432703610035894
Jørgen Strand Larsen,Crystal Palace,ENG,2025-2026,Delantero,25.0,903,14.0,4.0,625.0,0.0,0.0,right,2.0930232558139537,0.9966777408637875,0.29900332225913623,193.0,0.09966777408637874,0.0,0.8571428571428571,0.0,45,15,0.06842807297319471,0.6492565027082283,0.19933554817275748,40000000.0,22375829.261282846,1.7876432436500782,4672158.714746133,8.561352993799877
Rúben Dias,Manchester City,ENG,2025-2026,Defensa,28.0,2141,26.0,3.0006844626967832,784.0,0.0,0.37832788416627744,right,0.6305464736104623,0.37832788416627744,0.08407286314806164,187.0,0.966837926202709,0.0,0.9230769230769231,0.25221858944418496,78,2,0.017762508931483192,0.018372522351244574,0.12610929472209248,55000000.0,34094246.98918273,1.6131753846169457,6142487.175097688,8.954027649089117
Aleksandar Pavlovic,Bayern Munich,GER,2025-2026,Centrocampista,21.0,1462,24.0,3.0006844626967832,441.0,0.06155950752393981,0.9233926128590971,both,1.1696306429548564,0.615595075239398,0.18467852257181944,188.0,0.8002735978112175,0.0,0.6666666666666666,0.9233926128590971,89,1,0.12016584387077109,0.0953725548575743,0.12311901504787962,90000000.0,34265695.84968764,2.626533556907773,8621865.241107922,10.438576512526756
Vitinha,Genoa,ITA,2025-2026,Delantero,25.0,2226,35.0,3.0006844626967832,625.0,0.04043126684636119,2.7088948787061997,right,1.3342318059299192,2.7493261455525606,0.20215633423180593,170.0,0.5660377358490566,0.0,0.8,1.293800539083558,41,16,0.08804052038936602,0.27934761719170687,0.20215633423180593,140000000.0,10268512.667206004,13.633912187410594,12150581.220573787,11.52208256202157
Simon Adingra,Sunderland,ENG,2025-2026,Centrocampista,23.0,653,14.0,0.999315537303217,529.0,0.0,3.721286370597243,right,2.4808575803981623,0.41347626339969373,0.13782542113323124,175.0,0.27565084226646247,0.0,0.6428571428571429,1.1026033690658499,54,7,0.10093936776516996,0.04625481768735153,0.27565084226646247,22000000.0,7698311.779629362,2.8577694213703566,1829697.7730042757,12.02384367767856
Zakaria Aboukhlal,Torino,ITA,2025-2026,Centrocampista,25.0,511,15.0,3.0006844626967832,625.0,0.0,3.170254403131115,both,2.1135029354207435,1.9373776908023483,0.0,179.0,0.1761252446183953,0.0,0.4,2.1135029354207435,45,13,0.10524726875578354,0.07259486552962119,0.7045009784735812,6000000.0,2105600.439943439,2.84954347756556,478116.09137377434,12.549253430814591
Marquinhos,PSG,FRA,2025-2026,Defensa,31.0,1052,14.0,2.001368925393566,961.0,0.0,0.2566539923954373,right,0.6844106463878327,0.17110266159695817,0.0,183.0,0.5988593155893536,0.0,0.7857142857142857,0.7699619771863118,76,1,0.0028207547034884133,0.004863731258552337,0.0,28000000.0,2810637.501937118,9.962152707598236,1525768.8545249437,18.35140356742827
Antonio Sivera,Alavés,ESP,2025-2026,Portero,28.0,3420,38.0,0.999315537303217,784.0,0.0,0.0,,0.026315789473684213,0.026315789473684213,0.0,,0.0,0.0,1.0,0.026315789473684213,43,14,0.0,0.0,0.07894736842105263,6000000.0,4422443.935858215,1.3567158989513897,,
Unai Simón,Athletic Club,ESP,2025-2026,Portero,28.0,3330,37.0,3.0006844626967832,784.0,0.0,0.0,,0.0,0.2162162162162162,0.0,,0.0,0.0,1.0,0.0,45,12,0.0008618212430863767,0.0,0.027027027027027025,22000000.0,6120472.063812598,3.594493981938975,,
Jan Oblak,Atlético Madrid,ESP,2025-2026,Portero,32.0,2700,30.0,2.001368925393566,1024.0,0.0,0.0,,0.0,0.13333333333333333,0.0,,0.0,0.0,1.0,0.0,86,2,0.0,0.0,0.0,15000000.0,7358183.920224166,2.0385464895450762,,
Juan Musso,Atlético Madrid,ESP,2025-2026,Portero,31.0,720,8.0,2.001368925393566,961.0,0.0,0.0,right,0.125,0.375,0.0,193.0,0.0,0.0,1.0,0.0,86,2,0.0,0.0,0.25,3000000.0,3492795.423468195,0.8589108826251065,,
Joan García,Barcelona,ESP,2025-2026,Portero,24.0,2700,30.0,4.999315537303217,576.0,0.0,0.0,,0.0,0.13333333333333333,0.0,,0.03333333333333333,0.0,1.0,0.13333333333333333,94,1,0.0,0.0,0.03333333333333333,45000000.0,45216886.69727169,0.9952034137439901,,
Wojciech Szczęsny,Barcelona,ESP,2025-2026,Portero,35.0,720,8.0,0.999315537303217,1225.0,0.0,0.0,right,0.0,0.0,0.0,195.0,0.0,0.0,1.0,0.0,94,1,0.0,0.0,0.0,800000.0,945368.7932951878,0.8462305987608405,,
Ionuț Radu,Celta Vigo,ESP,2025-2026,Portero,28.0,3420,38.0,3.0006844626967832,784.0,0.0,0.0,,0.0,0.2105263157894737,0.0,,0.026315789473684213,0.0,1.0,0.0,54,6,0.0037905734620596234,0.0,0.052631578947368425,9000000.0,8384681.161766909,1.0733860747190802,,
Iñaki Peña,Elche,ESP,2025-2026,Portero,26.0,1440,16.0,3.0006844626967832,676.0,0.0,0.0,right,0.0,0.0625,0.0,184.0,0.0,0.0,1.0,0.0,43,13,0.025254968553781506,0.0,0.0,4000000.0,3322926.0690404125,1.2037583493860613,,
Matías Dituro,Elche,ESP,2025-2026,Portero,38.0,1980,22.0,0.999315537303217,1444.0,0.0,0.0,right,0.0,0.3181818181818182,0.0,191.0,0.045454545454545456,0.0,1.0,0.0,43,13,0.004924598996612159,0.0,0.045454545454545456,100000.0,584562.4393179247,0.17106812424808093,,
Marko Dmitrović,Espanyol,ESP,2025-2026,Portero,33.0,3330,37.0,2.001368925393566,1089.0,0.0,0.0,,0.0,0.13513513513513514,0.0,,0.0,0.0,1.0,0.05405405405405405,46,11,0.000822036451584584,0.0,0.0,700000.0,2443715.236351107,0.28644908767898103,,
David Soria,Getafe,ESP,2025-2026,Portero,32.0,3420,38.0,4.0,1024.0,0.0,0.0,,0.0,0.07894736842105263,0.0,,0.0,0.0,1.0,0.0,51,7,0.0012236921802947396,0.0,0.052631578947368425,2800000.0,3154269.8602523683,0.8876856210952021,,
Paulo Gazzaniga,Girona,ESP,2025-2026,Portero,33.0,3102,35.0,0.999315537303217,1089.0,0.0,0.0,,0.029013539651837523,0.1450676982591876,0.0,,0.0,0.0,1.0,0.029013539651837523,41,19,0.0,0.0,0.11605415860735009,1800000.0,2009434.498143914,0.8957744090004598,,
Mathew Ryan,Levante,ESP,2025-2026,Portero,33.0,3240,36.0,,1089.0,0.0,0.0,,0.0,0.027777777777777776,0.0,,0.027777777777777776,0.0,1.0,0.027777777777777776,42,18,,,0.1111111111111111,1800000.0,1523926.5507749477,1.181159288211537,,
Leo Román,Mallorca,ESP,2025-2026,Portero,25.0,2970,33.0,4.999315537303217,625.0,0.0,0.0,,0.030303030303030304,0.06060606060606061,0.0,,0.030303030303030304,0.0,1.0,0.030303030303030304,42,17,0.0,0.0,0.12121212121212122,6000000.0,9132325.668739645,0.6570067929726012,,
Lucas Bergström,Mallorca,ESP,2025-2026,Portero,22.0,450,5.0,0.999315537303217,484.0,0.0,0.0,right,0.0,0.0,0.0,205.0,0.0,0.0,1.0,0.0,42,17,0.0,0.0,0.2,1400000.0,1469585.1386844735,0.9526498078588601,,
Sergio Herrera,Osasuna,ESP,2025-2026,Portero,32.0,3284,37.0,2.001368925393566,1024.0,0.0,0.0,,0.08221680876979293,0.13702801461632155,0.0,,0.0,0.0,1.0,0.0,42,16,0.0,0.0,0.08221680876979293,2800000.0,2574894.416117048,1.0874232288803563,,
Aarón Escandell,Oviedo,ESP,2025-2026,Portero,29.0,3240,36.0,0.999315537303217,841.0,0.027777777777777776,0.0,,0.027777777777777776,0.2222222222222222,0.0,,0.0,0.0,1.0,0.0,29,20,,,0.08333333333333334,3000000.0,2328692.413235506,1.288276623803559,,
Augusto Batalla,Rayo Vallecano,ESP,2025-2026,Portero,29.0,3060,34.0,4.0,841.0,0.0,0.0,,0.029411764705882353,0.11764705882352941,0.0,,0.0,0.0,1.0,0.029411764705882353,50,8,0.001484383500235922,0.0,0.1764705882352941,6000000.0,5409859.833342006,1.1090860363924488,,
Pau López,Real Betis,ESP,2025-2026,Portero,30.0,810,9.0,3.0006844626967832,900.0,0.0,0.0,left,0.0,0.2222222222222222,0.0,189.0,0.0,0.0,1.0,0.1111111111111111,60,5,0.0,0.0,0.1111111111111111,2500000.0,2485833.9533816692,1.0056987099235086,,
Álvaro Vallés,Real Betis,ESP,2025-2026,Portero,28.0,2520,28.0,4.0,784.0,0.0,0.0,,0.0,0.14285714285714285,0.0,,0.03571428571428571,0.0,1.0,0.0,60,5,0.0,0.0,0.03571428571428571,7000000.0,9480731.338463005,0.7383396649582546,,
Andriy Lunin,Real Madrid,ESP,2025-2026,Portero,26.0,540,6.0,4.0,676.0,0.0,0.0,right,0.0,0.0,0.0,191.0,0.0,0.0,1.0,0.0,86,2,0.0,0.0,0.0,12000000.0,5817806.2918470865,2.062633129744534,,
Thibaut Courtois,Real Madrid,ESP,2025-2026,Portero,33.0,2880,32.0,0.999315537303217,1089.0,0.0,0.0,,0.03125,0.0625,0.0,,0.0,0.0,1.0,0.03125,86,2,0.0,0.0,0.03125,15000000.0,5362898.72613227,2.79699482798513,,
Álex Remiro,Real Sociedad,ESP,2025-2026,Portero,30.0,3330,37.0,0.999315537303217,900.0,0.0,0.0,,0.0,0.1891891891891892,0.0,,0.027027027027027025,0.0,1.0,0.027027027027027025,46,10,,,0.027027027027027025,9000000.0,4752046.205573408,1.8939209785974735,,
Odysseas Vlachodimos,Sevilla,ESP,2025-2026,Portero,31.0,2970,33.0,0.999315537303217,961.0,0.0,0.0,,0.0,0.06060606060606061,0.0,,0.030303030303030304,0.0,1.0,0.0,43,15,,,0.030303030303030304,3000000.0,2950109.6319276886,1.0169113606939792,,
Ørjan Nyland,Sevilla,ESP,2025-2026,Portero,34.0,450,5.0,2.001368925393566,1156.0,0.0,0.0,right,0.0,0.0,0.0,192.0,0.0,0.0,1.0,0.0,43,15,0.0,0.0,0.2,800000.0,194828.84736713985,4.106168110169343,,
Julen Agirrezabala,Valencia,ESP,2025-2026,Portero,24.0,1620,18.0,4.999315537303217,576.0,0.0,0.0,left,0.0,0.05555555555555555,0.0,187.0,0.0,0.0,1.0,0.05555555555555555,49,9,0.0007446596088508765,0.0,0.05555555555555555,9000000.0,5569094.005056204,1.6160617852434995,,
Stole Dimitrievski,Valencia,ESP,2025-2026,Portero,31.0,1800,20.0,2.001368925393566,961.0,0.0,0.0,right,0.0,0.2,0.0,188.0,0.05,0.0,1.0,0.0,49,9,0.0,0.0,0.05,2000000.0,1835954.463714307,1.0893516367251361,,
Arnau Tenas,Villarreal,ESP,2025-2026,Portero,24.0,900,10.0,0.999315537303217,576.0,0.0,0.0,right,0.0,0.1,0.0,185.0,0.0,0.0,1.0,0.1,72,3,0.0,0.0,0.0,4000000.0,7160659.47342331,0.5586077671820515,,
David Raya,Arsenal,ENG,2025-2026,Portero,29.0,3330,37.0,2.001368925393566,841.0,0.0,0.027027027027027025,right,0.0,0.3783783783783784,0.0,186.0,0.027027027027027025,0.0,1.0,0.027027027027027025,85,1,0.004037674919173524,0.0,0.027027027027027025,30000000.0,22347610.72252953,1.342425388220844,,
Emiliano Martínez,Aston Villa,ENG,2025-2026,Portero,32.0,2835,32.0,3.0006844626967832,1024.0,0.03174603174603175,0.0,right,0.0,0.5396825396825397,0.0,195.0,0.0,0.0,1.0,0.0,65,4,0.011233016375511412,0.0,0.0634920634920635,12000000.0,6988131.147281853,1.7171973088495334,,
Marco Bizot,Aston Villa,ENG,2025-2026,Portero,34.0,585,7.0,0.999315537303217,1156.0,0.0,0.0,right,0.15384615384615385,0.15384615384615385,0.0,193.0,0.0,0.0,0.8571428571428571,0.0,65,4,0.0,0.0,0.3076923076923077,1500000.0,1098590.9610216566,1.3653853465215524,,
Caoimhín Kelleher,Brentford,ENG,2025-2026,Portero,26.0,3330,37.0,4.0,676.0,0.0,0.0,right,0.08108108108108109,0.16216216216216217,0.0,188.0,0.027027027027027025,0.0,1.0,0.0,53,9,0.0028757148397129933,0.0,0.027027027027027025,28000000.0,61356240.22688979,0.4563513001523325,,
Bart Verbruggen,Brighton,ENG,2025-2026,Portero,22.0,3420,38.0,2.001368925393566,484.0,0.0,0.0,right,0.052631578947368425,0.052631578947368425,0.0,193.0,0.0,0.0,1.0,0.026315789473684213,53,8,0.002012217319325397,0.0,0.07894736842105263,40000000.0,57643222.17867068,0.6939237344507941,,
Martin Dúbravka,Burnley,ENG,2025-2026,Portero,36.0,3150,35.0,0.999315537303217,1296.0,0.0,0.0,right,0.0,0.22857142857142856,0.0,191.0,0.0,0.0,1.0,0.02857142857142857,22,19,0.0,0.0,0.02857142857142857,500000.0,1516109.475821376,0.32979148799866,,
Robert Sánchez,Chelsea,ENG,2025-2026,Portero,27.0,3039,35.0,0.999315537303217,729.0,0.029615004935834157,0.0,right,0.059230009871668314,0.384995064165844,0.0,197.0,0.029615004935834157,0.0,1.0,0.0,52,10,0.026204799249518188,0.0,0.08884501480750247,22000000.0,24835653.723830298,0.8858232702322858,,
Dean Henderson,Crystal Palace,ENG,2025-2026,Portero,28.0,3330,37.0,2.001368925393566,784.0,0.0,0.0,right,0.05405405405405405,0.13513513513513514,0.0,188.0,0.027027027027027025,0.0,1.0,0.0,45,15,0.0004182605928665883,0.0,0.13513513513513514,28000000.0,20001505.954866674,1.3998945910963854,,
Jordan Pickford,Everton,ENG,2025-2026,Portero,31.0,3420,38.0,3.0006844626967832,961.0,0.0,0.0,left,0.026315789473684213,0.15789473684210525,0.0,185.0,0.0,0.0,1.0,0.026315789473684213,49,13,0.006141355947444313,0.0,0.10526315789473685,13000000.0,8512452.341122093,1.5271744826340337,,
Bernd Leno,Fulham,ENG,2025-2026,Portero,33.0,3420,38.0,0.999315537303217,1089.0,0.0,0.0,right,0.0,0.15789473684210525,0.0,190.0,0.026315789473684213,0.0,1.0,0.026315789473684213,52,11,0.0,0.0,0.07894736842105263,6000000.0,6746270.215495358,0.8893803254750652,,
Karl Darlow,Leeds United,ENG,2025-2026,Portero,34.0,1980,22.0,2.001368925393566,1156.0,0.0,0.0,right,0.0,0.3181818181818182,0.0,190.0,0.0,0.0,1.0,0.0,47,14,0.0,0.0,0.045454545454545456,200000.0,1166670.7634298827,0.17142796945731473,,
Lucas Perri,Leeds United,ENG,2025-2026,Portero,27.0,1440,16.0,0.999315537303217,729.0,0.0,0.0,right,0.0625,0.1875,0.0,197.0,0.0,0.0,1.0,0.0,47,14,0.0,0.0,0.125,10000000.0,11269554.109728325,0.8873465536109901,,
Alisson,Liverpool,ENG,2025-2026,Portero,32.0,2340,26.0,0.999315537303217,1024.0,0.0,0.0,right,0.038461538461538464,0.2692307692307693,0.0,193.0,0.0,0.0,1.0,0.0,60,5,0.0,0.0,0.038461538461538464,15000000.0,5211973.558088637,2.8779885071981988,,
Giorgi Mamardashvili,Liverpool,ENG,2025-2026,Portero,24.0,867,10.0,4.999315537303217,576.0,0.0,0.0,left,0.10380622837370243,0.20761245674740486,0.0,197.0,0.10380622837370243,0.0,1.0,0.10380622837370243,60,5,0.0,0.0,0.0,28000000.0,22341949.0480983,1.2532478674855496,,
Gianluigi Donnarumma,Manchester City,ENG,2025-2026,Portero,26.0,3060,34.0,4.0,676.0,0.0,0.0,right,0.0,0.11764705882352941,0.0,196.0,0.029411764705882353,0.0,1.0,0.0,78,2,0.0,0.0,0.23529411764705882,45000000.0,57634515.19372528,0.7807821380772053,,
Altay Bayındır,Manchester Utd,ENG,2025-2026,Portero,27.0,540,6.0,0.999315537303217,729.0,0.0,0.0,right,0.0,0.5,0.0,198.0,0.0,0.0,1.0,0.0,78,2,,,0.0,5000000.0,18170389.859491438,0.2751729620918515,,
Senne Lammens,Manchester Utd,ENG,2025-2026,Portero,23.0,2880,32.0,4.0,529.0,0.0,0.0,right,0.0,0.125,0.0,193.0,0.0,0.0,1.0,0.03125,78,2,0.0,0.0,0.0,35000000.0,69970620.99235925,0.5002099381656478,,
Aaron Ramsdale,Newcastle,ENG,2025-2026,Portero,27.0,1004,12.0,2.001368925393566,729.0,0.0,0.0,right,0.0,0.08964143426294821,0.0,190.0,0.0,0.0,0.9166666666666666,0.0,49,12,0.00636460882912119,0.0,0.17928286852589642,12000000.0,8017347.4155667825,1.4967543974332895,,
Nick Pope,Newcastle,ENG,2025-2026,Portero,33.0,2416,27.0,0.999315537303217,1089.0,0.0,0.0,right,0.037251655629139076,0.07450331125827815,0.0,198.0,0.0,0.0,1.0,0.037251655629139076,49,12,0.0,0.004898120544308069,0.07450331125827815,5000000.0,3304688.6030937135,1.5130018590311975,,
Matz Sels,Nottingham,ENG,2025-2026,Portero,33.0,2668,31.0,2.001368925393566,1089.0,0.0,0.0,right,0.0,0.13493253373313344,0.0,191.0,0.0,0.0,0.967741935483871,0.03373313343328336,44,16,0.0,0.0,0.06746626686656672,3500000.0,3826137.1059331335,0.9147607372910402,,
Robin Roefs,Sunderland,ENG,2025-2026,Portero,22.0,3150,35.0,4.999315537303217,484.0,0.0,0.0,left,0.0,0.4,0.0,193.0,0.0,0.0,1.0,0.0,54,7,0.020152684514011657,0.0,0.11428571428571428,28000000.0,49416097.11204092,0.5666169858885397,,
Antonín Kinský,Tottenham,ENG,2025-2026,Portero,22.0,630,7.0,4.999315537303217,484.0,0.0,0.0,right,0.0,0.14285714285714285,0.0,190.0,0.0,0.0,1.0,0.0,41,17,0.0,0.0,0.14285714285714285,15000000.0,11299171.389443548,1.327530973998148,,
Guglielmo Vicario,Tottenham,ENG,2025-2026,Portero,28.0,2790,31.0,0.999315537303217,784.0,0.0,0.0,right,0.0,0.0967741935483871,0.0,194.0,0.0,0.0,1.0,0.03225806451612903,41,17,0.002318232770889036,0.0,0.03225806451612903,18000000.0,15995265.842827005,1.1253329689466842,,
Alphonse Areola,West Ham,ENG,2025-2026,Portero,32.0,1800,20.0,0.999315537303217,1024.0,0.05,0.0,right,0.05,0.05,0.0,195.0,0.05,0.0,1.0,0.0,39,18,0.0011072285473346709,0.0,0.0,4000000.0,3471408.6810118477,1.1522699767041196,,
Mads Hermansen,West Ham,ENG,2025-2026,Portero,25.0,1620,18.0,4.0,625.0,0.05555555555555555,0.0,right,0.0,0.1111111111111111,0.0,187.0,0.0,0.0,1.0,0.0,39,18,0.002066465508606699,0.0,0.0,15000000.0,16506864.977808826,0.908712830701978,,
José Sá,Wolves,ENG,2025-2026,Portero,32.0,2070,23.0,0.999315537303217,1024.0,0.0,0.0,right,0.0,0.2608695652173913,0.0,192.0,0.0,0.0,1.0,0.0,20,20,0.0036141405934872833,0.0,0.08695652173913043,3500000.0,2117828.466258023,1.6526362053222028,,
Sam Johnstone,Wolves,ENG,2025-2026,Portero,32.0,1080,12.0,0.999315537303217,1024.0,0.0,0.0,right,0.0,0.0,0.0,193.0,0.0,0.0,1.0,0.08333333333333334,20,20,0.0,0.0,0.0,2000000.0,1878809.7900478928,1.0645037143164013,,
Marco Carnesecchi,Atalanta,ITA,2025-2026,Portero,25.0,3330,37.0,2.001368925393566,625.0,0.0,0.027027027027027025,right,0.027027027027027025,0.16216216216216217,0.0,191.0,0.0,0.0,1.0,0.0,59,7,0.0,0.0,0.0,30000000.0,24169754.160108086,1.2412207340327306,,
Federico Ravaglia,Bologna,ITA,2025-2026,Portero,25.0,1470,17.0,6.0013689253935665,625.0,0.0,0.0,right,0.12244897959183673,0.1836734693877551,0.0,196.0,0.0,0.0,0.9411764705882353,0.061224489795918366,56,8,0.0,0.0,0.24489795918367346,1800000.0,15896073.806585403,0.11323550845959827,,
Elia Caprile,Cagliari,ITA,2025-2026,Portero,23.0,3420,38.0,3.0006844626967832,529.0,0.0,0.0,right,0.0,0.2105263157894737,0.0,191.0,0.0,0.0,1.0,0.0,43,14,0.003234558983852989,0.0,0.052631578947368425,15000000.0,10148929.128874183,1.4779884468130033,,
Jean Butez,Como,ITA,2025-2026,Portero,30.0,3420,38.0,4.0,900.0,0.026315789473684213,0.0,right,0.0,0.23684210526315788,0.0,189.0,0.0,0.0,1.0,0.052631578947368425,71,4,0.011873342979111171,0.0,0.07894736842105263,8000000.0,12478156.663241882,0.6411203365931746,,
Emil Audero,Cremonese,ITA,2025-2026,Portero,28.0,3060,34.0,0.999315537303217,784.0,0.0,0.0,right,0.0,0.1764705882352941,0.0,192.0,0.0,0.0,1.0,0.0,34,18,0.0,0.0,0.0,2800000.0,4626075.816139653,0.6052646154719814,,
David de Gea,Fiorentina,ITA,2025-2026,Portero,34.0,3330,37.0,2.001368925393566,1156.0,0.0,0.0,right,0.0,0.16216216216216217,0.0,192.0,0.0,0.0,1.0,0.0,42,15,0.0007128584123141057,0.0,0.0,3500000.0,1508825.0301988588,2.3196858018313162,,
Justin Bijlow,Genoa,ITA,2025-2026,Portero,27.0,1395,16.0,3.0006844626967832,729.0,0.0,0.0,right,0.06451612903225806,0.06451612903225806,0.0,188.0,0.0,0.0,1.0,0.0,41,16,0.0,0.0,0.06451612903225806,4000000.0,4677234.595091736,0.8552061947454117,,
Nicola Leali,Genoa,ITA,2025-2026,Portero,32.0,1847,22.0,2.001368925393566,1024.0,0.0,0.0,right,0.09745533297238766,0.09745533297238766,0.0,193.0,0.04872766648619383,0.0,0.9545454545454546,0.0,41,16,0.009735093956775904,0.0,0.09745533297238766,1000000.0,1820490.50380313,0.5493025082585881,,
Lorenzo Montipò,Hellas Verona,ITA,2025-2026,Portero,29.0,3150,35.0,2.001368925393566,841.0,0.02857142857142857,0.0,right,0.0,0.22857142857142856,0.0,191.0,0.0,0.0,1.0,0.0,21,19,0.006240664103201458,0.0,0.0,1200000.0,3325296.479300676,0.36087007804259463,,
Josep Martinez,Inter,ITA,2025-2026,Portero,27.0,450,5.0,3.0006844626967832,729.0,0.0,0.0,right,0.0,0.0,0.0,191.0,0.0,0.0,1.0,0.0,87,1,0.0,0.0,0.0,10000000.0,5927829.569897427,1.6869580817204628,,
Yann Sommer,Inter,ITA,2025-2026,Portero,36.0,2960,33.0,3.0006844626967832,1296.0,0.0,0.0,right,0.0,0.060810810810810814,0.0,183.0,0.0,0.0,1.0,0.0,87,1,0.0,0.0,0.0,2000000.0,6324783.357765349,0.31621636455649815,,
Mattia Perin,Juventus,ITA,2025-2026,Portero,32.0,765,9.0,3.0006844626967832,1024.0,0.0,0.0,right,0.0,0.23529411764705882,0.0,188.0,0.0,0.0,1.0,0.0,69,6,0.009618815253762639,0.0,0.0,2000000.0,2080311.5903899805,0.9613944416975896,,
Michele Di Gregorio,Juventus,ITA,2025-2026,Portero,28.0,2655,30.0,0.999315537303217,784.0,0.0,0.0,right,0.0,0.1694915254237288,0.0,187.0,0.0,0.0,0.9666666666666667,0.0,69,6,0.0,0.0,0.03389830508474576,10000000.0,13298282.600513238,0.7519768003436818,,
Edoardo Motta,Lazio,ITA,2025-2026,Portero,20.0,810,9.0,4.0,400.0,0.0,0.0,right,0.1111111111111111,0.1111111111111111,0.0,194.0,0.0,0.0,1.0,0.0,54,9,0.005116692847675747,0.0,0.1111111111111111,8000000.0,8423157.379911957,0.9497626174098174,,
Ivan Provedel,Lazio,ITA,2025-2026,Portero,31.0,2430,27.0,3.0006844626967832,961.0,0.0,0.0,right,0.0,0.07407407407407407,0.0,194.0,0.0,0.0,1.0,0.0,54,9,0.008419703554224086,0.0,0.037037037037037035,3000000.0,3706738.338573789,0.8093368686914882,,
Wladimiro Falcone,Lecce,ITA,2025-2026,Portero,30.0,3420,38.0,2.001368925393566,900.0,0.0,0.0,right,0.0,0.2105263157894737,0.0,195.0,0.0,0.0,1.0,0.052631578947368425,38,17,0.0009612100885102623,0.0,0.052631578947368425,3500000.0,3480647.3659818363,1.0055600674194425,,
Mike Maignan,Milan,ITA,2025-2026,Portero,30.0,3295,37.0,4.999315537303217,900.0,0.0,0.0,right,0.0,0.1638846737481032,0.0,191.0,0.027314112291350532,0.0,1.0,0.0,70,5,0.0,0.0,0.10925644916540213,20000000.0,10296229.07339837,1.9424587251727496,,
Alex Meret,Napoli,ITA,2025-2026,Portero,28.0,979,11.0,0.999315537303217,784.0,0.09193054136874362,0.0,left,0.09193054136874362,0.09193054136874362,0.0,190.0,0.09193054136874362,0.0,1.0,0.0,76,2,0.024930658817778326,0.0,0.09193054136874362,8000000.0,8244150.502281805,0.970385001800461,,
Vanja Milinković-Savić,Napoli,ITA,2025-2026,Portero,28.0,2430,27.0,4.0,784.0,0.037037037037037035,0.0,right,0.037037037037037035,0.2222222222222222,0.0,202.0,0.0,0.0,1.0,0.0,76,2,0.011200621448181293,0.0,0.0,20000000.0,20979451.126984537,0.9533137868547604,,
Edoardo Corvi,Parma,ITA,2025-2026,Portero,24.0,1530,17.0,3.0006844626967832,576.0,0.0,0.0,right,0.0,0.29411764705882354,0.0,187.0,0.0,0.0,1.0,0.0,45,12,0.0,0.0,0.058823529411764705,1500000.0,5997418.565750497,0.25010760605672266,,
Zion Suzuki,Parma,ITA,2025-2026,Portero,22.0,1800,20.0,,484.0,0.0,0.0,right,0.0,0.2,0.0,190.0,0.0,0.0,1.0,0.0,45,12,0.001285052113234997,0.0,0.05,30000000.0,8030286.490538242,3.73585675123145,,
Adrian Šemper,Pisa,ITA,2025-2026,Portero,27.0,2250,25.0,3.0006844626967832,729.0,0.0,0.0,right,0.0,0.24,0.0,194.0,0.0,0.0,1.0,0.0,18,20,0.0,0.0,0.0,1800000.0,3677151.829324689,0.48950929511403146,,
Simone Scuffet,Pisa,ITA,2025-2026,Portero,29.0,630,7.0,2.001368925393566,841.0,0.0,0.0,right,0.0,0.5714285714285714,0.0,193.0,0.0,0.0,1.0,0.0,18,20,0.0,0.0,0.0,900000.0,813919.7410364331,1.1057601316487957,,
Mile Svilar,Roma,ITA,2025-2026,Portero,25.0,3420,38.0,4.0,625.0,0.0,0.0,right,0.0,0.2105263157894737,0.0,189.0,0.026315789473684213,0.0,1.0,0.026315789473684213,73,3,0.0,0.0,0.0,35000000.0,33286852.61997924,1.0514661869531188,,
Arijanet Muric,Sassuolo,ITA,2025-2026,Portero,26.0,2880,32.0,,676.0,0.0,0.0,right,0.03125,0.09375,0.0,198.0,0.0,0.0,1.0,0.0,49,11,0.0010458379983901978,0.0,0.125,7500000.0,10214402.633268276,0.7342573295057436,,
Stefano Turati,Sassuolo,ITA,2025-2026,Portero,23.0,532,6.0,2.001368925393566,529.0,0.0,0.0,right,0.0,0.16917293233082706,0.0,188.0,0.16917293233082706,0.0,1.0,0.0,49,11,0.007197285645214238,0.0,0.0,3000000.0,3337315.3073235443,0.8989261498356702,,
Alberto Paleari,Torino,ITA,2025-2026,Portero,32.0,2610,29.0,0.999315537303217,1024.0,0.0,0.0,right,0.0,0.24137931034482757,0.0,193.0,0.034482758620689655,0.0,1.0,0.0,45,13,0.0,0.0,0.034482758620689655,1200000.0,2370155.5392483016,0.5062958865478431,,
Franco Israel,Torino,ITA,2025-2026,Portero,25.0,810,9.0,2.001368925393566,625.0,0.0,0.0,right,0.0,0.33333333333333337,0.0,190.0,0.0,0.0,1.0,0.0,45,13,0.0,0.0,0.1111111111111111,2500000.0,2078108.2000552204,1.2030172442096947,,
Maduka Okoye,Udinese,ITA,2025-2026,Portero,25.0,2616,30.0,2.001368925393566,625.0,0.0,0.0,right,0.06880733944954129,0.13761467889908258,0.0,198.0,0.0,0.0,1.0,0.0,50,10,0.002455083213302247,0.0,0.034403669724770644,10000000.0,9925412.350684052,1.007514816178978,,
Razvan Sava,Udinese,ITA,2025-2026,Portero,23.0,620,7.0,4.0,529.0,0.0,0.0,right,0.0,0.0,0.0,197.0,0.0,0.0,0.8571428571428571,0.0,50,10,0.0,0.0,0.14516129032258066,2500000.0,4055206.828676346,0.6164913666847471,,
Finn Dahmen,Augsburg,GER,2025-2026,Portero,27.0,3060,34.0,0.999315537303217,729.0,0.0,0.0,right,0.0,0.2647058823529412,0.0,186.0,0.0,0.0,1.0,0.0,43,9,0.008733434219132452,0.01951147528255687,0.029411764705882353,12000000.0,6144194.564727171,1.953063151497523,,
Jonas Urbig,Bayern Munich,GER,2025-2026,Portero,21.0,1111,14.0,3.0006844626967832,441.0,0.0,0.0,both,0.0,0.162016201620162,0.0,189.0,0.0,0.0,0.7857142857142857,0.0,89,1,0.008347816061158099,0.0,0.0,18000000.0,22757017.459916472,0.7909648103801238,,
Manuel Neuer,Bayern Munich,GER,2025-2026,Portero,39.0,1859,22.0,0.999315537303217,1521.0,0.0,0.0,right,0.0,0.09682625067240451,0.0,193.0,0.0,0.0,1.0,0.0,89,1,0.0,0.0,0.0,4000000.0,2278439.8365185466,1.7555872820903602,,
Gregor Kobel,Dortmund,GER,2025-2026,Portero,27.0,3060,34.0,2.001368925393566,729.0,0.0,0.0,right,0.0,0.14705882352941177,0.0,196.0,0.0,0.0,1.0,0.0,73,2,0.0,0.0,0.08823529411764705,40000000.0,17331802.751415517,2.3078961013869796,,
Kauã Santos,Frankfurt,GER,2025-2026,Portero,22.0,1084,13.0,4.0,484.0,0.0,0.0,right,0.0,0.24907749077490773,0.0,196.0,0.0,0.0,1.0,0.08302583025830258,44,8,0.0,0.0,0.0,7000000.0,7019101.837965106,0.9972785922748995,,
Michael Zetterer,Frankfurt,GER,2025-2026,Portero,30.0,1976,22.0,3.0006844626967832,900.0,0.0,0.0,both,0.0,0.2732793522267207,0.0,187.0,0.04554655870445344,0.0,0.9545454545454546,0.04554655870445344,44,8,0.0,0.0,0.04554655870445344,4000000.0,2557144.956983494,1.5642445255503046,,
Noah Atubolu,Freiburg,GER,2025-2026,Portero,23.0,3060,34.0,0.999315537303217,529.0,0.0,0.0,right,0.0,0.1764705882352941,0.0,190.0,0.029411764705882353,0.0,1.0,0.0,47,7,0.010047580444199197,0.0,0.029411764705882353,25000000.0,13869294.364896007,1.8025430380421126,,
Moritz Nicolas,Gladbach,GER,2025-2026,Portero,27.0,3060,34.0,3.0006844626967832,729.0,0.0,0.0,right,0.0,0.08823529411764705,0.0,193.0,0.0,0.0,1.0,0.029411764705882353,38,12,0.010235898744534044,0.0,0.029411764705882353,8000000.0,5273577.881867479,1.5169966537342654,,
Daniel Heuer Fernandes,Hamburger SV,GER,2025-2026,Portero,32.0,2970,33.0,2.001368925393566,1024.0,0.0,0.0,right,0.0,0.12121212121212122,0.0,188.0,0.0,0.0,1.0,0.0,38,13,0.0,0.0038815343921834774,0.09090909090909091,1200000.0,2042227.8829525958,0.5875935834668331,,
Diant Ramaj,Heidenheim,GER,2025-2026,Portero,23.0,2790,31.0,0.999315537303217,529.0,0.03225806451612903,0.0,right,0.06451612903225806,0.06451612903225806,0.0,189.0,0.0,0.0,1.0,0.0,26,17,0.009774263828031479,0.0,0.06451612903225806,7000000.0,5516828.020539193,1.2688450634928161,,
Oliver Baumann,Hoffenheim,GER,2025-2026,Portero,35.0,3060,34.0,2.001368925393566,1225.0,0.0,0.0,right,0.029411764705882353,0.1764705882352941,0.0,187.0,0.029411764705882353,0.0,1.0,0.0,61,5,0.0009788444594425313,0.0,0.08823529411764705,2500000.0,2689104.1495531453,0.9296776401968034,,
Marvin Schwäbe,Köln,GER,2025-2026,Portero,30.0,3060,34.0,0.999315537303217,900.0,0.0,0.0,right,0.029411764705882353,0.11764705882352941,0.0,190.0,0.08823529411764705,0.0,1.0,0.029411764705882353,32,14,0.010711488478323993,0.0,0.058823529411764705,3000000.0,3525195.1766577493,0.8510167096178519,,
Janis Blaswich,Leverkusen,GER,2025-2026,Portero,34.0,931,11.0,0.999315537303217,1156.0,0.0,0.0,right,0.0,0.0,0.0,193.0,0.0,0.0,0.9090909090909091,0.0,59,6,0.009492594112515065,0.0,0.09667024704618689,700000.0,1130451.2742189341,0.6192217355707375,,
Mark Flekken,Leverkusen,GER,2025-2026,Portero,32.0,2129,24.0,2.001368925393566,1024.0,0.0,0.0,both,0.0,0.12682010333489901,0.0,195.0,0.0,0.0,1.0,0.0,59,6,0.00304652077875097,0.0,0.08454673555659935,6000000.0,2655473.9859573864,2.2594836295625775,,
Daniel Batz,Mainz 05,GER,2025-2026,Portero,34.0,1890,21.0,3.0006844626967832,1156.0,0.0,0.0,both,0.0,0.04761904761904762,0.0,191.0,0.0,0.0,1.0,0.0,40,10,0.0,0.0,0.09523809523809525,350000.0,1391322.9053788765,0.251559144643486,,
Robin Zentner,Mainz 05,GER,2025-2026,Portero,30.0,876,10.0,2.001368925393566,900.0,0.0,0.0,right,0.2054794520547945,0.10273972602739725,0.0,194.0,0.0,0.0,1.0,0.0,40,10,0.0,0.0,0.2054794520547945,2500000.0,1516576.119412959,1.6484500632699581,,
Maarten Vandevoordt,RB Leipzig,GER,2025-2026,Portero,23.0,1052,12.0,4.0,529.0,0.0,0.0,right,0.0,0.08555133079847908,0.0,192.0,0.0,0.0,0.9166666666666666,0.0,65,3,0.0,0.0,0.0,15000000.0,13360904.337490676,1.1226784969869161,,
Péter Gulácsi,RB Leipzig,GER,2025-2026,Portero,35.0,2008,23.0,2.001368925393566,1225.0,0.0,0.0,right,0.0,0.0,0.0,193.0,0.0,0.0,1.0,0.0,65,3,0.0,0.0,0.044820717131474105,1000000.0,1811051.4817434633,0.5521654188633666,,
Nikola Vasilj,St Pauli,GER,2025-2026,Portero,29.0,3060,34.0,,841.0,0.0,0.0,right,0.0,0.029411764705882353,0.0,193.0,0.029411764705882353,0.0,1.0,0.029411764705882353,26,18,0.0,0.0,0.0,4500000.0,2231398.6968668075,2.0166723258907617,,
Alexander Nübel,Stuttgart,GER,2025-2026,Portero,28.0,3060,34.0,3.0006844626967832,784.0,0.029411764705882353,0.0,right,0.029411764705882353,0.2058823529411765,0.0,193.0,0.029411764705882353,0.0,1.0,0.0,62,4,0.010830588967484586,0.0,0.0,12000000.0,17229863.252511963,0.6964651909382105,,
Frederik Rønnow,Union Berlin,GER,2025-2026,Portero,32.0,2640,30.0,,1024.0,0.0,0.0,right,0.03409090909090909,0.10227272727272727,0.0,188.0,0.03409090909090909,0.0,1.0,0.03409090909090909,39,11,,,0.06818181818181818,2000000.0,2207704.8422135846,0.9059182014542639,,
Mio Backhaus,Werder Bremen,GER,2025-2026,Portero,21.0,2880,32.0,,441.0,0.0,0.0,right,0.0,0.40624999999999994,0.0,194.0,0.0,0.0,1.0,0.0,32,15,0.0,0.0,0.03125,15000000.0,7794114.825455742,1.9245289985990053,,
Kamil Grabara,Wolfsburg,GER,2025-2026,Portero,26.0,3060,34.0,0.999315537303217,676.0,0.0,0.0,right,0.0,0.058823529411764705,0.0,195.0,0.029411764705882353,0.0,1.0,0.029411764705882353,29,16,0.0011908884215004305,0.0010708608828923281,0.029411764705882353,12000000.0,6886430.632935903,1.7425573043032339,,
Hervé Koffi,Angers,FRA,2025-2026,Portero,28.0,2658,30.0,0.999315537303217,784.0,0.0,0.0,right,0.03386004514672686,0.3724604966139955,0.0,186.0,0.0,0.0,1.0,0.06772009029345372,36,13,,,0.03386004514672686,6000000.0,3356557.8597356672,1.7875455304895316,,
Donovan Léon,Auxerre,FRA,2025-2026,Portero,32.0,2460,29.0,,1024.0,0.0,0.0,right,0.10975609756097561,0.25609756097560976,0.0,187.0,0.0,0.0,1.0,0.07317073170731707,34,15,0.002373896175768317,0.0,0.036585365853658534,800000.0,1630140.0911182312,0.49075536781088674,,
Théo De Percin,Auxerre,FRA,2025-2026,Portero,24.0,598,8.0,0.999315537303217,576.0,0.0,0.0,right,0.0,0.1505016722408027,0.0,185.0,0.0,0.0,0.625,0.0,34,15,0.0,0.0,0.0,400000.0,1873296.2526122767,0.2135273582286878,,
Grégoire Coudert,Brest,FRA,2025-2026,Portero,26.0,2192,25.0,4.0,676.0,0.0,0.0,left,0.04105839416058394,0.3284671532846715,0.0,192.0,0.0,0.0,0.96,0.0,39,12,0.0,0.0,0.08211678832116788,4000000.0,6241047.964059205,0.6409180033601893,,
Radosław Majecki,Brest,FRA,2025-2026,Portero,25.0,864,10.0,0.917180013689254,625.0,0.0,0.0,right,0.10416666666666666,0.10416666666666666,0.0,193.0,0.0,0.0,1.0,0.0,39,12,,,0.0,2500000.0,3181098.1596179437,0.7858921273590171,,
Mory Diaw,Le Havre,FRA,2025-2026,Portero,32.0,2655,30.0,,1024.0,0.03389830508474576,0.0,right,0.0,0.2033898305084746,0.0,197.0,0.06779661016949153,0.0,1.0,0.0,35,14,0.009085996423737478,0.0,0.03389830508474576,900000.0,1593262.395244445,0.5648787059095299,,
Robin Risser,Lens,FRA,2025-2026,Portero,20.0,2970,33.0,4.0,400.0,0.030303030303030304,0.0,right,0.0,0.15151515151515152,0.0,193.0,0.0,0.0,1.0,0.0,70,2,0.002142900826804566,0.0,0.06060606060606061,30000000.0,29511624.663358603,1.0165485750856598,,
Berke Özer,Lille,FRA,2025-2026,Portero,25.0,2834,32.0,3.0006844626967832,625.0,0.03175723359209598,0.0,right,0.0,0.41284403669724773,0.0,191.0,0.0,0.0,1.0,0.06351446718419196,61,3,0.002609681240798894,0.0,0.1587861679604799,10000000.0,18829789.59899268,0.5310733796268738,,
Yvon Mvogo,Lorient,FRA,2025-2026,Portero,31.0,2790,31.0,0.999315537303217,961.0,0.0,0.0,right,0.0,0.12903225806451613,0.0,190.0,0.03225806451612903,0.0,1.0,0.03225806451612903,45,9,0.0026943130839255547,0.0,0.0,2500000.0,3285634.0687357932,0.7608881414362495,,
Dominik Greif,Lyon,FRA,2025-2026,Portero,28.0,2610,29.0,3.0006844626967832,784.0,0.034482758620689655,0.0,right,0.0,0.20689655172413793,0.0,197.0,0.0,0.0,1.0,0.0,60,4,0.004650546045138918,0.0,0.034482758620689655,9000000.0,11161882.309567042,0.8063156150899338,,
Rémy Descamps,Lyon,FRA,2025-2026,Portero,29.0,450,5.0,3.0006844626967832,841.0,0.0,0.0,both,0.0,0.0,0.0,196.0,0.0,0.0,1.0,0.0,60,4,0.0,0.0,0.0,1500000.0,2692537.769916915,0.5570952492325805,,
Gerónimo Rulli,Marseille,FRA,2025-2026,Portero,33.0,2610,29.0,2.001368925393566,1089.0,0.0,0.0,right,0.034482758620689655,0.48275862068965514,0.0,189.0,0.0,0.0,1.0,0.0,59,5,0.0017990615090419508,0.0025108364121667268,0.10344827586206896,6000000.0,2618925.871456681,2.291015589785564,,
Jeffrey De Lange,Marseille,FRA,2025-2026,Portero,27.0,450,5.0,0.999315537303217,729.0,0.0,0.0,right,0.0,0.0,0.0,190.0,0.0,0.0,1.0,0.0,59,5,0.020599475502967833,0.0,0.0,2500000.0,2642494.673156105,0.9460757008883903,,
Jonathan Fischer,Metz,FRA,2025-2026,Portero,23.0,2354,27.0,3.0006844626967832,529.0,0.0,0.0,left,0.0,0.15293118096856415,0.0,198.0,0.0,0.0,0.9629629629629629,0.0,17,18,0.001218108873349079,0.0,0.0,2000000.0,4113285.502602165,0.4862293168647669,,
Philipp Köhn,Monaco,FRA,2025-2026,Portero,27.0,1621,19.0,2.001368925393566,729.0,0.0,0.0,right,0.0,0.16656384947563233,0.0,190.0,0.05552128315854411,0.0,0.8947368421052632,0.0,54,7,0.0,0.0,0.05552128315854411,3500000.0,6968408.181670266,0.5022667887346807,,
Anthony Lopes,Nantes,FRA,2025-2026,Portero,34.0,2788,31.0,2.001368925393566,1156.0,0.0,0.0,left,0.032281205164992825,0.45193687230989954,0.0,184.0,0.032281205164992825,0.0,1.0,0.032281205164992825,23,17,0.0,0.006135482590918134,0.1291248206599713,900000.0,605517.6684558175,1.4863315257095093,,
Maxime Dupé,Nice,FRA,2025-2026,Portero,32.0,720,8.0,2.001368925393566,1024.0,0.0,0.0,right,0.0,0.125,0.0,188.0,0.0,0.0,1.0,0.0,32,16,0.0035924287512898445,0.0,0.0,700000.0,687132.7629668778,1.0187259838660065,,
Yehvann Diouf,Nice,FRA,2025-2026,Portero,25.0,2340,26.0,4.0,625.0,0.0,0.0,right,0.0,0.15384615384615385,0.0,188.0,0.07692307692307693,0.0,1.0,0.0,32,16,0.0,0.0,0.038461538461538464,7000000.0,7097268.253499982,0.9862949729352537,,
Lucas Chevalier,PSG,FRA,2025-2026,Portero,23.0,1530,17.0,4.0,529.0,0.0,0.0,right,0.0,0.058823529411764705,0.0,189.0,0.0,0.0,1.0,0.0,76,1,0.0,0.0,0.0,25000000.0,18161337.979151204,1.3765505618968945,,
Kevin Trapp,Paris FC,FRA,2025-2026,Portero,35.0,1980,22.0,2.001368925393566,1225.0,0.0,0.0,right,0.0,0.2727272727272727,0.0,189.0,0.045454545454545456,0.0,1.0,0.0,76,1,0.0,0.0,0.09090909090909091,1800000.0,1171585.2187481078,1.5363799160281162,,
Obed Nkambadio,Paris FC,FRA,2025-2026,Portero,22.0,1080,12.0,0.999315537303217,484.0,0.0,0.0,right,0.0,0.0,0.0,190.0,0.0,0.0,1.0,0.0,76,1,0.0005551984068006277,0.0,0.0,5000000.0,13283117.613390783,0.3764176562706539,,
Brice Samba,Rennes,FRA,2025-2026,Portero,31.0,2880,32.0,3.0006844626967832,961.0,0.0,0.0,left,0.03125,0.21875,0.0,187.0,0.0,0.0,1.0,0.03125,59,6,0.00179311673855409,0.0,0.15625,7000000.0,4041753.5096729225,1.7319215492105733,,
Mike Penders,Strasbourg,FRA,2025-2026,Portero,20.0,2970,33.0,6.0013689253935665,400.0,0.0,0.0,left,0.030303030303030304,0.06060606060606061,0.0,200.0,0.0,0.0,1.0,0.0,53,8,0.0,0.0,0.09090909090909091,25000000.0,13799325.182079019,1.8116827939142366,,
Guillaume Restes,Toulouse,FRA,2025-2026,Portero,20.0,2939,33.0,2.001368925393566,400.0,0.0,0.0,left,0.0,0.2449812861517523,0.0,188.0,0.030622660768969037,0.0,1.0,0.0,44,10,0.0018745589419545345,0.0,0.0918679823069071,18000000.0,10280125.367291627,1.7509514093350234,,
